Concurso,R1,R2,R3,R4,R5,Fecha,Sorteo
1,2,9,12,19,22,02/01/1995,EVENING
2,3,19,20,24,26,03/01/1995,EVENING
3,3,7,10,14,23,04/01/1995,EVENING
4,2,7,12,17,21,05/01/1995,EVENING
5,7,11,21,23,24,06/01/1995,EVENING
6,4,10,11,23,25,09/01/1995,EVENING
7,15,16,17,21,23,10/01/1995,EVENING
8,3,5,7,18,19,11/01/1995,EVENING
9,1,9,18,19,20,12/01/1995,EVENING
10,2,5,9,11,19,13/01/1995,EVENING
11,2,3,13,17,25,16/01/1995,EVENING
12,12,14,17,18,19,17/01/1995,EVENING
13,8,10,12,19,23,18/01/1995,EVENING
14,2,9,11,16,17,19/01/1995,EVENING
15,1,6,7,18,22,20/01/1995,EVENING
16,2,6,10,17,20,23/01/1995,EVENING
17,2,6,10,12,23,24/01/1995,EVENING
18,6,8,21,22,23,25/01/1995,EVENING
19,9,14,18,19,22,26/01/1995,EVENING
20,8,11,21,22,24,27/01/1995,EVENING
21,2,7,10,20,25,30/01/1995,EVENING
22,13,15,19,22,25,31/01/1995,EVENING
23,1,11,19,20,26,01/02/1995,EVENING
24,10,17,20,24,25,02/02/1995,EVENING
25,1,9,10,15,22,03/02/1995,EVENING
26,5,6,23,24,26,06/02/1995,EVENING
27,3,4,5,8,26,07/02/1995,EVENING
28,1,5,14,17,26,08/02/1995,EVENING
29,2,7,20,21,24,09/02/1995,EVENING
30,6,9,16,20,21,10/02/1995,EVENING
31,16,18,19,23,25,13/02/1995,EVENING
32,4,6,11,18,25,14/02/1995,EVENING
33,1,2,5,9,24,15/02/1995,EVENING
34,2,6,7,9,24,16/02/1995,EVENING
35,2,14,15,17,21,17/02/1995,EVENING
36,4,6,14,16,19,20/02/1995,EVENING
37,5,6,10,13,14,21/02/1995,EVENING
38,2,11,14,18,22,22/02/1995,EVENING
39,1,4,9,22,23,23/02/1995,EVENING
40,1,5,12,19,25,24/02/1995,EVENING
41,1,4,9,12,24,27/02/1995,EVENING
42,1,10,17,21,26,28/02/1995,EVENING
43,2,11,13,16,17,01/03/1995,EVENING
44,4,15,20,25,26,02/03/1995,EVENING
45,9,11,16,21,22,03/03/1995,EVENING
46,8,12,20,22,24,06/03/1995,EVENING
47,4,7,10,17,19,07/03/1995,EVENING
48,4,6,8,13,24,08/03/1995,EVENING
49,1,7,19,22,25,09/03/1995,EVENING
50,6,7,10,16,21,10/03/1995,EVENING
51,5,6,8,10,26,13/03/1995,EVENING
52,1,4,5,13,22,14/03/1995,EVENING
53,5,7,9,14,24,15/03/1995,EVENING
54,2,7,11,19,24,16/03/1995,EVENING
55,2,3,5,8,10,17/03/1995,EVENING
56,2,13,18,20,25,20/03/1995,EVENING
57,2,4,5,8,23,21/03/1995,EVENING
58,5,9,12,22,23,22/03/1995,EVENING
59,3,6,10,18,20,23/03/1995,EVENING
60,3,16,17,18,21,24/03/1995,EVENING
61,6,17,19,21,25,27/03/1995,EVENING
62,5,10,16,17,25,28/03/1995,EVENING
63,4,7,9,23,24,29/03/1995,EVENING
64,6,13,14,18,23,30/03/1995,EVENING
65,2,6,9,13,18,31/03/1995,EVENING
66,6,8,13,15,26,03/04/1995,EVENING
67,10,12,14,20,24,04/04/1995,EVENING
68,9,10,15,20,21,05/04/1995,EVENING
69,14,17,18,22,25,06/04/1995,EVENING
70,6,10,14,22,25,07/04/1995,EVENING
71,3,4,13,16,23,10/04/1995,EVENING
72,3,5,11,17,21,11/04/1995,EVENING
73,8,9,15,22,23,12/04/1995,EVENING
74,1,2,5,12,20,13/04/1995,EVENING
75,7,11,18,23,24,14/04/1995,EVENING
76,4,5,16,18,25,17/04/1995,EVENING
77,9,11,18,19,20,18/04/1995,EVENING
78,6,7,18,20,22,19/04/1995,EVENING
79,7,16,17,20,26,20/04/1995,EVENING
80,5,6,13,14,19,21/04/1995,EVENING
81,4,16,18,20,24,24/04/1995,EVENING
82,3,15,16,17,26,25/04/1995,EVENING
83,1,5,21,24,25,26/04/1995,EVENING
84,6,9,11,17,25,27/04/1995,EVENING
85,1,2,6,21,26,28/04/1995,EVENING
86,4,8,9,10,20,01/05/1995,EVENING
87,9,13,15,18,19,02/05/1995,EVENING
88,4,6,7,15,22,03/05/1995,EVENING
89,1,7,8,9,22,04/05/1995,EVENING
90,4,15,18,24,26,05/05/1995,EVENING
91,10,14,16,20,24,08/05/1995,EVENING
92,4,13,15,21,26,09/05/1995,EVENING
93,1,8,18,19,25,10/05/1995,EVENING
94,3,9,19,22,26,11/05/1995,EVENING
95,3,6,11,12,20,12/05/1995,EVENING
96,1,7,11,12,21,15/05/1995,EVENING
97,2,3,11,14,19,16/05/1995,EVENING
98,1,6,13,20,24,17/05/1995,EVENING
99,1,7,14,16,23,18/05/1995,EVENING
100,4,5,7,21,24,19/05/1995,EVENING
101,1,3,11,13,25,22/05/1995,EVENING
102,3,6,7,14,20,23/05/1995,EVENING
103,8,12,14,22,26,24/05/1995,EVENING
104,4,8,19,20,21,25/05/1995,EVENING
105,6,16,17,18,20,26/05/1995,EVENING
106,2,12,13,19,21,29/05/1995,EVENING
107,1,4,5,10,23,30/05/1995,EVENING
108,6,9,15,17,25,31/05/1995,EVENING
109,2,7,8,11,25,01/06/1995,EVENING
110,4,7,8,18,20,02/06/1995,EVENING
111,4,5,12,15,16,05/06/1995,EVENING
112,7,8,10,22,25,06/06/1995,EVENING
113,2,4,10,17,24,07/06/1995,EVENING
114,2,7,18,19,23,08/06/1995,EVENING
115,4,10,11,20,23,09/06/1995,EVENING
116,1,6,7,13,25,12/06/1995,EVENING
117,1,9,20,22,26,13/06/1995,EVENING
118,4,5,7,10,17,14/06/1995,EVENING
119,4,15,20,21,25,15/06/1995,EVENING
120,1,6,10,18,25,16/06/1995,EVENING
121,2,3,6,9,19,19/06/1995,EVENING
122,3,16,20,22,26,20/06/1995,EVENING
123,1,4,8,12,24,21/06/1995,EVENING
124,6,9,16,20,26,22/06/1995,EVENING
125,4,11,12,24,25,23/06/1995,EVENING
126,2,8,12,16,24,26/06/1995,EVENING
127,1,7,11,13,19,27/06/1995,EVENING
128,4,5,6,9,23,28/06/1995,EVENING
129,2,4,5,16,22,29/06/1995,EVENING
130,5,12,16,18,21,30/06/1995,EVENING
131,4,10,12,20,22,03/07/1995,EVENING
132,3,9,12,15,17,04/07/1995,EVENING
133,5,10,13,16,23,05/07/1995,EVENING
134,3,4,11,18,23,06/07/1995,EVENING
135,1,4,12,14,26,07/07/1995,EVENING
136,4,11,15,17,25,10/07/1995,EVENING
137,3,4,12,14,21,11/07/1995,EVENING
138,5,11,15,17,21,12/07/1995,EVENING
139,10,13,15,18,22,13/07/1995,EVENING
140,2,3,5,8,10,14/07/1995,EVENING
141,4,7,16,20,26,17/07/1995,EVENING
142,4,6,8,10,25,18/07/1995,EVENING
143,4,8,13,14,17,19/07/1995,EVENING
144,2,7,16,19,25,20/07/1995,EVENING
145,2,3,4,8,21,21/07/1995,EVENING
146,1,2,12,17,20,24/07/1995,EVENING
147,1,11,15,18,26,25/07/1995,EVENING
148,2,3,5,17,21,26/07/1995,EVENING
149,10,16,18,24,26,27/07/1995,EVENING
150,6,11,14,15,17,28/07/1995,EVENING
151,3,7,10,13,15,31/07/1995,EVENING
152,4,14,15,20,26,01/08/1995,EVENING
153,12,18,19,20,21,02/08/1995,EVENING
154,2,6,17,20,23,03/08/1995,EVENING
155,6,7,8,9,16,04/08/1995,EVENING
156,1,8,9,17,22,07/08/1995,EVENING
157,4,10,14,16,25,08/08/1995,EVENING
158,7,17,20,21,22,09/08/1995,EVENING
159,2,6,7,14,21,10/08/1995,EVENING
160,6,14,15,19,25,11/08/1995,EVENING
161,1,2,7,11,17,14/08/1995,EVENING
162,1,10,14,21,25,15/08/1995,EVENING
163,5,18,20,24,26,16/08/1995,EVENING
164,6,15,23,24,25,17/08/1995,EVENING
165,13,15,16,23,25,18/08/1995,EVENING
166,3,4,7,22,23,21/08/1995,EVENING
167,10,18,20,24,26,22/08/1995,EVENING
168,10,13,15,17,24,23/08/1995,EVENING
169,3,12,15,16,22,24/08/1995,EVENING
170,8,9,15,19,24,25/08/1995,EVENING
171,18,22,24,25,26,28/08/1995,EVENING
172,7,16,18,21,22,29/08/1995,EVENING
173,3,4,5,6,9,30/08/1995,EVENING
174,2,9,17,20,26,31/08/1995,EVENING
175,1,4,10,25,26,01/09/1995,EVENING
176,2,6,7,18,23,04/09/1995,EVENING
177,1,19,20,21,23,05/09/1995,EVENING
178,1,3,12,13,21,06/09/1995,EVENING
179,1,9,15,19,26,07/09/1995,EVENING
180,5,9,11,13,20,08/09/1995,EVENING
181,1,6,15,21,23,11/09/1995,EVENING
182,9,11,12,14,22,12/09/1995,EVENING
183,2,11,12,14,17,13/09/1995,EVENING
184,5,7,10,20,25,14/09/1995,EVENING
185,4,13,19,25,26,15/09/1995,EVENING
186,6,7,15,23,26,18/09/1995,EVENING
187,13,14,15,24,25,19/09/1995,EVENING
188,1,7,12,21,25,20/09/1995,EVENING
189,3,7,14,17,19,21/09/1995,EVENING
190,6,12,16,19,26,22/09/1995,EVENING
191,1,12,16,23,26,25/09/1995,EVENING
192,5,22,24,25,26,26/09/1995,EVENING
193,1,4,6,13,16,27/09/1995,EVENING
194,1,13,14,18,19,28/09/1995,EVENING
195,4,8,16,17,22,29/09/1995,EVENING
196,1,3,8,13,24,02/10/1995,EVENING
197,1,2,13,15,17,03/10/1995,EVENING
198,7,12,13,21,26,04/10/1995,EVENING
199,4,12,20,24,26,05/10/1995,EVENING
200,10,11,15,17,18,06/10/1995,EVENING
201,5,10,18,22,23,09/10/1995,EVENING
202,4,5,7,9,22,10/10/1995,EVENING
203,7,9,11,12,15,11/10/1995,EVENING
204,8,9,18,23,26,12/10/1995,EVENING
205,2,4,7,13,14,13/10/1995,EVENING
206,5,6,12,19,21,16/10/1995,EVENING
207,6,8,11,15,19,17/10/1995,EVENING
208,1,3,14,20,23,18/10/1995,EVENING
209,2,11,20,21,24,19/10/1995,EVENING
210,3,6,15,16,22,20/10/1995,EVENING
211,11,17,18,21,24,23/10/1995,EVENING
212,8,13,19,21,23,24/10/1995,EVENING
213,5,6,12,19,25,25/10/1995,EVENING
214,4,18,20,21,22,26/10/1995,EVENING
215,9,12,20,23,25,27/10/1995,EVENING
216,1,3,4,21,26,30/10/1995,EVENING
217,1,6,9,13,19,31/10/1995,EVENING
218,4,13,15,20,23,01/11/1995,EVENING
219,5,8,11,16,22,02/11/1995,EVENING
220,2,7,14,15,18,03/11/1995,EVENING
221,5,6,13,17,18,06/11/1995,EVENING
222,6,9,12,20,24,07/11/1995,EVENING
223,7,19,22,23,26,08/11/1995,EVENING
224,4,10,12,15,19,09/11/1995,EVENING
225,3,6,8,18,25,10/11/1995,EVENING
226,1,4,9,16,17,13/11/1995,EVENING
227,12,17,20,22,25,14/11/1995,EVENING
228,1,2,9,20,26,15/11/1995,EVENING
229,6,8,13,19,25,16/11/1995,EVENING
230,2,10,20,22,26,17/11/1995,EVENING
231,1,7,8,21,22,20/11/1995,EVENING
232,9,10,15,21,25,21/11/1995,EVENING
233,1,2,5,7,24,22/11/1995,EVENING
234,12,17,21,23,24,23/11/1995,EVENING
235,8,10,15,19,22,24/11/1995,EVENING
236,1,3,9,16,23,27/11/1995,EVENING
237,3,8,15,21,23,28/11/1995,EVENING
238,10,11,16,20,24,29/11/1995,EVENING
239,4,6,11,20,22,30/11/1995,EVENING
240,4,8,10,11,23,01/12/1995,EVENING
241,2,4,10,13,17,04/12/1995,EVENING
242,3,9,12,15,26,05/12/1995,EVENING
243,3,9,11,14,17,06/12/1995,EVENING
244,4,7,15,20,25,07/12/1995,EVENING
245,6,9,17,25,26,08/12/1995,EVENING
246,19,20,24,25,26,11/12/1995,EVENING
247,4,12,13,17,26,12/12/1995,EVENING
248,2,5,10,13,23,13/12/1995,EVENING
249,4,5,7,19,20,14/12/1995,EVENING
250,6,9,18,19,24,15/12/1995,EVENING
251,2,8,9,10,26,18/12/1995,EVENING
252,1,7,10,13,15,19/12/1995,EVENING
253,1,2,7,11,15,20/12/1995,EVENING
254,6,10,12,15,20,21/12/1995,EVENING
255,9,13,20,24,26,22/12/1995,EVENING
256,4,10,11,12,25,25/12/1995,EVENING
257,3,9,10,12,17,26/12/1995,EVENING
258,3,14,15,17,21,27/12/1995,EVENING
259,9,11,15,20,25,28/12/1995,EVENING
260,1,9,16,18,19,29/12/1995,EVENING
261,2,5,6,22,23,01/01/1996,EVENING
262,15,17,23,24,25,02/01/1996,EVENING
263,8,16,17,18,19,03/01/1996,EVENING
264,4,11,17,25,26,04/01/1996,EVENING
265,6,7,19,20,22,05/01/1996,EVENING
266,4,9,10,13,20,08/01/1996,EVENING
267,2,8,12,18,21,09/01/1996,EVENING
268,7,12,21,23,26,10/01/1996,EVENING
269,4,5,9,11,16,11/01/1996,EVENING
270,3,9,12,15,21,12/01/1996,EVENING
271,1,11,12,14,23,15/01/1996,EVENING
272,1,3,9,10,11,16/01/1996,EVENING
273,1,5,6,10,23,17/01/1996,EVENING
274,15,21,22,24,26,18/01/1996,EVENING
275,8,9,13,15,22,19/01/1996,EVENING
276,9,11,16,19,20,22/01/1996,EVENING
277,1,3,13,23,25,23/01/1996,EVENING
278,1,14,16,20,25,24/01/1996,EVENING
279,9,11,12,17,20,25/01/1996,EVENING
280,3,4,6,18,26,26/01/1996,EVENING
281,3,5,7,10,24,29/01/1996,EVENING
282,7,10,16,21,23,30/01/1996,EVENING
283,2,4,5,15,22,31/01/1996,EVENING
284,3,4,6,21,23,01/02/1996,EVENING
285,5,12,14,18,22,02/02/1996,EVENING
286,2,6,7,11,21,05/02/1996,EVENING
287,3,9,12,14,15,06/02/1996,EVENING
288,2,4,12,19,24,07/02/1996,EVENING
289,2,4,12,16,20,08/02/1996,EVENING
290,13,16,19,22,26,09/02/1996,EVENING
291,6,11,13,16,25,12/02/1996,EVENING
292,2,13,16,20,26,13/02/1996,EVENING
293,2,7,13,15,20,14/02/1996,EVENING
294,2,16,17,18,19,15/02/1996,EVENING
295,7,11,13,15,16,16/02/1996,EVENING
296,8,11,16,18,19,19/02/1996,EVENING
297,1,12,18,20,21,20/02/1996,EVENING
298,5,8,14,17,23,21/02/1996,EVENING
299,5,9,11,16,21,22/02/1996,EVENING
300,5,9,11,14,20,23/02/1996,EVENING
301,5,9,20,22,25,26/02/1996,EVENING
302,3,10,18,21,23,27/02/1996,EVENING
303,11,13,18,22,26,28/02/1996,EVENING
304,3,9,16,19,22,29/02/1996,EVENING
305,6,10,11,16,25,01/03/1996,EVENING
306,4,6,8,10,23,04/03/1996,EVENING
307,2,15,21,24,26,05/03/1996,EVENING
308,11,16,18,20,21,06/03/1996,EVENING
309,13,14,19,20,22,07/03/1996,EVENING
310,5,6,8,13,26,08/03/1996,EVENING
311,1,9,16,19,24,11/03/1996,EVENING
312,3,12,13,16,22,12/03/1996,EVENING
313,8,12,18,20,23,13/03/1996,EVENING
314,3,5,6,12,18,14/03/1996,EVENING
315,1,6,9,14,26,15/03/1996,EVENING
316,6,8,13,23,26,18/03/1996,EVENING
317,3,5,8,12,26,19/03/1996,EVENING
318,5,9,10,11,15,20/03/1996,EVENING
319,1,8,11,12,25,21/03/1996,EVENING
320,4,10,11,16,19,22/03/1996,EVENING
321,2,4,13,16,23,25/03/1996,EVENING
322,1,8,11,20,24,26/03/1996,EVENING
323,10,11,16,22,24,27/03/1996,EVENING
324,5,10,20,21,23,28/03/1996,EVENING
325,2,11,14,16,17,29/03/1996,EVENING
326,3,9,16,19,24,01/04/1996,EVENING
327,1,7,15,25,26,02/04/1996,EVENING
328,5,8,10,13,25,03/04/1996,EVENING
329,3,7,8,20,24,04/04/1996,EVENING
330,5,7,12,24,26,05/04/1996,EVENING
331,3,4,12,22,24,08/04/1996,EVENING
332,7,11,13,16,19,09/04/1996,EVENING
333,2,9,14,22,26,10/04/1996,EVENING
334,2,4,13,21,22,11/04/1996,EVENING
335,3,7,9,15,21,12/04/1996,EVENING
336,3,6,9,10,20,15/04/1996,EVENING
337,4,13,16,17,26,16/04/1996,EVENING
338,2,5,16,19,22,17/04/1996,EVENING
339,12,14,22,24,26,18/04/1996,EVENING
340,8,9,10,13,15,19/04/1996,EVENING
341,7,11,17,21,26,22/04/1996,EVENING
342,1,7,9,10,17,23/04/1996,EVENING
343,2,6,7,14,19,24/04/1996,EVENING
344,3,10,21,23,25,25/04/1996,EVENING
345,8,12,17,19,23,26/04/1996,EVENING
346,1,3,17,19,23,29/04/1996,EVENING
347,8,9,19,20,21,30/04/1996,EVENING
348,1,12,13,17,21,01/05/1996,EVENING
349,5,14,16,21,24,02/05/1996,EVENING
350,5,9,20,23,24,03/05/1996,EVENING
351,10,17,23,24,25,06/05/1996,EVENING
352,8,9,17,24,25,07/05/1996,EVENING
353,2,10,12,14,23,08/05/1996,EVENING
354,4,19,21,22,26,09/05/1996,EVENING
355,4,9,12,25,26,10/05/1996,EVENING
356,1,4,5,15,18,13/05/1996,EVENING
357,4,5,7,22,26,14/05/1996,EVENING
358,8,11,14,17,25,15/05/1996,EVENING
359,1,3,11,21,22,16/05/1996,EVENING
360,3,4,6,16,17,17/05/1996,EVENING
361,3,8,16,23,26,20/05/1996,EVENING
362,15,17,22,24,25,21/05/1996,EVENING
363,13,15,19,21,23,22/05/1996,EVENING
364,3,4,16,18,25,23/05/1996,EVENING
365,1,7,10,20,25,24/05/1996,EVENING
366,3,6,11,24,26,27/05/1996,EVENING
367,3,5,15,17,26,28/05/1996,EVENING
368,1,4,12,14,22,29/05/1996,EVENING
369,5,13,18,20,22,30/05/1996,EVENING
370,2,5,11,20,25,31/05/1996,EVENING
371,8,17,21,22,26,03/06/1996,EVENING
372,1,4,12,16,26,04/06/1996,EVENING
373,3,7,21,22,26,05/06/1996,EVENING
374,10,17,21,22,23,06/06/1996,EVENING
375,7,9,16,23,25,07/06/1996,EVENING
376,6,7,9,21,23,10/06/1996,EVENING
377,5,9,14,17,26,11/06/1996,EVENING
378,5,8,17,21,26,12/06/1996,EVENING
379,3,6,8,23,24,13/06/1996,EVENING
380,3,6,8,15,21,14/06/1996,EVENING
381,6,9,19,21,22,17/06/1996,EVENING
382,6,7,14,21,26,18/06/1996,EVENING
383,1,2,4,19,26,19/06/1996,EVENING
384,1,14,15,18,24,20/06/1996,EVENING
385,8,10,11,12,25,21/06/1996,EVENING
386,3,9,11,16,23,24/06/1996,EVENING
387,2,6,15,17,22,25/06/1996,EVENING
388,1,15,20,21,25,26/06/1996,EVENING
389,6,7,11,23,24,27/06/1996,EVENING
390,4,10,11,17,23,28/06/1996,EVENING
391,10,12,15,24,26,01/07/1996,EVENING
392,9,13,18,23,26,02/07/1996,EVENING
393,9,11,15,17,19,03/07/1996,EVENING
394,2,6,8,9,25,04/07/1996,EVENING
395,8,13,15,18,22,05/07/1996,EVENING
396,15,16,20,24,25,08/07/1996,EVENING
397,2,5,6,9,15,09/07/1996,EVENING
398,2,4,17,18,22,10/07/1996,EVENING
399,2,3,8,11,26,11/07/1996,EVENING
400,8,9,19,22,23,12/07/1996,EVENING
401,1,2,4,20,25,15/07/1996,EVENING
402,9,10,18,21,25,16/07/1996,EVENING
403,1,7,10,19,22,17/07/1996,EVENING
404,3,8,18,22,23,18/07/1996,EVENING
405,1,5,11,12,26,19/07/1996,EVENING
406,6,11,14,19,24,22/07/1996,EVENING
407,3,5,16,21,23,23/07/1996,EVENING
408,5,10,20,21,24,24/07/1996,EVENING
409,7,8,11,19,20,25/07/1996,EVENING
410,2,5,8,21,24,26/07/1996,EVENING
411,7,9,14,15,17,29/07/1996,EVENING
412,1,3,5,7,22,30/07/1996,EVENING
413,4,10,13,16,18,31/07/1996,EVENING
414,10,11,15,16,18,01/08/1996,EVENING
415,2,5,7,14,16,02/08/1996,EVENING
416,5,6,13,25,26,05/08/1996,EVENING
417,8,11,15,22,25,06/08/1996,EVENING
418,4,14,15,18,26,07/08/1996,EVENING
419,1,8,10,12,18,08/08/1996,EVENING
420,3,11,20,21,22,09/08/1996,EVENING
421,1,3,5,8,21,12/08/1996,EVENING
422,2,6,10,15,17,13/08/1996,EVENING
423,2,4,12,16,19,14/08/1996,EVENING
424,3,8,13,16,21,15/08/1996,EVENING
425,2,9,11,19,21,16/08/1996,EVENING
426,13,14,18,22,26,19/08/1996,EVENING
427,5,13,16,17,19,20/08/1996,EVENING
428,4,8,14,18,24,21/08/1996,EVENING
429,5,7,9,18,21,22/08/1996,EVENING
430,5,11,18,20,24,23/08/1996,EVENING
431,1,7,15,17,22,26/08/1996,EVENING
432,1,5,6,13,22,27/08/1996,EVENING
433,2,18,20,22,26,28/08/1996,EVENING
434,1,9,14,18,21,29/08/1996,EVENING
435,3,5,11,20,21,30/08/1996,EVENING
436,7,10,11,19,24,02/09/1996,EVENING
437,2,15,16,25,26,03/09/1996,EVENING
438,7,14,17,18,26,04/09/1996,EVENING
439,3,5,8,15,21,05/09/1996,EVENING
440,6,13,17,19,24,06/09/1996,EVENING
441,9,12,14,21,23,09/09/1996,EVENING
442,1,3,15,16,24,10/09/1996,EVENING
443,3,17,19,25,26,11/09/1996,EVENING
444,2,6,9,13,21,12/09/1996,EVENING
445,3,9,17,18,22,13/09/1996,EVENING
446,5,9,10,16,23,16/09/1996,EVENING
447,1,5,7,17,26,17/09/1996,EVENING
448,3,7,9,16,26,18/09/1996,EVENING
449,3,5,12,14,17,19/09/1996,EVENING
450,5,6,12,17,18,20/09/1996,EVENING
451,2,4,10,18,23,23/09/1996,EVENING
452,5,8,9,24,25,24/09/1996,EVENING
453,1,3,4,6,24,25/09/1996,EVENING
454,7,15,17,18,23,26/09/1996,EVENING
455,5,9,12,15,21,27/09/1996,EVENING
456,5,13,17,20,24,30/09/1996,EVENING
457,3,7,8,15,26,01/10/1996,EVENING
458,2,7,9,24,26,02/10/1996,EVENING
459,2,5,11,17,23,03/10/1996,EVENING
460,2,10,11,23,25,04/10/1996,EVENING
461,1,5,11,16,26,07/10/1996,EVENING
462,6,8,13,18,21,08/10/1996,EVENING
463,3,4,5,9,19,09/10/1996,EVENING
464,5,9,10,22,25,10/10/1996,EVENING
465,6,13,16,22,23,11/10/1996,EVENING
466,1,2,14,22,23,14/10/1996,EVENING
467,5,6,8,13,24,15/10/1996,EVENING
468,5,8,14,15,25,16/10/1996,EVENING
469,5,6,7,12,19,17/10/1996,EVENING
470,3,4,16,20,23,18/10/1996,EVENING
471,7,9,10,17,25,21/10/1996,EVENING
472,6,7,11,17,20,22/10/1996,EVENING
473,12,15,19,21,24,23/10/1996,EVENING
474,3,11,12,16,19,24/10/1996,EVENING
475,5,22,23,25,26,25/10/1996,EVENING
476,5,6,10,22,24,28/10/1996,EVENING
477,2,8,9,16,23,29/10/1996,EVENING
478,8,14,16,23,26,30/10/1996,EVENING
479,5,10,13,17,26,31/10/1996,EVENING
480,3,7,12,18,24,01/11/1996,EVENING
481,1,7,21,22,24,04/11/1996,EVENING
482,1,11,20,23,26,05/11/1996,EVENING
483,5,18,21,23,26,06/11/1996,EVENING
484,1,6,18,19,23,07/11/1996,EVENING
485,3,18,22,25,26,08/11/1996,EVENING
486,12,13,15,16,22,11/11/1996,EVENING
487,1,13,14,18,22,12/11/1996,EVENING
488,3,4,16,20,22,13/11/1996,EVENING
489,1,3,10,11,24,14/11/1996,EVENING
490,2,5,7,8,22,15/11/1996,EVENING
491,1,3,6,18,23,18/11/1996,EVENING
492,2,4,6,12,17,19/11/1996,EVENING
493,7,10,22,23,24,20/11/1996,EVENING
494,6,12,17,24,25,21/11/1996,EVENING
495,1,3,15,19,23,22/11/1996,EVENING
496,8,9,11,21,24,25/11/1996,EVENING
497,1,11,19,23,26,26/11/1996,EVENING
498,3,7,13,25,26,27/11/1996,EVENING
499,2,5,10,11,25,28/11/1996,EVENING
500,13,14,18,23,26,29/11/1996,EVENING
501,4,5,9,16,21,02/12/1996,EVENING
502,15,16,17,18,23,03/12/1996,EVENING
503,6,7,21,22,25,04/12/1996,EVENING
504,7,10,14,19,25,05/12/1996,EVENING
505,4,11,18,24,26,06/12/1996,EVENING
506,1,2,9,22,24,09/12/1996,EVENING
507,1,16,19,21,25,10/12/1996,EVENING
508,1,7,16,25,26,11/12/1996,EVENING
509,5,8,17,23,24,12/12/1996,EVENING
510,1,3,4,18,21,13/12/1996,EVENING
511,2,3,9,21,24,16/12/1996,EVENING
512,5,6,10,18,23,17/12/1996,EVENING
513,10,11,16,19,21,18/12/1996,EVENING
514,8,21,22,24,26,19/12/1996,EVENING
515,4,8,13,15,24,20/12/1996,EVENING
516,1,3,5,11,17,23/12/1996,EVENING
517,4,5,15,16,17,24/12/1996,EVENING
518,1,4,12,21,22,25/12/1996,EVENING
519,6,11,12,14,21,26/12/1996,EVENING
520,1,3,12,13,16,27/12/1996,EVENING
521,2,9,17,18,24,30/12/1996,EVENING
522,2,9,14,20,24,31/12/1996,EVENING
523,8,11,13,15,21,01/01/1997,EVENING
524,3,6,7,9,10,02/01/1997,EVENING
525,2,3,5,8,15,03/01/1997,EVENING
526,2,13,16,17,21,06/01/1997,EVENING
527,9,13,17,22,24,07/01/1997,EVENING
528,12,16,17,20,21,08/01/1997,EVENING
529,3,7,14,20,25,09/01/1997,EVENING
530,3,4,6,15,26,10/01/1997,EVENING
531,9,15,17,20,24,13/01/1997,EVENING
532,1,2,5,16,24,14/01/1997,EVENING
533,6,7,8,10,18,15/01/1997,EVENING
534,3,9,15,25,26,16/01/1997,EVENING
535,5,6,12,17,18,17/01/1997,EVENING
536,1,4,15,17,25,20/01/1997,EVENING
537,13,16,19,20,22,21/01/1997,EVENING
538,12,13,15,19,21,22/01/1997,EVENING
539,4,7,16,22,26,23/01/1997,EVENING
540,6,11,15,18,20,24/01/1997,EVENING
541,3,11,12,19,26,27/01/1997,EVENING
542,2,9,12,22,23,28/01/1997,EVENING
543,4,7,16,17,18,29/01/1997,EVENING
544,1,3,14,15,22,30/01/1997,EVENING
545,13,14,16,22,24,31/01/1997,EVENING
546,1,3,12,17,23,03/02/1997,EVENING
547,4,7,9,10,23,04/02/1997,EVENING
548,3,9,10,11,15,05/02/1997,EVENING
549,2,4,15,20,24,06/02/1997,EVENING
550,4,6,11,21,25,07/02/1997,EVENING
551,9,10,17,18,26,10/02/1997,EVENING
552,1,2,6,10,21,11/02/1997,EVENING
553,10,12,18,20,26,12/02/1997,EVENING
554,6,9,10,15,26,13/02/1997,EVENING
555,4,5,7,15,18,14/02/1997,EVENING
556,5,12,19,20,23,17/02/1997,EVENING
557,3,9,22,24,25,18/02/1997,EVENING
558,1,9,13,18,25,19/02/1997,EVENING
559,2,5,7,8,15,20/02/1997,EVENING
560,3,7,9,21,23,21/02/1997,EVENING
561,2,19,21,23,25,24/02/1997,EVENING
562,8,11,21,24,25,25/02/1997,EVENING
563,7,12,13,24,26,26/02/1997,EVENING
564,5,11,14,15,19,27/02/1997,EVENING
565,7,8,21,24,25,28/02/1997,EVENING
566,2,8,14,23,24,03/03/1997,EVENING
567,2,6,14,16,17,04/03/1997,EVENING
568,9,10,17,22,26,05/03/1997,EVENING
569,6,13,16,25,26,06/03/1997,EVENING
570,17,19,20,22,25,07/03/1997,EVENING
571,9,10,15,17,18,10/03/1997,EVENING
572,1,7,13,19,23,11/03/1997,EVENING
573,9,11,12,15,26,12/03/1997,EVENING
574,6,17,21,23,26,13/03/1997,EVENING
575,7,11,15,23,24,14/03/1997,EVENING
576,5,8,12,15,23,17/03/1997,EVENING
577,7,8,12,16,19,18/03/1997,EVENING
578,1,2,8,9,19,19/03/1997,EVENING
579,3,5,7,18,22,20/03/1997,EVENING
580,4,7,14,24,25,21/03/1997,EVENING
581,1,7,19,23,26,24/03/1997,EVENING
582,3,5,8,9,23,25/03/1997,EVENING
583,2,13,14,19,26,26/03/1997,EVENING
584,1,5,8,10,22,27/03/1997,EVENING
585,1,2,3,18,23,28/03/1997,EVENING
586,6,9,11,17,26,31/03/1997,EVENING
587,4,11,14,15,24,01/04/1997,EVENING
588,2,9,10,14,18,02/04/1997,EVENING
589,4,10,15,17,22,03/04/1997,EVENING
590,1,8,10,14,26,04/04/1997,EVENING
591,3,4,6,7,18,07/04/1997,EVENING
592,1,11,13,16,23,08/04/1997,EVENING
593,6,8,16,19,22,09/04/1997,EVENING
594,7,10,16,22,25,10/04/1997,EVENING
595,6,12,14,22,24,11/04/1997,EVENING
596,5,9,14,16,21,14/04/1997,EVENING
597,5,15,18,20,24,15/04/1997,EVENING
598,6,14,19,24,26,16/04/1997,EVENING
599,1,3,5,16,20,17/04/1997,EVENING
600,5,8,18,20,23,18/04/1997,EVENING
601,8,11,18,22,26,21/04/1997,EVENING
602,1,7,14,16,19,22/04/1997,EVENING
603,1,3,5,9,15,23/04/1997,EVENING
604,5,14,18,19,22,24/04/1997,EVENING
605,4,6,8,10,22,25/04/1997,EVENING
606,2,10,16,20,23,28/04/1997,EVENING
607,3,5,16,19,26,29/04/1997,EVENING
608,9,11,14,19,24,30/04/1997,EVENING
609,2,6,7,11,21,01/05/1997,EVENING
610,1,9,11,18,20,02/05/1997,EVENING
611,2,4,5,18,22,05/05/1997,EVENING
612,9,10,18,19,23,06/05/1997,EVENING
613,4,7,12,17,23,07/05/1997,EVENING
614,3,6,9,10,11,08/05/1997,EVENING
615,4,8,10,22,23,09/05/1997,EVENING
616,3,4,8,14,22,12/05/1997,EVENING
617,1,3,4,9,24,13/05/1997,EVENING
618,3,18,19,20,25,14/05/1997,EVENING
619,2,14,22,24,26,15/05/1997,EVENING
620,4,6,7,10,17,16/05/1997,EVENING
621,1,3,19,23,24,19/05/1997,EVENING
622,1,4,10,18,26,20/05/1997,EVENING
623,4,14,18,20,23,21/05/1997,EVENING
624,4,7,9,13,15,22/05/1997,EVENING
625,3,9,16,22,24,23/05/1997,EVENING
626,1,6,13,16,24,26/05/1997,EVENING
627,3,6,14,19,20,27/05/1997,EVENING
628,7,9,23,24,26,28/05/1997,EVENING
629,8,9,12,13,20,29/05/1997,EVENING
630,1,4,11,14,19,30/05/1997,EVENING
631,12,15,19,20,23,02/06/1997,EVENING
632,1,9,16,22,23,03/06/1997,EVENING
633,9,10,11,12,15,04/06/1997,EVENING
634,11,12,14,15,25,05/06/1997,EVENING
635,6,14,16,17,18,06/06/1997,EVENING
636,1,2,3,6,22,09/06/1997,EVENING
637,1,13,16,21,26,10/06/1997,EVENING
638,6,13,14,17,21,11/06/1997,EVENING
639,7,21,22,24,25,12/06/1997,EVENING
640,5,7,14,21,24,13/06/1997,EVENING
641,9,10,17,22,25,16/06/1997,EVENING
642,7,14,18,24,26,17/06/1997,EVENING
643,10,14,21,23,25,18/06/1997,EVENING
644,5,6,10,20,21,19/06/1997,EVENING
645,2,3,4,15,17,20/06/1997,EVENING
646,8,15,19,20,26,23/06/1997,EVENING
647,1,7,9,17,19,24/06/1997,EVENING
648,3,6,11,19,21,25/06/1997,EVENING
649,3,4,8,9,25,26/06/1997,EVENING
650,6,12,15,19,23,27/06/1997,EVENING
651,3,6,11,17,21,30/06/1997,EVENING
652,2,9,14,15,19,01/07/1997,EVENING
653,5,6,8,12,22,02/07/1997,EVENING
654,5,10,11,15,24,03/07/1997,EVENING
655,3,5,9,18,19,04/07/1997,EVENING
656,8,14,19,21,23,07/07/1997,EVENING
657,3,10,17,24,26,08/07/1997,EVENING
658,2,4,13,14,26,09/07/1997,EVENING
659,3,9,16,18,23,10/07/1997,EVENING
660,3,4,13,23,25,11/07/1997,EVENING
661,4,7,9,15,24,14/07/1997,EVENING
662,1,7,12,23,25,15/07/1997,EVENING
663,4,11,14,22,23,16/07/1997,EVENING
664,3,5,12,13,21,17/07/1997,EVENING
665,1,5,8,15,16,18/07/1997,EVENING
666,2,14,18,21,23,21/07/1997,EVENING
667,5,9,11,18,22,22/07/1997,EVENING
668,6,7,9,11,15,23/07/1997,EVENING
669,2,4,5,7,9,24/07/1997,EVENING
670,5,17,18,23,25,25/07/1997,EVENING
671,10,11,13,20,23,28/07/1997,EVENING
672,3,17,21,22,23,29/07/1997,EVENING
673,9,10,11,15,17,30/07/1997,EVENING
674,3,4,10,11,17,31/07/1997,EVENING
675,3,4,5,6,16,01/08/1997,EVENING
676,1,7,17,19,26,04/08/1997,EVENING
677,1,9,15,25,26,05/08/1997,EVENING
678,2,4,13,18,21,06/08/1997,EVENING
679,15,16,18,19,20,07/08/1997,EVENING
680,11,17,19,24,25,08/08/1997,EVENING
681,5,6,11,17,26,11/08/1997,EVENING
682,7,10,11,12,13,12/08/1997,EVENING
683,2,6,10,12,22,13/08/1997,EVENING
684,10,11,12,15,21,14/08/1997,EVENING
685,3,4,10,11,15,15/08/1997,EVENING
686,4,19,20,23,24,18/08/1997,EVENING
687,1,10,15,23,24,19/08/1997,EVENING
688,2,3,11,15,16,20/08/1997,EVENING
689,7,17,19,22,26,21/08/1997,EVENING
690,4,7,12,15,23,22/08/1997,EVENING
691,1,11,13,21,25,25/08/1997,EVENING
692,3,8,12,15,17,26/08/1997,EVENING
693,10,13,19,21,25,27/08/1997,EVENING
694,1,6,9,15,26,28/08/1997,EVENING
695,6,10,11,12,16,29/08/1997,EVENING
696,2,3,17,22,23,01/09/1997,EVENING
697,1,10,11,14,26,02/09/1997,EVENING
698,6,12,16,18,20,03/09/1997,EVENING
699,4,19,21,24,25,04/09/1997,EVENING
700,4,9,13,23,26,05/09/1997,EVENING
701,2,10,16,19,25,08/09/1997,EVENING
702,2,3,11,14,21,09/09/1997,EVENING
703,2,5,9,11,15,10/09/1997,EVENING
704,6,9,15,17,21,11/09/1997,EVENING
705,5,8,16,25,26,12/09/1997,EVENING
706,3,4,15,17,18,15/09/1997,EVENING
707,11,13,16,19,20,16/09/1997,EVENING
708,8,9,11,12,25,17/09/1997,EVENING
709,3,12,14,21,25,18/09/1997,EVENING
710,1,6,11,15,25,19/09/1997,EVENING
711,6,8,10,14,17,22/09/1997,EVENING
712,9,13,15,20,26,23/09/1997,EVENING
713,3,10,19,22,26,24/09/1997,EVENING
714,3,8,12,16,24,25/09/1997,EVENING
715,1,8,19,22,23,26/09/1997,EVENING
716,10,12,17,18,26,29/09/1997,EVENING
717,5,7,11,19,24,30/09/1997,EVENING
718,1,11,13,20,23,01/10/1997,EVENING
719,2,5,6,9,15,02/10/1997,EVENING
720,1,7,12,23,24,03/10/1997,EVENING
721,7,16,19,21,26,06/10/1997,EVENING
722,9,15,19,22,23,07/10/1997,EVENING
723,2,10,15,17,26,08/10/1997,EVENING
724,14,16,18,23,26,09/10/1997,EVENING
725,1,6,8,17,21,10/10/1997,EVENING
726,6,17,22,23,24,13/10/1997,EVENING
727,4,8,13,15,24,14/10/1997,EVENING
728,3,12,13,14,18,15/10/1997,EVENING
729,1,11,17,18,26,16/10/1997,EVENING
730,8,12,16,20,26,17/10/1997,EVENING
731,3,4,6,13,24,20/10/1997,EVENING
732,7,10,12,20,23,21/10/1997,EVENING
733,5,13,16,22,23,22/10/1997,EVENING
734,6,14,15,16,22,23/10/1997,EVENING
735,4,9,16,19,22,24/10/1997,EVENING
736,4,5,9,16,20,27/10/1997,EVENING
737,8,11,18,22,26,28/10/1997,EVENING
738,1,4,7,11,26,29/10/1997,EVENING
739,4,5,12,23,25,30/10/1997,EVENING
740,1,3,11,12,15,31/10/1997,EVENING
741,4,11,17,22,23,03/11/1997,EVENING
742,2,3,10,12,14,04/11/1997,EVENING
743,12,18,21,24,26,05/11/1997,EVENING
744,5,7,13,14,22,06/11/1997,EVENING
745,7,8,13,16,21,07/11/1997,EVENING
746,9,10,14,21,26,10/11/1997,EVENING
747,1,2,8,17,22,11/11/1997,EVENING
748,1,10,16,17,18,12/11/1997,EVENING
749,2,13,15,17,23,13/11/1997,EVENING
750,3,4,15,21,22,14/11/1997,EVENING
751,2,6,21,25,26,17/11/1997,EVENING
752,8,9,15,23,24,18/11/1997,EVENING
753,2,3,6,11,22,19/11/1997,EVENING
754,10,12,13,17,25,20/11/1997,EVENING
755,1,11,12,18,25,21/11/1997,EVENING
756,1,2,15,20,21,24/11/1997,EVENING
757,4,7,9,16,19,25/11/1997,EVENING
758,8,11,14,16,25,26/11/1997,EVENING
759,1,3,7,13,19,27/11/1997,EVENING
760,1,10,11,17,22,28/11/1997,EVENING
761,10,13,17,20,22,01/12/1997,EVENING
762,1,3,10,12,16,02/12/1997,EVENING
763,1,3,12,18,26,03/12/1997,EVENING
764,11,21,23,24,25,04/12/1997,EVENING
765,5,7,14,17,19,05/12/1997,EVENING
766,8,13,19,21,23,08/12/1997,EVENING
767,1,4,19,21,23,09/12/1997,EVENING
768,3,14,19,22,24,10/12/1997,EVENING
769,2,4,5,6,7,11/12/1997,EVENING
770,2,4,17,20,25,12/12/1997,EVENING
771,1,2,16,22,23,15/12/1997,EVENING
772,1,11,16,20,26,16/12/1997,EVENING
773,5,7,12,13,18,17/12/1997,EVENING
774,7,11,14,16,26,18/12/1997,EVENING
775,4,8,13,15,17,19/12/1997,EVENING
776,5,9,10,16,18,22/12/1997,EVENING
777,7,11,16,22,23,23/12/1997,EVENING
778,4,9,18,21,23,24/12/1997,EVENING
779,8,16,17,18,25,25/12/1997,EVENING
780,6,14,22,23,25,26/12/1997,EVENING
781,2,4,5,19,21,29/12/1997,EVENING
782,3,6,9,10,17,30/12/1997,EVENING
783,1,10,12,18,20,31/12/1997,EVENING
784,10,15,20,21,23,01/01/1998,EVENING
785,4,12,16,21,22,02/01/1998,EVENING
786,8,11,18,22,24,05/01/1998,EVENING
787,9,13,14,17,26,06/01/1998,EVENING
788,4,14,16,19,21,07/01/1998,EVENING
789,3,9,13,16,26,08/01/1998,EVENING
790,6,9,18,19,25,09/01/1998,EVENING
791,7,12,19,22,23,12/01/1998,EVENING
792,1,5,17,22,23,13/01/1998,EVENING
793,2,10,12,14,19,14/01/1998,EVENING
794,5,7,10,12,21,15/01/1998,EVENING
795,4,6,7,13,15,16/01/1998,EVENING
796,1,4,10,18,21,19/01/1998,EVENING
797,7,9,16,17,26,20/01/1998,EVENING
798,5,9,11,14,25,21/01/1998,EVENING
799,6,7,15,18,20,22/01/1998,EVENING
800,1,8,13,15,20,23/01/1998,EVENING
801,8,13,24,25,26,26/01/1998,EVENING
802,2,12,21,22,24,27/01/1998,EVENING
803,1,4,16,22,25,28/01/1998,EVENING
804,3,6,13,17,18,29/01/1998,EVENING
805,2,4,5,9,24,30/01/1998,EVENING
806,2,11,15,16,22,02/02/1998,EVENING
807,5,6,7,20,22,03/02/1998,EVENING
808,3,6,10,17,24,04/02/1998,EVENING
809,7,11,14,21,22,05/02/1998,EVENING
810,19,21,24,25,26,06/02/1998,EVENING
811,6,19,23,24,25,09/02/1998,EVENING
812,1,6,10,14,23,10/02/1998,EVENING
813,8,12,16,17,24,11/02/1998,EVENING
814,2,8,9,11,25,12/02/1998,EVENING
815,11,15,17,19,26,13/02/1998,EVENING
816,1,10,13,22,23,16/02/1998,EVENING
817,1,7,17,19,25,17/02/1998,EVENING
818,16,22,23,24,26,18/02/1998,EVENING
819,5,8,10,12,17,19/02/1998,EVENING
820,13,14,17,22,26,20/02/1998,EVENING
821,7,9,11,13,16,23/02/1998,EVENING
822,2,12,19,21,22,24/02/1998,EVENING
823,1,2,3,19,22,25/02/1998,EVENING
824,1,15,20,21,22,26/02/1998,EVENING
825,3,4,10,19,25,27/02/1998,EVENING
826,5,6,13,22,25,02/03/1998,EVENING
827,4,5,6,8,10,03/03/1998,EVENING
828,3,5,20,23,25,04/03/1998,EVENING
829,6,7,8,16,19,05/03/1998,EVENING
830,13,15,17,22,26,06/03/1998,EVENING
831,2,14,19,21,22,09/03/1998,EVENING
832,5,7,14,25,26,10/03/1998,EVENING
833,1,3,10,14,25,11/03/1998,EVENING
834,2,9,15,17,20,12/03/1998,EVENING
835,10,12,14,21,23,13/03/1998,EVENING
836,14,15,19,25,26,16/03/1998,EVENING
837,1,5,8,9,14,17/03/1998,EVENING
838,7,20,22,25,26,18/03/1998,EVENING
839,3,6,8,16,22,19/03/1998,EVENING
840,1,8,14,20,25,20/03/1998,EVENING
841,4,8,10,11,14,23/03/1998,EVENING
842,4,5,13,15,24,24/03/1998,EVENING
843,1,4,5,13,19,25/03/1998,EVENING
844,3,10,19,23,24,26/03/1998,EVENING
845,10,11,17,21,25,27/03/1998,EVENING
846,9,15,18,22,26,30/03/1998,EVENING
847,2,3,4,8,25,31/03/1998,EVENING
848,2,3,4,23,26,01/04/1998,EVENING
849,3,5,21,22,24,02/04/1998,EVENING
850,7,16,18,24,25,03/04/1998,EVENING
851,7,11,13,14,25,06/04/1998,EVENING
852,3,6,8,14,24,07/04/1998,EVENING
853,5,10,14,21,26,08/04/1998,EVENING
854,1,4,5,11,24,09/04/1998,EVENING
855,1,9,15,25,26,10/04/1998,EVENING
856,7,8,17,18,25,13/04/1998,EVENING
857,4,10,17,20,22,14/04/1998,EVENING
858,2,15,22,24,25,15/04/1998,EVENING
859,3,8,12,13,24,16/04/1998,EVENING
860,7,8,11,14,20,17/04/1998,EVENING
861,1,9,12,13,15,20/04/1998,EVENING
862,1,3,5,9,13,21/04/1998,EVENING
863,11,14,19,24,26,22/04/1998,EVENING
864,5,7,9,22,23,23/04/1998,EVENING
865,4,10,15,20,23,24/04/1998,EVENING
866,10,11,14,19,20,27/04/1998,EVENING
867,10,12,15,17,24,28/04/1998,EVENING
868,1,8,10,21,24,29/04/1998,EVENING
869,2,12,14,21,26,30/04/1998,EVENING
870,2,3,21,23,25,01/05/1998,EVENING
871,7,11,13,14,21,04/05/1998,EVENING
872,3,5,9,10,19,05/05/1998,EVENING
873,1,3,8,9,20,06/05/1998,EVENING
874,3,5,8,18,19,07/05/1998,EVENING
875,6,15,19,23,25,08/05/1998,EVENING
876,5,6,13,19,26,11/05/1998,EVENING
877,9,10,11,13,16,12/05/1998,EVENING
878,11,14,16,21,25,13/05/1998,EVENING
879,2,3,11,12,17,14/05/1998,EVENING
880,4,5,16,24,25,15/05/1998,EVENING
881,1,3,7,14,19,18/05/1998,EVENING
882,8,10,14,23,25,19/05/1998,EVENING
883,2,5,6,15,18,20/05/1998,EVENING
884,7,10,21,22,23,21/05/1998,EVENING
885,1,18,21,23,26,22/05/1998,EVENING
886,7,10,18,22,23,25/05/1998,EVENING
887,2,4,9,25,26,26/05/1998,EVENING
888,2,11,17,21,26,27/05/1998,EVENING
889,5,6,8,10,17,28/05/1998,EVENING
890,9,10,16,17,25,29/05/1998,EVENING
891,3,7,8,13,15,01/06/1998,EVENING
892,4,7,8,10,22,02/06/1998,EVENING
893,3,7,15,22,23,03/06/1998,EVENING
894,1,9,15,23,26,04/06/1998,EVENING
895,2,8,12,13,17,05/06/1998,EVENING
896,4,14,19,20,24,08/06/1998,EVENING
897,4,5,16,22,24,09/06/1998,EVENING
898,1,2,3,17,20,10/06/1998,EVENING
899,8,12,13,16,17,11/06/1998,EVENING
900,6,10,12,13,25,12/06/1998,EVENING
901,2,3,15,17,24,15/06/1998,EVENING
902,2,5,12,19,24,16/06/1998,EVENING
903,10,15,17,19,20,17/06/1998,EVENING
904,7,8,18,23,25,18/06/1998,EVENING
905,1,9,18,24,26,19/06/1998,EVENING
906,5,7,10,17,20,22/06/1998,EVENING
907,3,17,20,21,25,23/06/1998,EVENING
908,5,6,9,15,17,24/06/1998,EVENING
909,2,12,14,20,25,25/06/1998,EVENING
910,3,11,14,16,26,26/06/1998,EVENING
911,9,14,21,23,26,29/06/1998,EVENING
912,4,6,19,21,24,30/06/1998,EVENING
913,1,10,19,21,26,01/07/1998,EVENING
914,10,11,13,14,15,02/07/1998,EVENING
915,3,15,20,23,24,03/07/1998,EVENING
916,6,18,24,25,26,06/07/1998,EVENING
917,3,8,12,19,22,07/07/1998,EVENING
918,6,8,13,16,21,08/07/1998,EVENING
919,2,4,17,19,22,09/07/1998,EVENING
920,3,6,9,22,25,10/07/1998,EVENING
921,2,7,12,17,20,13/07/1998,EVENING
922,3,8,11,24,25,14/07/1998,EVENING
923,3,5,16,17,26,15/07/1998,EVENING
924,4,7,14,21,22,16/07/1998,EVENING
925,3,11,20,25,26,17/07/1998,EVENING
926,2,5,15,17,20,20/07/1998,EVENING
927,1,3,20,21,25,21/07/1998,EVENING
928,4,11,13,15,19,22/07/1998,EVENING
929,4,10,13,15,21,23/07/1998,EVENING
930,6,9,15,20,21,24/07/1998,EVENING
931,2,4,6,16,17,27/07/1998,EVENING
932,2,4,5,6,24,28/07/1998,EVENING
933,5,12,13,15,17,29/07/1998,EVENING
934,2,6,11,12,19,30/07/1998,EVENING
935,1,6,9,13,23,31/07/1998,EVENING
936,10,14,17,19,25,03/08/1998,EVENING
937,1,9,12,15,23,04/08/1998,EVENING
938,8,12,13,16,18,05/08/1998,EVENING
939,2,5,10,17,26,06/08/1998,EVENING
940,3,4,15,17,22,07/08/1998,EVENING
941,3,7,17,20,21,10/08/1998,EVENING
942,1,5,7,20,22,11/08/1998,EVENING
943,16,22,23,24,25,12/08/1998,EVENING
944,3,7,8,24,25,13/08/1998,EVENING
945,9,16,18,23,24,14/08/1998,EVENING
946,1,11,16,21,25,17/08/1998,EVENING
947,1,5,13,19,20,18/08/1998,EVENING
948,8,11,18,21,26,19/08/1998,EVENING
949,3,10,17,23,25,20/08/1998,EVENING
950,7,13,14,16,22,21/08/1998,EVENING
951,4,8,12,17,22,24/08/1998,EVENING
952,1,3,6,17,26,25/08/1998,EVENING
953,5,6,7,24,25,26/08/1998,EVENING
954,9,12,14,23,25,27/08/1998,EVENING
955,7,8,18,21,23,28/08/1998,EVENING
956,10,13,19,22,23,31/08/1998,EVENING
957,4,5,15,23,24,01/09/1998,EVENING
958,1,3,5,14,23,02/09/1998,EVENING
959,3,6,15,19,20,03/09/1998,EVENING
960,9,11,15,22,25,04/09/1998,EVENING
961,1,7,11,14,16,07/09/1998,EVENING
962,8,11,14,17,24,08/09/1998,EVENING
963,2,13,14,20,21,09/09/1998,EVENING
964,1,4,10,16,22,10/09/1998,EVENING
965,7,8,14,21,24,11/09/1998,EVENING
966,6,8,19,20,24,14/09/1998,EVENING
967,4,5,9,21,24,15/09/1998,EVENING
968,2,9,11,12,22,16/09/1998,EVENING
969,6,14,21,22,23,17/09/1998,EVENING
970,2,13,20,23,24,18/09/1998,EVENING
971,8,9,11,19,21,21/09/1998,EVENING
972,3,4,8,10,14,22/09/1998,EVENING
973,3,11,13,15,16,23/09/1998,EVENING
974,3,4,10,20,26,24/09/1998,EVENING
975,2,7,17,20,25,25/09/1998,EVENING
976,1,4,6,16,21,28/09/1998,EVENING
977,2,3,19,20,21,29/09/1998,EVENING
978,2,5,7,12,14,30/09/1998,EVENING
979,3,4,16,18,19,01/10/1998,EVENING
980,2,9,12,14,17,02/10/1998,EVENING
981,1,3,18,19,25,05/10/1998,EVENING
982,1,8,14,18,20,06/10/1998,EVENING
983,3,10,11,22,23,07/10/1998,EVENING
984,2,3,6,7,13,08/10/1998,EVENING
985,2,4,9,17,22,09/10/1998,EVENING
986,1,8,17,20,21,12/10/1998,EVENING
987,1,5,11,12,18,13/10/1998,EVENING
988,4,7,13,20,25,14/10/1998,EVENING
989,4,5,9,11,24,15/10/1998,EVENING
990,2,10,17,19,20,16/10/1998,EVENING
991,4,6,15,19,22,19/10/1998,EVENING
992,2,19,20,21,24,20/10/1998,EVENING
993,5,7,17,19,21,21/10/1998,EVENING
994,8,9,18,20,26,22/10/1998,EVENING
995,2,3,9,11,22,23/10/1998,EVENING
996,2,3,4,21,24,26/10/1998,EVENING
997,1,6,19,24,26,27/10/1998,EVENING
998,1,7,8,13,15,28/10/1998,EVENING
999,9,10,12,14,19,29/10/1998,EVENING
1000,3,7,11,14,18,30/10/1998,EVENING
1001,3,10,16,20,23,02/11/1998,EVENING
1002,2,11,15,21,24,03/11/1998,EVENING
1003,7,9,12,13,18,04/11/1998,EVENING
1004,2,5,14,16,23,05/11/1998,EVENING
1005,1,2,8,12,19,06/11/1998,EVENING
1006,1,4,6,14,25,09/11/1998,EVENING
1007,4,9,14,15,25,10/11/1998,EVENING
1008,4,5,8,22,26,11/11/1998,EVENING
1009,2,5,7,10,22,12/11/1998,EVENING
1010,8,14,15,16,26,13/11/1998,EVENING
1011,1,7,16,17,19,16/11/1998,EVENING
1012,3,5,17,21,22,17/11/1998,EVENING
1013,3,7,8,18,20,18/11/1998,EVENING
1014,1,3,7,20,26,19/11/1998,EVENING
1015,1,2,5,11,20,20/11/1998,EVENING
1016,1,2,5,14,22,23/11/1998,EVENING
1017,3,8,9,12,14,24/11/1998,EVENING
1018,1,6,14,19,25,25/11/1998,EVENING
1019,1,10,17,20,22,26/11/1998,EVENING
1020,5,8,10,11,25,27/11/1998,EVENING
1021,4,9,12,20,21,30/11/1998,EVENING
1022,2,3,10,22,24,01/12/1998,EVENING
1023,3,4,9,14,23,02/12/1998,EVENING
1024,6,9,17,19,20,03/12/1998,EVENING
1025,4,8,20,22,26,04/12/1998,EVENING
1026,3,8,19,22,25,07/12/1998,EVENING
1027,8,11,17,19,22,08/12/1998,EVENING
1028,9,16,21,23,24,09/12/1998,EVENING
1029,3,10,15,16,23,10/12/1998,EVENING
1030,5,9,10,12,13,11/12/1998,EVENING
1031,5,8,11,12,14,14/12/1998,EVENING
1032,6,12,13,14,25,15/12/1998,EVENING
1033,4,12,16,23,25,16/12/1998,EVENING
1034,8,9,17,20,22,17/12/1998,EVENING
1035,3,4,5,6,21,18/12/1998,EVENING
1036,11,12,20,24,26,21/12/1998,EVENING
1037,5,6,7,13,20,22/12/1998,EVENING
1038,7,8,10,14,26,23/12/1998,EVENING
1039,6,12,14,16,22,24/12/1998,EVENING
1040,10,11,20,23,25,25/12/1998,EVENING
1041,5,6,13,15,20,28/12/1998,EVENING
1042,3,6,19,23,24,29/12/1998,EVENING
1043,6,15,16,19,24,30/12/1998,EVENING
1044,1,5,16,17,26,31/12/1998,EVENING
1045,10,15,20,22,23,01/01/1999,EVENING
1046,5,9,14,15,25,04/01/1999,EVENING
1047,9,10,16,18,21,05/01/1999,EVENING
1048,10,15,16,21,23,06/01/1999,EVENING
1049,1,5,8,10,25,07/01/1999,EVENING
1050,3,6,7,19,21,08/01/1999,EVENING
1051,1,6,8,25,26,11/01/1999,EVENING
1052,7,9,10,11,13,12/01/1999,EVENING
1053,4,15,18,19,25,13/01/1999,EVENING
1054,6,8,17,21,24,14/01/1999,EVENING
1055,7,9,10,11,22,15/01/1999,EVENING
1056,4,8,11,12,25,18/01/1999,EVENING
1057,1,7,16,17,25,19/01/1999,EVENING
1058,3,9,10,14,20,20/01/1999,EVENING
1059,2,17,18,19,21,21/01/1999,EVENING
1060,2,17,19,24,25,22/01/1999,EVENING
1061,6,9,13,15,22,25/01/1999,EVENING
1062,7,8,10,18,24,26/01/1999,EVENING
1063,5,12,19,21,23,27/01/1999,EVENING
1064,2,3,7,15,24,28/01/1999,EVENING
1065,9,11,15,19,26,29/01/1999,EVENING
1066,2,6,10,13,20,01/02/1999,EVENING
1067,1,3,6,21,25,02/02/1999,EVENING
1068,4,9,12,13,16,03/02/1999,EVENING
1069,10,11,21,22,24,04/02/1999,EVENING
1070,8,12,14,19,22,05/02/1999,EVENING
1071,7,8,11,16,24,08/02/1999,EVENING
1072,3,8,10,11,14,09/02/1999,EVENING
1073,2,4,6,8,17,10/02/1999,EVENING
1074,2,10,20,22,25,11/02/1999,EVENING
1075,3,6,8,12,21,12/02/1999,EVENING
1076,4,10,11,14,17,15/02/1999,EVENING
1077,2,3,11,12,25,16/02/1999,EVENING
1078,5,9,14,20,26,17/02/1999,EVENING
1079,1,3,6,7,14,18/02/1999,EVENING
1080,3,5,7,10,24,19/02/1999,EVENING
1081,1,4,17,19,22,22/02/1999,EVENING
1082,4,11,13,16,23,23/02/1999,EVENING
1083,3,22,23,25,26,24/02/1999,EVENING
1084,4,6,7,18,22,25/02/1999,EVENING
1085,1,12,13,16,21,26/02/1999,EVENING
1086,2,5,12,21,26,01/03/1999,EVENING
1087,4,5,6,11,12,02/03/1999,EVENING
1088,5,9,12,23,24,03/03/1999,EVENING
1089,2,21,23,24,26,04/03/1999,EVENING
1090,8,12,13,16,26,05/03/1999,EVENING
1091,2,9,17,24,26,08/03/1999,EVENING
1092,3,7,8,13,18,09/03/1999,EVENING
1093,1,2,8,22,23,10/03/1999,EVENING
1094,3,16,17,22,23,11/03/1999,EVENING
1095,3,11,22,24,26,12/03/1999,EVENING
1096,3,6,8,13,26,15/03/1999,EVENING
1097,1,4,6,12,23,16/03/1999,EVENING
1098,3,7,21,22,23,17/03/1999,EVENING
1099,5,13,19,20,21,18/03/1999,EVENING
1100,1,4,11,18,20,19/03/1999,EVENING
1101,2,5,6,19,20,22/03/1999,EVENING
1102,3,4,5,15,21,23/03/1999,EVENING
1103,9,17,18,20,22,24/03/1999,EVENING
1104,10,13,14,17,20,25/03/1999,EVENING
1105,5,14,15,21,22,26/03/1999,EVENING
1106,2,3,5,18,24,29/03/1999,EVENING
1107,1,10,12,14,17,30/03/1999,EVENING
1108,12,14,15,18,21,31/03/1999,EVENING
1109,6,9,12,14,26,01/04/1999,EVENING
1110,2,9,17,20,22,02/04/1999,EVENING
1111,6,8,13,24,26,05/04/1999,EVENING
1112,9,15,19,21,25,06/04/1999,EVENING
1113,3,6,14,22,23,07/04/1999,EVENING
1114,4,8,12,17,26,08/04/1999,EVENING
1115,10,13,14,17,20,09/04/1999,EVENING
1116,1,5,16,20,25,12/04/1999,EVENING
1117,2,9,11,17,24,13/04/1999,EVENING
1118,1,3,17,19,24,14/04/1999,EVENING
1119,2,4,10,16,26,15/04/1999,EVENING
1120,3,6,17,22,26,16/04/1999,EVENING
1121,7,8,12,24,25,19/04/1999,EVENING
1122,7,10,11,14,19,20/04/1999,EVENING
1123,3,9,12,14,15,21/04/1999,EVENING
1124,9,12,13,16,25,22/04/1999,EVENING
1125,4,9,19,20,26,23/04/1999,EVENING
1126,3,6,7,10,16,24/04/1999,EVENING
1127,9,10,19,20,24,25/04/1999,EVENING
1128,5,11,13,18,19,26/04/1999,EVENING
1129,2,4,11,20,24,27/04/1999,EVENING
1130,5,12,14,22,23,28/04/1999,EVENING
1131,3,11,17,21,24,29/04/1999,EVENING
1132,1,11,16,17,20,30/04/1999,EVENING
1133,8,11,17,20,22,01/05/1999,EVENING
1134,8,19,23,24,25,02/05/1999,EVENING
1135,2,7,13,14,17,03/05/1999,EVENING
1136,3,9,19,21,22,04/05/1999,EVENING
1137,1,4,8,12,18,05/05/1999,EVENING
1138,4,11,12,23,26,06/05/1999,EVENING
1139,2,9,12,18,22,07/05/1999,EVENING
1140,3,8,11,19,23,08/05/1999,EVENING
1141,3,17,18,20,22,09/05/1999,EVENING
1142,12,14,16,21,22,10/05/1999,EVENING
1143,5,8,12,16,26,11/05/1999,EVENING
1144,3,7,8,19,26,12/05/1999,EVENING
1145,9,11,19,25,26,13/05/1999,EVENING
1146,1,3,11,25,26,14/05/1999,EVENING
1147,1,14,19,20,25,15/05/1999,EVENING
1148,3,4,5,9,23,16/05/1999,EVENING
1149,4,9,11,19,22,17/05/1999,EVENING
1150,1,12,18,19,24,18/05/1999,EVENING
1151,1,4,9,11,21,19/05/1999,EVENING
1152,2,3,10,17,24,20/05/1999,EVENING
1153,1,4,20,21,25,21/05/1999,EVENING
1154,7,13,17,19,21,22/05/1999,EVENING
1155,1,5,19,21,26,23/05/1999,EVENING
1156,3,4,6,12,20,24/05/1999,EVENING
1157,2,8,15,16,25,25/05/1999,EVENING
1158,1,11,12,24,26,26/05/1999,EVENING
1159,8,11,15,17,18,27/05/1999,EVENING
1160,6,14,15,23,26,28/05/1999,EVENING
1161,12,20,22,23,25,29/05/1999,EVENING
1162,1,5,13,17,22,30/05/1999,EVENING
1163,4,9,11,12,13,31/05/1999,EVENING
1164,2,7,13,16,21,01/06/1999,EVENING
1165,4,16,21,22,25,02/06/1999,EVENING
1166,6,7,16,22,23,03/06/1999,EVENING
1167,7,8,9,13,18,04/06/1999,EVENING
1168,3,9,13,19,24,05/06/1999,EVENING
1169,1,2,10,20,22,06/06/1999,EVENING
1170,1,2,17,21,22,07/06/1999,EVENING
1171,9,10,13,16,17,08/06/1999,EVENING
1172,2,5,7,21,25,09/06/1999,EVENING
1173,6,9,11,12,18,10/06/1999,EVENING
1174,2,19,22,24,26,11/06/1999,EVENING
1175,3,8,18,23,26,12/06/1999,EVENING
1176,5,6,9,10,24,13/06/1999,EVENING
1177,16,19,20,22,26,14/06/1999,EVENING
1178,3,7,12,20,23,15/06/1999,EVENING
1179,10,11,16,22,24,16/06/1999,EVENING
1180,2,6,10,16,22,17/06/1999,EVENING
1181,2,5,8,9,21,18/06/1999,EVENING
1182,5,12,20,21,22,19/06/1999,EVENING
1183,4,5,8,11,13,20/06/1999,EVENING
1184,2,3,7,16,23,21/06/1999,EVENING
1185,2,3,7,13,22,22/06/1999,EVENING
1186,2,5,7,8,24,23/06/1999,EVENING
1187,1,10,12,18,22,24/06/1999,EVENING
1188,3,4,13,18,21,25/06/1999,EVENING
1189,6,11,15,18,21,26/06/1999,EVENING
1190,2,5,10,13,23,27/06/1999,EVENING
1191,5,10,15,20,26,28/06/1999,EVENING
1192,5,6,10,15,20,29/06/1999,EVENING
1193,6,14,18,20,25,30/06/1999,EVENING
1194,4,6,13,24,26,01/07/1999,EVENING
1195,4,7,10,21,22,02/07/1999,EVENING
1196,4,10,12,13,21,03/07/1999,EVENING
1197,4,17,20,21,25,04/07/1999,EVENING
1198,8,14,18,20,23,05/07/1999,EVENING
1199,3,6,18,22,25,06/07/1999,EVENING
1200,13,14,17,20,23,07/07/1999,EVENING
1201,7,10,11,20,25,08/07/1999,EVENING
1202,1,13,16,24,25,09/07/1999,EVENING
1203,7,8,13,15,23,10/07/1999,EVENING
1204,1,8,11,22,24,11/07/1999,EVENING
1205,1,3,6,10,17,12/07/1999,EVENING
1206,2,6,10,20,25,13/07/1999,EVENING
1207,3,6,11,12,20,14/07/1999,EVENING
1208,5,8,9,13,18,15/07/1999,EVENING
1209,1,7,10,16,26,16/07/1999,EVENING
1210,1,4,9,12,21,17/07/1999,EVENING
1211,11,12,18,21,24,18/07/1999,EVENING
1212,2,14,18,24,26,19/07/1999,EVENING
1213,8,9,12,14,23,20/07/1999,EVENING
1214,3,11,17,23,25,21/07/1999,EVENING
1215,1,9,11,18,20,22/07/1999,EVENING
1216,1,3,11,12,16,23/07/1999,EVENING
1217,1,2,4,13,26,24/07/1999,EVENING
1218,3,10,17,25,26,25/07/1999,EVENING
1219,1,8,11,20,22,26/07/1999,EVENING
1220,4,11,12,14,23,27/07/1999,EVENING
1221,2,7,10,11,14,28/07/1999,EVENING
1222,11,18,21,25,26,29/07/1999,EVENING
1223,11,17,19,22,24,30/07/1999,EVENING
1224,10,13,16,17,25,31/07/1999,EVENING
1225,2,10,14,19,24,01/08/1999,EVENING
1226,3,13,14,21,24,02/08/1999,EVENING
1227,2,15,16,22,25,03/08/1999,EVENING
1228,1,10,11,18,19,04/08/1999,EVENING
1229,3,4,11,12,14,05/08/1999,EVENING
1230,1,10,17,20,21,06/08/1999,EVENING
1231,6,7,9,11,25,07/08/1999,EVENING
1232,1,5,8,12,18,08/08/1999,EVENING
1233,4,8,9,16,24,09/08/1999,EVENING
1234,6,7,9,17,20,10/08/1999,EVENING
1235,4,17,18,20,24,11/08/1999,EVENING
1236,1,14,17,19,26,12/08/1999,EVENING
1237,1,2,3,14,15,13/08/1999,EVENING
1238,2,3,4,8,14,14/08/1999,EVENING
1239,6,7,10,21,26,15/08/1999,EVENING
1240,1,2,19,21,24,16/08/1999,EVENING
1241,5,10,16,20,22,17/08/1999,EVENING
1242,2,6,8,18,21,18/08/1999,EVENING
1243,12,13,21,24,25,19/08/1999,EVENING
1244,2,7,12,14,19,20/08/1999,EVENING
1245,3,5,11,20,22,21/08/1999,EVENING
1246,4,7,13,16,18,22/08/1999,EVENING
1247,1,2,3,16,19,23/08/1999,EVENING
1248,2,3,9,14,23,24/08/1999,EVENING
1249,4,5,6,17,21,25/08/1999,EVENING
1250,1,3,8,11,17,26/08/1999,EVENING
1251,1,3,9,15,25,27/08/1999,EVENING
1252,1,8,9,14,17,28/08/1999,EVENING
1253,5,6,13,17,20,29/08/1999,EVENING
1254,2,6,7,24,25,30/08/1999,EVENING
1255,2,15,21,22,24,31/08/1999,EVENING
1256,7,10,16,22,23,01/09/1999,EVENING
1257,7,9,10,16,21,02/09/1999,EVENING
1258,3,9,13,19,23,03/09/1999,EVENING
1259,1,7,9,13,21,04/09/1999,EVENING
1260,7,10,17,21,22,05/09/1999,EVENING
1261,1,14,16,22,23,06/09/1999,EVENING
1262,7,8,13,15,25,07/09/1999,EVENING
1263,8,14,18,24,26,08/09/1999,EVENING
1264,13,14,15,22,25,09/09/1999,EVENING
1265,5,15,20,23,26,10/09/1999,EVENING
1266,1,3,11,16,24,11/09/1999,EVENING
1267,3,17,19,25,26,12/09/1999,EVENING
1268,1,8,18,24,25,13/09/1999,EVENING
1269,3,4,10,20,21,14/09/1999,EVENING
1270,2,14,19,22,25,15/09/1999,EVENING
1271,6,14,17,21,25,16/09/1999,EVENING
1272,1,2,12,13,22,17/09/1999,EVENING
1273,10,14,21,22,23,18/09/1999,EVENING
1274,5,8,10,20,25,19/09/1999,EVENING
1275,7,8,11,13,23,20/09/1999,EVENING
1276,2,12,13,16,23,21/09/1999,EVENING
1277,1,6,9,20,21,22/09/1999,EVENING
1278,1,7,11,12,16,23/09/1999,EVENING
1279,6,8,17,18,25,24/09/1999,EVENING
1280,3,6,11,14,15,25/09/1999,EVENING
1281,6,11,14,18,23,26/09/1999,EVENING
1282,2,10,11,21,25,27/09/1999,EVENING
1283,5,7,10,24,26,28/09/1999,EVENING
1284,9,17,18,21,24,29/09/1999,EVENING
1285,3,11,17,23,25,30/09/1999,EVENING
1286,12,14,20,22,26,01/10/1999,EVENING
1287,3,8,12,13,16,02/10/1999,EVENING
1288,6,12,13,14,15,03/10/1999,EVENING
1289,2,15,17,18,23,04/10/1999,EVENING
1290,3,13,18,19,21,05/10/1999,EVENING
1291,2,8,15,17,24,06/10/1999,EVENING
1292,2,16,20,23,24,07/10/1999,EVENING
1293,10,16,17,19,25,08/10/1999,EVENING
1294,2,7,13,15,17,09/10/1999,EVENING
1295,9,12,17,21,26,10/10/1999,EVENING
1296,4,6,11,12,18,11/10/1999,EVENING
1297,3,19,20,22,25,12/10/1999,EVENING
1298,7,8,18,24,26,13/10/1999,EVENING
1299,1,4,7,13,22,14/10/1999,EVENING
1300,1,2,14,20,25,15/10/1999,EVENING
1301,2,4,9,19,20,16/10/1999,EVENING
1302,8,16,18,23,24,17/10/1999,EVENING
1303,13,15,16,17,18,18/10/1999,EVENING
1304,7,18,19,20,22,19/10/1999,EVENING
1305,2,10,13,14,19,20/10/1999,EVENING
1306,6,11,14,18,24,21/10/1999,EVENING
1307,1,7,9,17,22,22/10/1999,EVENING
1308,1,4,6,21,26,23/10/1999,EVENING
1309,3,7,16,18,20,24/10/1999,EVENING
1310,2,21,22,23,24,25/10/1999,EVENING
1311,7,8,10,16,18,26/10/1999,EVENING
1312,1,11,13,16,21,27/10/1999,EVENING
1313,9,16,17,18,26,28/10/1999,EVENING
1314,3,4,7,8,17,29/10/1999,EVENING
1315,11,18,20,21,22,30/10/1999,EVENING
1316,6,8,15,18,21,31/10/1999,EVENING
1317,4,7,10,18,21,01/11/1999,EVENING
1318,13,15,20,23,25,02/11/1999,EVENING
1319,2,4,5,14,20,03/11/1999,EVENING
1320,3,7,9,20,26,04/11/1999,EVENING
1321,7,8,9,10,16,05/11/1999,EVENING
1322,2,3,11,20,23,06/11/1999,EVENING
1323,5,7,13,18,20,07/11/1999,EVENING
1324,8,16,17,18,23,08/11/1999,EVENING
1325,6,7,15,19,22,09/11/1999,EVENING
1326,14,20,22,24,26,10/11/1999,EVENING
1327,4,8,9,17,24,11/11/1999,EVENING
1328,4,7,17,19,26,12/11/1999,EVENING
1329,1,10,11,16,17,13/11/1999,EVENING
1330,4,12,13,20,23,14/11/1999,EVENING
1331,4,9,10,12,20,15/11/1999,EVENING
1332,5,9,19,22,24,16/11/1999,EVENING
1333,3,5,8,11,16,17/11/1999,EVENING
1334,7,8,9,14,24,18/11/1999,EVENING
1335,1,13,14,22,26,19/11/1999,EVENING
1336,3,12,17,25,26,20/11/1999,EVENING
1337,1,8,13,16,21,21/11/1999,EVENING
1338,9,21,22,24,25,22/11/1999,EVENING
1339,2,3,4,16,17,23/11/1999,EVENING
1340,8,14,15,20,21,24/11/1999,EVENING
1341,8,11,18,21,25,25/11/1999,EVENING
1342,5,9,10,13,21,26/11/1999,EVENING
1343,6,18,19,20,22,27/11/1999,EVENING
1344,1,9,10,13,15,28/11/1999,EVENING
1345,5,7,12,21,22,29/11/1999,EVENING
1346,1,5,8,11,20,30/11/1999,EVENING
1347,8,13,16,17,26,01/12/1999,EVENING
1348,5,6,7,10,22,02/12/1999,EVENING
1349,4,15,18,20,21,03/12/1999,EVENING
1350,1,6,11,14,19,04/12/1999,EVENING
1351,4,6,7,17,26,05/12/1999,EVENING
1352,2,8,13,16,20,06/12/1999,EVENING
1353,4,6,7,13,17,07/12/1999,EVENING
1354,1,3,7,13,22,08/12/1999,EVENING
1355,1,3,8,16,18,09/12/1999,EVENING
1356,9,18,22,23,24,10/12/1999,EVENING
1357,3,12,19,21,23,11/12/1999,EVENING
1358,1,4,5,8,26,12/12/1999,EVENING
1359,6,7,9,16,26,13/12/1999,EVENING
1360,4,15,17,19,21,14/12/1999,EVENING
1361,1,5,7,8,19,15/12/1999,EVENING
1362,9,11,13,16,25,16/12/1999,EVENING
1363,1,5,8,18,22,17/12/1999,EVENING
1364,8,10,13,18,20,18/12/1999,EVENING
1365,1,2,5,7,26,19/12/1999,EVENING
1366,6,13,16,23,25,20/12/1999,EVENING
1367,3,10,12,18,26,21/12/1999,EVENING
1368,7,9,11,17,24,22/12/1999,EVENING
1369,3,4,8,10,17,23/12/1999,EVENING
1370,3,8,17,24,25,24/12/1999,EVENING
1371,11,17,21,22,23,25/12/1999,EVENING
1372,1,2,14,17,26,26/12/1999,EVENING
1373,4,5,10,11,16,27/12/1999,EVENING
1374,12,15,23,25,26,28/12/1999,EVENING
1375,2,6,10,12,17,29/12/1999,EVENING
1376,2,4,9,12,18,30/12/1999,EVENING
1377,1,4,8,24,26,31/12/1999,EVENING
1378,11,12,15,17,22,01/01/2000,EVENING
1379,2,11,14,15,19,02/01/2000,EVENING
1380,3,4,6,10,11,03/01/2000,EVENING
1381,1,2,13,24,25,04/01/2000,EVENING
1382,5,10,16,20,21,05/01/2000,EVENING
1383,4,10,13,18,23,06/01/2000,EVENING
1384,1,2,3,4,26,07/01/2000,EVENING
1385,2,9,13,18,25,08/01/2000,EVENING
1386,10,12,17,18,22,09/01/2000,EVENING
1387,7,15,19,21,23,10/01/2000,EVENING
1388,7,13,14,21,26,11/01/2000,EVENING
1389,2,6,13,14,26,12/01/2000,EVENING
1390,4,16,22,23,26,13/01/2000,EVENING
1391,6,16,17,23,26,14/01/2000,EVENING
1392,4,8,16,19,20,15/01/2000,EVENING
1393,1,3,13,14,16,16/01/2000,EVENING
1394,1,3,12,14,15,17/01/2000,EVENING
1395,1,3,4,11,15,18/01/2000,EVENING
1396,7,10,11,16,25,19/01/2000,EVENING
1397,1,6,16,18,24,20/01/2000,EVENING
1398,8,9,17,19,20,21/01/2000,EVENING
1399,6,10,12,16,19,22/01/2000,EVENING
1400,4,6,11,14,25,23/01/2000,EVENING
1401,3,7,10,17,23,24/01/2000,EVENING
1402,3,13,14,19,26,25/01/2000,EVENING
1403,5,7,11,12,22,26/01/2000,EVENING
1404,7,10,19,21,25,27/01/2000,EVENING
1405,1,5,21,22,25,28/01/2000,EVENING
1406,12,13,16,17,23,29/01/2000,EVENING
1407,7,8,15,19,25,30/01/2000,EVENING
1408,4,5,17,21,24,31/01/2000,EVENING
1409,8,9,13,16,17,01/02/2000,EVENING
1410,2,3,4,19,26,02/02/2000,EVENING
1411,3,7,17,18,24,03/02/2000,EVENING
1412,3,7,14,15,19,04/02/2000,EVENING
1413,4,5,12,16,25,05/02/2000,EVENING
1414,10,11,13,15,26,06/02/2000,EVENING
1415,6,13,14,15,16,07/02/2000,EVENING
1416,8,9,13,15,26,08/02/2000,EVENING
1417,6,7,20,21,23,09/02/2000,EVENING
1418,8,11,13,23,25,10/02/2000,EVENING
1419,4,6,12,16,19,11/02/2000,EVENING
1420,5,7,8,9,24,12/02/2000,EVENING
1421,2,3,12,20,22,13/02/2000,EVENING
1422,1,5,8,22,25,14/02/2000,EVENING
1423,5,7,9,22,24,15/02/2000,EVENING
1424,5,10,17,20,23,16/02/2000,EVENING
1425,3,8,13,18,24,17/02/2000,EVENING
1426,5,10,13,16,18,18/02/2000,EVENING
1427,6,9,11,22,23,19/02/2000,EVENING
1428,5,7,10,15,24,20/02/2000,EVENING
1429,1,8,9,15,16,21/02/2000,EVENING
1430,4,10,14,16,23,22/02/2000,EVENING
1431,14,15,19,20,22,23/02/2000,EVENING
1432,3,4,17,22,23,24/02/2000,EVENING
1433,2,7,13,16,19,25/02/2000,EVENING
1434,5,7,9,13,15,26/02/2000,EVENING
1435,5,6,8,17,19,27/02/2000,EVENING
1436,3,13,16,20,25,28/02/2000,EVENING
1437,1,7,13,18,19,29/02/2000,EVENING
1438,4,5,8,18,23,01/03/2000,EVENING
1439,4,5,9,19,21,02/03/2000,EVENING
1440,1,2,7,17,19,03/03/2000,EVENING
1441,5,8,14,23,24,04/03/2000,EVENING
1442,15,18,19,20,26,05/03/2000,EVENING
1443,2,4,12,25,26,06/03/2000,EVENING
1444,2,9,11,13,19,07/03/2000,EVENING
1445,2,6,8,14,16,08/03/2000,EVENING
1446,2,9,14,15,17,09/03/2000,EVENING
1447,3,4,5,13,14,10/03/2000,EVENING
1448,3,9,10,23,24,11/03/2000,EVENING
1449,4,7,15,18,20,12/03/2000,EVENING
1450,1,9,13,14,19,13/03/2000,EVENING
1451,2,9,20,22,25,14/03/2000,EVENING
1452,2,12,17,21,22,15/03/2000,EVENING
1453,5,13,15,19,25,16/03/2000,EVENING
1454,3,12,13,21,22,17/03/2000,EVENING
1455,11,12,19,25,26,18/03/2000,EVENING
1456,2,3,18,19,24,19/03/2000,EVENING
1457,1,5,23,24,26,20/03/2000,EVENING
1458,3,4,17,21,23,21/03/2000,EVENING
1459,5,10,21,23,24,22/03/2000,EVENING
1460,1,10,12,15,16,23/03/2000,EVENING
1461,3,5,13,14,17,24/03/2000,EVENING
1462,4,8,12,18,26,25/03/2000,EVENING
1463,1,6,7,12,16,26/03/2000,EVENING
1464,1,7,15,18,23,27/03/2000,EVENING
1465,1,5,16,20,23,28/03/2000,EVENING
1466,16,17,20,23,26,29/03/2000,EVENING
1467,4,8,12,18,23,30/03/2000,EVENING
1468,1,13,19,20,21,31/03/2000,EVENING
1469,1,4,16,22,26,01/04/2000,EVENING
1470,2,6,11,18,24,02/04/2000,EVENING
1471,1,3,10,22,25,03/04/2000,EVENING
1472,8,9,12,18,26,04/04/2000,EVENING
1473,4,5,10,16,20,05/04/2000,EVENING
1474,1,4,5,17,26,06/04/2000,EVENING
1475,2,4,5,22,25,07/04/2000,EVENING
1476,3,9,10,14,22,08/04/2000,EVENING
1477,5,6,8,10,22,09/04/2000,EVENING
1478,10,13,18,21,25,10/04/2000,EVENING
1479,2,8,15,20,22,11/04/2000,EVENING
1480,4,7,9,17,23,12/04/2000,EVENING
1481,3,8,12,15,24,13/04/2000,EVENING
1482,1,3,12,15,21,14/04/2000,EVENING
1483,6,10,14,19,25,15/04/2000,EVENING
1484,6,9,15,17,18,16/04/2000,EVENING
1485,1,2,7,13,15,17/04/2000,EVENING
1486,1,14,16,17,22,18/04/2000,EVENING
1487,3,6,7,8,22,19/04/2000,EVENING
1488,2,3,16,18,23,20/04/2000,EVENING
1489,2,5,6,17,19,21/04/2000,EVENING
1490,2,6,10,18,24,22/04/2000,EVENING
1491,3,8,11,18,23,23/04/2000,EVENING
1492,5,16,20,21,23,24/04/2000,EVENING
1493,6,10,19,20,26,25/04/2000,EVENING
1494,4,7,15,18,24,26/04/2000,EVENING
1495,2,8,11,14,16,27/04/2000,EVENING
1496,5,15,16,20,26,28/04/2000,EVENING
1497,5,20,22,23,25,29/04/2000,EVENING
1498,4,5,10,23,25,30/04/2000,EVENING
1499,3,10,15,17,23,01/05/2000,EVENING
1500,9,10,12,20,24,02/05/2000,EVENING
1501,5,7,17,23,26,03/05/2000,EVENING
1502,1,2,10,23,24,04/05/2000,EVENING
1503,5,9,21,22,23,05/05/2000,EVENING
1504,2,6,13,17,26,06/05/2000,EVENING
1505,2,4,14,15,25,07/05/2000,EVENING
1506,5,6,10,12,26,08/05/2000,EVENING
1507,13,19,21,22,24,09/05/2000,EVENING
1508,3,10,11,14,19,10/05/2000,EVENING
1509,2,4,7,15,24,11/05/2000,EVENING
1510,7,20,22,23,24,12/05/2000,EVENING
1511,2,9,12,15,17,13/05/2000,EVENING
1512,5,11,15,21,24,14/05/2000,EVENING
1513,1,3,10,12,21,15/05/2000,EVENING
1514,4,5,8,23,26,16/05/2000,EVENING
1515,5,17,20,24,25,17/05/2000,EVENING
1516,8,14,20,22,26,18/05/2000,EVENING
1517,11,13,14,15,18,19/05/2000,EVENING
1518,1,7,18,21,23,20/05/2000,EVENING
1519,4,6,8,14,20,21/05/2000,EVENING
1520,12,13,15,17,23,22/05/2000,EVENING
1521,1,15,16,20,25,23/05/2000,EVENING
1522,3,5,7,9,21,24/05/2000,EVENING
1523,8,9,11,25,26,25/05/2000,EVENING
1524,2,6,8,11,14,26/05/2000,EVENING
1525,3,15,16,21,25,27/05/2000,EVENING
1526,6,10,14,19,26,28/05/2000,EVENING
1527,4,5,7,9,21,29/05/2000,EVENING
1528,12,14,18,21,24,30/05/2000,EVENING
1529,4,15,19,24,25,31/05/2000,EVENING
1530,8,16,17,22,25,01/06/2000,EVENING
1531,9,10,13,14,24,02/06/2000,EVENING
1532,3,11,14,21,25,03/06/2000,EVENING
1533,4,5,9,12,20,04/06/2000,EVENING
1534,1,3,7,19,21,05/06/2000,EVENING
1535,4,15,23,24,26,06/06/2000,EVENING
1536,6,8,18,19,24,07/06/2000,EVENING
1537,6,15,16,20,24,08/06/2000,EVENING
1538,3,6,7,17,18,09/06/2000,EVENING
1539,13,18,19,21,24,10/06/2000,EVENING
1540,2,13,14,17,20,11/06/2000,EVENING
1541,4,9,11,17,20,12/06/2000,EVENING
1542,5,13,18,20,22,13/06/2000,EVENING
1543,1,17,18,19,21,14/06/2000,EVENING
1544,5,7,15,16,24,15/06/2000,EVENING
1545,3,11,13,15,23,16/06/2000,EVENING
1546,2,6,12,19,23,17/06/2000,EVENING
1547,10,12,20,22,25,18/06/2000,EVENING
1548,11,14,15,17,18,19/06/2000,EVENING
1549,6,7,13,15,26,20/06/2000,EVENING
1550,3,4,11,15,20,21/06/2000,EVENING
1551,4,7,14,22,25,22/06/2000,EVENING
1552,6,7,13,16,18,23/06/2000,EVENING
1553,1,3,4,9,17,24/06/2000,EVENING
1554,13,19,22,24,25,25/06/2000,EVENING
1555,1,9,12,16,20,26/06/2000,EVENING
1556,4,5,6,8,20,27/06/2000,EVENING
1557,9,15,17,18,23,28/06/2000,EVENING
1558,7,8,9,12,19,29/06/2000,EVENING
1559,5,10,17,18,20,30/06/2000,EVENING
1560,10,11,15,21,24,01/07/2000,EVENING
1561,10,11,12,13,15,02/07/2000,EVENING
1562,5,8,14,24,25,03/07/2000,EVENING
1563,12,19,24,25,26,04/07/2000,EVENING
1564,4,6,18,24,25,05/07/2000,EVENING
1565,3,5,6,20,22,06/07/2000,EVENING
1566,1,6,7,9,10,07/07/2000,EVENING
1567,11,13,17,21,24,08/07/2000,EVENING
1568,1,9,11,20,24,09/07/2000,EVENING
1569,1,2,8,18,20,10/07/2000,EVENING
1570,3,7,10,11,16,11/07/2000,EVENING
1571,7,9,14,17,26,12/07/2000,EVENING
1572,5,8,11,16,24,13/07/2000,EVENING
1573,4,8,13,15,16,14/07/2000,EVENING
1574,13,16,20,21,25,15/07/2000,EVENING
1575,2,4,6,9,23,16/07/2000,EVENING
1576,4,7,8,10,15,17/07/2000,EVENING
1577,3,6,7,12,22,18/07/2000,EVENING
1578,1,7,16,20,25,19/07/2000,EVENING
1579,4,10,11,21,26,20/07/2000,EVENING
1580,13,16,17,18,21,21/07/2000,EVENING
1581,6,10,21,23,25,22/07/2000,EVENING
1582,5,6,9,13,19,23/07/2000,EVENING
1583,9,11,15,17,24,24/07/2000,EVENING
1584,2,6,18,19,20,25/07/2000,EVENING
1585,5,12,13,16,18,26/07/2000,EVENING
1586,4,9,11,22,26,27/07/2000,EVENING
1587,7,8,9,11,17,28/07/2000,EVENING
1588,3,4,12,16,17,29/07/2000,EVENING
1589,1,7,17,21,25,30/07/2000,EVENING
1590,13,15,17,23,26,31/07/2000,EVENING
1591,6,7,10,15,17,01/08/2000,EVENING
1592,13,15,21,24,26,02/08/2000,EVENING
1593,9,11,16,17,23,03/08/2000,EVENING
1594,3,4,14,17,22,04/08/2000,EVENING
1595,3,6,12,15,26,05/08/2000,EVENING
1596,4,12,13,15,18,06/08/2000,EVENING
1597,6,11,14,20,26,07/08/2000,EVENING
1598,3,4,6,14,16,08/08/2000,EVENING
1599,2,7,9,23,24,09/08/2000,EVENING
1600,3,13,15,25,26,10/08/2000,EVENING
1601,3,4,10,12,15,11/08/2000,EVENING
1602,2,10,13,15,18,12/08/2000,EVENING
1603,4,5,7,13,20,13/08/2000,EVENING
1604,11,12,13,19,26,14/08/2000,EVENING
1605,12,14,21,22,23,15/08/2000,EVENING
1606,1,16,18,19,21,16/08/2000,EVENING
1607,6,13,15,22,25,17/08/2000,EVENING
1608,1,5,10,13,23,18/08/2000,EVENING
1609,6,12,15,23,26,19/08/2000,EVENING
1610,4,18,19,20,25,20/08/2000,EVENING
1611,1,3,7,24,25,21/08/2000,EVENING
1612,8,11,12,15,22,22/08/2000,EVENING
1613,1,6,11,14,24,23/08/2000,EVENING
1614,3,4,9,18,22,24/08/2000,EVENING
1615,6,8,11,12,22,25/08/2000,EVENING
1616,5,9,12,13,21,26/08/2000,EVENING
1617,2,3,10,16,20,27/08/2000,EVENING
1618,1,8,13,20,24,28/08/2000,EVENING
1619,2,5,8,11,15,29/08/2000,EVENING
1620,5,7,8,25,26,30/08/2000,EVENING
1621,6,7,15,16,26,31/08/2000,EVENING
1622,7,8,11,24,25,01/09/2000,EVENING
1623,6,8,13,15,20,02/09/2000,EVENING
1624,5,10,16,17,19,03/09/2000,EVENING
1625,5,7,10,12,21,04/09/2000,EVENING
1626,9,10,14,16,25,05/09/2000,EVENING
1627,10,15,22,25,26,06/09/2000,EVENING
1628,3,12,17,20,24,07/09/2000,EVENING
1629,4,9,12,17,22,08/09/2000,EVENING
1630,15,17,19,25,26,09/09/2000,EVENING
1631,6,8,9,11,16,10/09/2000,EVENING
1632,2,4,6,19,20,11/09/2000,EVENING
1633,2,3,18,21,23,12/09/2000,EVENING
1634,10,12,14,17,18,13/09/2000,EVENING
1635,9,15,20,22,23,14/09/2000,EVENING
1636,6,11,18,19,24,15/09/2000,EVENING
1637,4,6,8,15,25,16/09/2000,EVENING
1638,2,7,9,10,23,17/09/2000,EVENING
1639,7,10,12,15,26,18/09/2000,EVENING
1640,1,2,14,20,25,19/09/2000,EVENING
1641,2,3,5,6,7,20/09/2000,EVENING
1642,7,8,10,18,19,21/09/2000,EVENING
1643,2,7,10,13,18,22/09/2000,EVENING
1644,4,13,15,20,25,23/09/2000,EVENING
1645,2,6,10,12,14,24/09/2000,EVENING
1646,9,16,17,21,25,25/09/2000,EVENING
1647,1,3,9,21,25,26/09/2000,EVENING
1648,8,13,14,15,20,27/09/2000,EVENING
1649,2,5,10,12,17,28/09/2000,EVENING
1650,4,5,15,19,22,29/09/2000,EVENING
1651,9,10,15,17,21,30/09/2000,EVENING
1652,7,8,12,20,23,01/10/2000,EVENING
1653,2,7,16,19,22,02/10/2000,EVENING
1654,4,12,14,24,25,03/10/2000,EVENING
1655,7,16,17,20,26,04/10/2000,EVENING
1656,6,8,19,24,26,05/10/2000,EVENING
1657,15,16,21,25,26,06/10/2000,EVENING
1658,6,9,11,16,18,07/10/2000,EVENING
1659,6,13,19,23,26,08/10/2000,EVENING
1660,2,6,19,21,24,09/10/2000,EVENING
1661,5,10,15,20,24,10/10/2000,EVENING
1662,6,8,14,15,23,11/10/2000,EVENING
1663,9,10,12,13,24,12/10/2000,EVENING
1664,9,15,16,17,25,13/10/2000,EVENING
1665,2,3,7,21,25,14/10/2000,EVENING
1666,1,2,8,19,25,15/10/2000,EVENING
1667,4,9,10,16,19,16/10/2000,EVENING
1668,2,15,16,23,25,17/10/2000,EVENING
1669,2,8,10,11,25,18/10/2000,EVENING
1670,1,2,5,13,26,19/10/2000,EVENING
1671,9,11,18,24,26,20/10/2000,EVENING
1672,2,4,15,24,26,21/10/2000,EVENING
1673,2,9,12,13,21,22/10/2000,EVENING
1674,1,5,13,15,20,23/10/2000,EVENING
1675,6,7,16,19,26,24/10/2000,EVENING
1676,3,14,16,24,25,25/10/2000,EVENING
1677,1,8,10,14,26,26/10/2000,EVENING
1678,2,13,15,22,25,27/10/2000,EVENING
1679,4,9,19,23,25,28/10/2000,EVENING
1680,3,10,12,16,23,29/10/2000,EVENING
1681,2,6,9,10,26,30/10/2000,EVENING
1682,5,6,12,14,22,31/10/2000,EVENING
1683,2,7,10,16,25,01/11/2000,EVENING
1684,4,5,7,19,26,02/11/2000,EVENING
1685,3,5,12,18,24,03/11/2000,EVENING
1686,3,8,11,17,23,04/11/2000,EVENING
1687,3,9,11,21,22,05/11/2000,EVENING
1688,1,11,14,15,22,06/11/2000,EVENING
1689,3,5,7,15,17,07/11/2000,EVENING
1690,5,8,17,19,25,08/11/2000,EVENING
1691,1,12,16,23,24,09/11/2000,EVENING
1692,1,4,7,9,20,10/11/2000,EVENING
1693,3,11,17,22,25,11/11/2000,EVENING
1694,3,5,8,15,25,12/11/2000,EVENING
1695,12,15,17,18,19,13/11/2000,EVENING
1696,4,8,12,13,17,14/11/2000,EVENING
1697,2,3,8,14,15,15/11/2000,EVENING
1698,5,6,15,18,21,16/11/2000,EVENING
1699,1,11,12,18,23,17/11/2000,EVENING
1700,4,11,12,20,25,18/11/2000,EVENING
1701,4,5,16,18,24,19/11/2000,EVENING
1702,2,3,14,17,25,20/11/2000,EVENING
1703,12,18,21,24,26,21/11/2000,EVENING
1704,6,11,13,17,24,22/11/2000,EVENING
1705,4,8,14,21,25,23/11/2000,EVENING
1706,4,11,13,17,20,24/11/2000,EVENING
1707,4,8,16,17,22,25/11/2000,EVENING
1708,2,3,19,24,26,26/11/2000,EVENING
1709,3,6,10,13,23,27/11/2000,EVENING
1710,14,23,24,25,26,28/11/2000,EVENING
1711,5,12,14,17,24,29/11/2000,EVENING
1712,2,6,14,20,24,30/11/2000,EVENING
1713,1,3,9,25,26,01/12/2000,EVENING
1714,13,14,16,20,24,02/12/2000,EVENING
1715,1,9,13,23,25,03/12/2000,EVENING
1716,6,10,13,23,25,04/12/2000,EVENING
1717,2,3,10,25,26,05/12/2000,EVENING
1718,7,9,15,20,23,06/12/2000,EVENING
1719,1,2,6,18,25,07/12/2000,EVENING
1720,4,13,14,16,18,08/12/2000,EVENING
1721,1,2,13,24,25,09/12/2000,EVENING
1722,1,4,10,16,22,10/12/2000,EVENING
1723,8,11,14,19,23,11/12/2000,EVENING
1724,2,4,8,12,14,12/12/2000,EVENING
1725,1,6,7,16,23,13/12/2000,EVENING
1726,1,9,10,11,20,14/12/2000,EVENING
1727,1,3,14,15,17,15/12/2000,EVENING
1728,4,7,8,18,21,16/12/2000,EVENING
1729,10,13,20,21,26,17/12/2000,EVENING
1730,5,7,8,12,13,18/12/2000,EVENING
1731,12,13,20,21,25,19/12/2000,EVENING
1732,5,7,9,15,23,20/12/2000,EVENING
1733,9,10,15,19,22,21/12/2000,EVENING
1734,2,12,14,18,23,22/12/2000,EVENING
1735,9,13,20,22,23,23/12/2000,EVENING
1736,1,3,10,18,24,24/12/2000,EVENING
1737,2,8,12,14,26,25/12/2000,EVENING
1738,2,9,12,21,26,26/12/2000,EVENING
1739,2,4,18,19,25,27/12/2000,EVENING
1740,8,11,14,21,26,28/12/2000,EVENING
1741,2,4,7,15,20,29/12/2000,EVENING
1742,2,9,11,12,17,30/12/2000,EVENING
1743,1,4,10,18,26,31/12/2000,EVENING
1744,2,10,18,20,26,01/01/2001,EVENING
1745,7,9,14,15,21,02/01/2001,EVENING
1746,1,7,15,17,19,03/01/2001,EVENING
1747,7,17,20,21,24,04/01/2001,EVENING
1748,1,10,11,18,24,05/01/2001,EVENING
1749,6,9,15,18,22,06/01/2001,EVENING
1750,5,8,12,20,26,07/01/2001,EVENING
1751,7,10,20,23,25,08/01/2001,EVENING
1752,2,10,16,25,26,09/01/2001,EVENING
1753,1,8,11,12,20,10/01/2001,EVENING
1754,4,7,10,20,21,11/01/2001,EVENING
1755,10,15,22,25,26,12/01/2001,EVENING
1756,3,8,12,17,20,13/01/2001,EVENING
1757,1,2,4,5,23,14/01/2001,EVENING
1758,1,4,18,19,24,15/01/2001,EVENING
1759,2,6,8,12,14,16/01/2001,EVENING
1760,1,4,13,15,16,17/01/2001,EVENING
1761,13,17,20,23,26,18/01/2001,EVENING
1762,2,3,4,15,19,19/01/2001,EVENING
1763,2,9,12,13,24,20/01/2001,EVENING
1764,2,6,7,20,26,21/01/2001,EVENING
1765,1,9,11,14,23,22/01/2001,EVENING
1766,1,10,14,20,26,23/01/2001,EVENING
1767,6,9,16,19,20,24/01/2001,EVENING
1768,5,13,20,22,25,25/01/2001,EVENING
1769,3,4,6,15,17,26/01/2001,EVENING
1770,5,7,15,19,21,27/01/2001,EVENING
1771,5,6,8,15,25,28/01/2001,EVENING
1772,2,4,19,21,26,29/01/2001,EVENING
1773,1,7,20,23,24,30/01/2001,EVENING
1774,2,4,10,13,18,31/01/2001,EVENING
1775,1,7,9,10,16,01/02/2001,EVENING
1776,1,5,6,14,26,02/02/2001,EVENING
1777,2,4,8,15,24,03/02/2001,EVENING
1778,10,15,23,24,26,04/02/2001,EVENING
1779,2,5,10,20,21,05/02/2001,EVENING
1780,5,12,19,21,25,06/02/2001,EVENING
1781,11,13,17,18,26,07/02/2001,EVENING
1782,2,9,15,17,20,08/02/2001,EVENING
1783,4,10,12,13,17,09/02/2001,EVENING
1784,1,2,15,16,26,10/02/2001,EVENING
1785,4,16,17,19,25,11/02/2001,EVENING
1786,2,4,11,13,25,12/02/2001,EVENING
1787,1,5,14,18,23,13/02/2001,EVENING
1788,14,15,17,23,26,14/02/2001,EVENING
1789,7,16,20,22,25,15/02/2001,EVENING
1790,7,8,11,14,23,16/02/2001,EVENING
1791,3,6,19,22,25,17/02/2001,EVENING
1792,3,13,20,23,25,18/02/2001,EVENING
1793,3,6,9,12,15,19/02/2001,EVENING
1794,8,18,21,22,24,20/02/2001,EVENING
1795,3,5,14,16,20,21/02/2001,EVENING
1796,5,10,12,16,25,22/02/2001,EVENING
1797,5,6,8,13,25,23/02/2001,EVENING
1798,2,4,7,8,9,24/02/2001,EVENING
1799,7,17,18,19,20,25/02/2001,EVENING
1800,3,12,13,21,26,26/02/2001,EVENING
1801,6,9,10,20,25,27/02/2001,EVENING
1802,16,17,19,22,26,28/02/2001,EVENING
1803,1,4,7,9,23,01/03/2001,EVENING
1804,1,7,19,22,25,02/03/2001,EVENING
1805,5,7,12,19,20,03/03/2001,EVENING
1806,3,7,8,11,17,04/03/2001,EVENING
1807,3,6,17,23,25,05/03/2001,EVENING
1808,2,6,7,9,19,06/03/2001,EVENING
1809,1,2,3,11,17,07/03/2001,EVENING
1810,4,6,9,22,24,08/03/2001,EVENING
1811,7,8,9,17,24,09/03/2001,EVENING
1812,2,4,7,10,16,10/03/2001,EVENING
1813,1,8,9,10,21,11/03/2001,EVENING
1814,1,8,10,12,18,12/03/2001,EVENING
1815,7,11,19,22,25,13/03/2001,EVENING
1816,1,9,11,16,18,14/03/2001,EVENING
1817,9,16,20,24,25,15/03/2001,EVENING
1818,3,4,6,14,16,16/03/2001,EVENING
1819,2,3,5,13,20,17/03/2001,EVENING
1820,3,10,13,18,24,18/03/2001,EVENING
1821,7,11,14,18,20,19/03/2001,EVENING
1822,6,11,12,21,24,20/03/2001,EVENING
1823,1,2,14,16,19,21/03/2001,EVENING
1824,11,14,15,20,21,22/03/2001,EVENING
1825,1,3,4,8,17,23/03/2001,EVENING
1826,1,2,11,13,20,24/03/2001,EVENING
1827,5,15,16,22,24,25/03/2001,EVENING
1828,1,4,7,8,22,26/03/2001,EVENING
1829,10,15,16,20,21,27/03/2001,EVENING
1830,7,8,9,11,18,28/03/2001,EVENING
1831,1,21,22,24,25,29/03/2001,EVENING
1832,2,3,8,13,14,30/03/2001,EVENING
1833,6,7,10,16,25,31/03/2001,EVENING
1834,15,19,20,21,24,01/04/2001,EVENING
1835,2,7,12,13,24,02/04/2001,EVENING
1836,7,12,20,23,26,03/04/2001,EVENING
1837,1,8,9,13,25,04/04/2001,EVENING
1838,1,10,15,22,25,05/04/2001,EVENING
1839,10,13,17,21,24,06/04/2001,EVENING
1840,8,11,12,15,24,07/04/2001,EVENING
1841,9,10,17,19,26,08/04/2001,EVENING
1842,6,14,15,16,26,09/04/2001,EVENING
1843,1,8,9,17,23,10/04/2001,EVENING
1844,7,12,13,22,26,11/04/2001,EVENING
1845,11,18,20,21,26,12/04/2001,EVENING
1846,9,10,12,17,26,13/04/2001,EVENING
1847,1,2,3,18,20,14/04/2001,EVENING
1848,1,5,6,9,17,15/04/2001,EVENING
1849,8,12,18,20,25,16/04/2001,EVENING
1850,7,12,15,16,23,17/04/2001,EVENING
1851,8,14,16,18,21,18/04/2001,EVENING
1852,1,2,13,20,23,19/04/2001,EVENING
1853,1,6,8,11,17,20/04/2001,EVENING
1854,4,8,18,20,22,21/04/2001,EVENING
1855,6,10,16,18,20,22/04/2001,EVENING
1856,4,7,10,16,20,23/04/2001,EVENING
1857,1,2,6,13,21,24/04/2001,EVENING
1858,7,8,14,19,20,25/04/2001,EVENING
1859,5,6,12,23,24,26/04/2001,EVENING
1860,2,12,15,23,25,27/04/2001,EVENING
1861,5,6,20,21,22,28/04/2001,EVENING
1862,4,9,10,15,19,29/04/2001,EVENING
1863,8,15,18,23,24,30/04/2001,EVENING
1864,7,10,12,19,24,01/05/2001,EVENING
1865,1,2,13,15,24,02/05/2001,EVENING
1866,5,10,14,17,23,03/05/2001,EVENING
1867,13,16,17,22,26,04/05/2001,EVENING
1868,2,3,5,9,12,05/05/2001,EVENING
1869,1,4,17,22,25,06/05/2001,EVENING
1870,1,3,13,14,16,07/05/2001,EVENING
1871,5,11,14,19,21,08/05/2001,EVENING
1872,1,9,18,23,25,09/05/2001,EVENING
1873,5,7,9,15,21,10/05/2001,EVENING
1874,1,6,17,22,25,11/05/2001,EVENING
1875,9,11,12,14,15,12/05/2001,EVENING
1876,5,9,10,20,25,13/05/2001,EVENING
1877,4,8,10,12,14,14/05/2001,EVENING
1878,6,7,8,15,18,15/05/2001,EVENING
1879,14,18,19,20,22,16/05/2001,EVENING
1880,7,18,21,23,24,17/05/2001,EVENING
1881,1,6,14,16,25,18/05/2001,EVENING
1882,2,7,16,24,26,19/05/2001,EVENING
1883,1,3,4,18,23,20/05/2001,EVENING
1884,1,3,18,20,26,21/05/2001,EVENING
1885,5,10,11,17,25,22/05/2001,EVENING
1886,12,15,16,21,26,23/05/2001,EVENING
1887,7,8,23,24,25,24/05/2001,EVENING
1888,2,9,16,23,25,25/05/2001,EVENING
1889,3,13,19,22,24,26/05/2001,EVENING
1890,3,4,5,15,18,27/05/2001,EVENING
1891,6,16,17,24,26,28/05/2001,EVENING
1892,7,9,12,19,21,29/05/2001,EVENING
1893,4,7,9,13,23,30/05/2001,EVENING
1894,10,17,20,21,26,31/05/2001,EVENING
1895,1,2,11,14,25,01/06/2001,EVENING
1896,2,3,16,17,18,02/06/2001,EVENING
1897,10,15,19,25,26,03/06/2001,EVENING
1898,4,8,18,21,24,04/06/2001,EVENING
1899,10,13,16,24,25,05/06/2001,EVENING
1900,13,16,18,20,24,06/06/2001,EVENING
1901,1,11,20,22,26,07/06/2001,EVENING
1902,10,13,20,23,25,08/06/2001,EVENING
1903,3,5,15,17,22,09/06/2001,EVENING
1904,10,11,12,25,26,10/06/2001,EVENING
1905,4,10,11,13,26,11/06/2001,EVENING
1906,14,16,21,22,24,12/06/2001,EVENING
1907,2,6,14,18,22,13/06/2001,EVENING
1908,8,11,12,14,23,14/06/2001,EVENING
1909,2,7,19,21,24,15/06/2001,EVENING
1910,1,3,7,15,26,16/06/2001,EVENING
1911,6,8,9,15,25,17/06/2001,EVENING
1912,2,3,18,19,25,18/06/2001,EVENING
1913,1,7,10,14,17,19/06/2001,EVENING
1914,3,8,17,20,22,20/06/2001,EVENING
1915,6,8,10,12,26,21/06/2001,EVENING
1916,6,8,18,19,21,22/06/2001,EVENING
1917,4,21,23,24,25,23/06/2001,EVENING
1918,1,3,11,14,25,24/06/2001,EVENING
1919,1,6,12,19,23,25/06/2001,EVENING
1920,12,14,19,21,22,26/06/2001,EVENING
1921,13,14,15,21,23,27/06/2001,EVENING
1922,4,6,16,24,26,28/06/2001,EVENING
1923,1,8,11,14,26,29/06/2001,EVENING
1924,3,8,10,14,17,30/06/2001,EVENING
1925,2,3,4,15,26,01/07/2001,EVENING
1926,1,11,12,18,23,02/07/2001,EVENING
1927,10,15,16,18,25,03/07/2001,EVENING
1928,7,11,12,18,19,04/07/2001,EVENING
1929,1,6,12,13,22,05/07/2001,EVENING
1930,2,9,11,13,21,06/07/2001,EVENING
1931,6,11,12,13,26,07/07/2001,EVENING
1932,1,6,13,16,17,08/07/2001,EVENING
1933,6,18,20,22,24,09/07/2001,EVENING
1934,8,9,10,11,26,10/07/2001,EVENING
1935,7,12,15,17,22,11/07/2001,EVENING
1936,5,7,12,16,25,12/07/2001,EVENING
1937,1,4,8,14,22,13/07/2001,EVENING
1938,2,3,9,15,25,14/07/2001,EVENING
1939,6,7,9,20,26,15/07/2001,EVENING
1940,7,17,21,34,35,16/07/2001,EVENING
1941,1,14,15,32,33,17/07/2001,EVENING
1942,2,5,11,15,20,18/07/2001,EVENING
1943,1,2,5,24,28,19/07/2001,EVENING
1944,7,9,25,27,35,20/07/2001,EVENING
1945,2,12,20,25,29,21/07/2001,EVENING
1946,5,7,16,25,28,22/07/2001,EVENING
1947,7,13,17,20,21,23/07/2001,EVENING
1948,1,7,11,27,35,24/07/2001,EVENING
1949,16,21,24,28,35,25/07/2001,EVENING
1950,10,11,13,21,34,26/07/2001,EVENING
1951,15,25,28,34,35,27/07/2001,EVENING
1952,24,25,26,29,32,28/07/2001,EVENING
1953,7,18,21,22,24,29/07/2001,EVENING
1954,6,9,18,24,29,30/07/2001,EVENING
1955,10,16,20,21,26,31/07/2001,EVENING
1956,2,4,14,27,35,01/08/2001,EVENING
1957,7,15,17,24,33,02/08/2001,EVENING
1958,4,8,18,21,35,03/08/2001,EVENING
1959,3,8,21,28,33,04/08/2001,EVENING
1960,15,17,22,25,27,05/08/2001,EVENING
1961,9,13,20,24,36,06/08/2001,EVENING
1962,3,12,21,29,36,07/08/2001,EVENING
1963,2,12,22,31,32,08/08/2001,EVENING
1964,16,20,26,27,34,09/08/2001,EVENING
1965,5,10,14,20,26,10/08/2001,EVENING
1966,1,13,20,31,32,11/08/2001,EVENING
1967,7,10,15,23,30,12/08/2001,EVENING
1968,20,28,29,32,36,13/08/2001,EVENING
1969,7,19,25,27,29,14/08/2001,EVENING
1970,9,18,31,32,35,15/08/2001,EVENING
1971,1,7,20,27,29,16/08/2001,EVENING
1972,4,15,22,30,33,17/08/2001,EVENING
1973,5,7,17,28,32,18/08/2001,EVENING
1974,3,5,9,17,30,19/08/2001,EVENING
1975,2,20,29,30,31,20/08/2001,EVENING
1976,4,10,18,25,35,21/08/2001,EVENING
1977,3,8,9,14,22,22/08/2001,EVENING
1978,9,14,20,25,29,23/08/2001,EVENING
1979,14,16,21,24,25,24/08/2001,EVENING
1980,10,17,21,26,30,25/08/2001,EVENING
1981,3,7,19,22,33,26/08/2001,EVENING
1982,5,6,16,20,31,27/08/2001,EVENING
1983,11,20,21,24,28,28/08/2001,EVENING
1984,4,8,16,19,31,29/08/2001,EVENING
1985,6,8,11,20,36,30/08/2001,EVENING
1986,4,15,20,21,22,31/08/2001,EVENING
1987,3,4,10,12,21,01/09/2001,EVENING
1988,11,12,17,25,32,02/09/2001,EVENING
1989,3,5,27,32,36,03/09/2001,EVENING
1990,3,6,22,24,34,04/09/2001,EVENING
1991,2,4,9,19,34,05/09/2001,EVENING
1992,10,21,25,27,35,06/09/2001,EVENING
1993,6,11,12,27,31,07/09/2001,EVENING
1994,8,15,22,24,30,08/09/2001,EVENING
1995,1,13,16,20,34,09/09/2001,EVENING
1996,2,12,17,31,32,10/09/2001,EVENING
1997,5,7,18,27,34,11/09/2001,EVENING
1998,4,7,16,24,36,12/09/2001,EVENING
1999,14,22,27,31,32,13/09/2001,EVENING
2000,3,13,14,28,30,14/09/2001,EVENING
2001,8,12,13,27,29,15/09/2001,EVENING
2002,11,18,19,28,36,16/09/2001,EVENING
2003,5,8,26,32,33,17/09/2001,EVENING
2004,5,8,16,33,35,18/09/2001,EVENING
2005,10,22,23,28,29,19/09/2001,EVENING
2006,5,12,22,29,34,20/09/2001,EVENING
2007,18,27,31,33,35,21/09/2001,EVENING
2008,17,19,21,35,36,22/09/2001,EVENING
2009,5,10,20,25,31,23/09/2001,EVENING
2010,2,17,28,30,36,24/09/2001,EVENING
2011,2,21,22,32,36,25/09/2001,EVENING
2012,12,13,28,32,35,26/09/2001,EVENING
2013,1,6,26,33,35,27/09/2001,EVENING
2014,1,4,25,27,28,28/09/2001,EVENING
2015,1,7,11,16,21,29/09/2001,EVENING
2016,5,10,12,16,23,30/09/2001,EVENING
2017,17,20,23,27,33,01/10/2001,EVENING
2018,10,12,14,21,32,02/10/2001,EVENING
2019,1,13,15,18,34,03/10/2001,EVENING
2020,6,7,18,23,35,04/10/2001,EVENING
2021,5,6,11,19,35,05/10/2001,EVENING
2022,9,11,13,14,30,06/10/2001,EVENING
2023,5,14,16,20,31,07/10/2001,EVENING
2024,11,28,33,34,36,08/10/2001,EVENING
2025,17,18,23,25,33,09/10/2001,EVENING
2026,7,10,15,20,25,10/10/2001,EVENING
2027,7,11,19,32,35,11/10/2001,EVENING
2028,11,19,23,26,35,12/10/2001,EVENING
2029,4,18,20,32,33,13/10/2001,EVENING
2030,4,7,21,22,28,14/10/2001,EVENING
2031,6,8,14,18,21,15/10/2001,EVENING
2032,1,12,15,18,33,16/10/2001,EVENING
2033,3,9,16,19,32,17/10/2001,EVENING
2034,3,14,20,32,36,18/10/2001,EVENING
2035,10,11,15,32,36,19/10/2001,EVENING
2036,3,5,6,13,31,20/10/2001,EVENING
2037,2,10,21,27,30,21/10/2001,EVENING
2038,2,22,28,30,31,22/10/2001,EVENING
2039,5,8,18,33,36,23/10/2001,EVENING
2040,3,7,8,18,24,24/10/2001,EVENING
2041,12,16,25,28,29,25/10/2001,EVENING
2042,3,12,19,20,24,26/10/2001,EVENING
2043,9,13,16,29,35,27/10/2001,EVENING
2044,1,2,3,4,17,28/10/2001,EVENING
2045,6,18,21,33,35,29/10/2001,EVENING
2046,11,19,21,23,36,30/10/2001,EVENING
2047,12,17,22,26,32,31/10/2001,EVENING
2048,5,9,13,31,34,01/11/2001,EVENING
2049,6,9,24,30,36,02/11/2001,EVENING
2050,2,14,16,25,32,03/11/2001,EVENING
2051,7,9,24,31,32,04/11/2001,EVENING
2052,3,10,12,30,31,05/11/2001,EVENING
2053,1,11,15,25,30,06/11/2001,EVENING
2054,8,14,19,20,25,07/11/2001,EVENING
2055,4,7,14,20,34,08/11/2001,EVENING
2056,2,3,5,13,25,09/11/2001,EVENING
2057,12,18,22,26,34,10/11/2001,EVENING
2058,1,2,3,11,17,11/11/2001,EVENING
2059,16,25,30,34,35,12/11/2001,EVENING
2060,2,19,34,35,36,13/11/2001,EVENING
2061,1,16,24,30,33,14/11/2001,EVENING
2062,4,16,26,29,33,15/11/2001,EVENING
2063,5,12,13,19,26,16/11/2001,EVENING
2064,3,8,16,18,21,17/11/2001,EVENING
2065,12,14,16,28,34,18/11/2001,EVENING
2066,3,11,13,19,35,19/11/2001,EVENING
2067,4,5,16,20,26,20/11/2001,EVENING
2068,3,6,24,27,30,21/11/2001,EVENING
2069,4,10,20,21,26,22/11/2001,EVENING
2070,2,25,27,35,36,23/11/2001,EVENING
2071,2,7,22,23,32,24/11/2001,EVENING
2072,4,8,12,19,35,25/11/2001,EVENING
2073,4,16,28,34,36,26/11/2001,EVENING
2074,8,15,18,30,35,27/11/2001,EVENING
2075,7,10,19,27,29,28/11/2001,EVENING
2076,13,20,25,31,36,29/11/2001,EVENING
2077,11,12,19,20,23,30/11/2001,EVENING
2078,3,5,10,24,33,01/12/2001,EVENING
2079,12,16,19,22,23,02/12/2001,EVENING
2080,3,6,17,25,34,03/12/2001,EVENING
2081,15,22,23,31,35,04/12/2001,EVENING
2082,10,19,20,22,34,05/12/2001,EVENING
2083,4,19,20,22,35,06/12/2001,EVENING
2084,3,8,14,26,32,07/12/2001,EVENING
2085,10,13,15,18,30,08/12/2001,EVENING
2086,2,7,9,28,36,09/12/2001,EVENING
2087,14,15,23,27,28,10/12/2001,EVENING
2088,2,7,20,28,32,11/12/2001,EVENING
2089,8,15,19,26,30,12/12/2001,EVENING
2090,4,20,22,32,33,13/12/2001,EVENING
2091,12,14,25,28,34,14/12/2001,EVENING
2092,8,17,18,26,32,15/12/2001,EVENING
2093,10,27,28,29,34,16/12/2001,EVENING
2094,1,2,5,16,19,17/12/2001,EVENING
2095,11,15,25,26,34,18/12/2001,EVENING
2096,2,4,21,23,31,19/12/2001,EVENING
2097,2,7,14,15,35,20/12/2001,EVENING
2098,7,10,12,20,26,21/12/2001,EVENING
2099,3,12,15,19,36,22/12/2001,EVENING
2100,3,12,20,25,26,23/12/2001,EVENING
2101,1,2,7,25,32,24/12/2001,EVENING
2102,3,9,10,11,19,25/12/2001,EVENING
2103,1,12,15,18,23,26/12/2001,EVENING
2104,19,22,23,25,27,27/12/2001,EVENING
2105,8,20,21,30,31,28/12/2001,EVENING
2106,1,5,8,16,36,29/12/2001,EVENING
2107,4,8,9,14,25,30/12/2001,EVENING
2108,5,15,16,32,36,31/12/2001,EVENING
2109,9,10,13,21,36,01/01/2002,EVENING
2110,10,18,22,23,27,02/01/2002,EVENING
2111,4,9,32,34,35,03/01/2002,EVENING
2112,1,7,15,22,30,04/01/2002,EVENING
2113,13,21,25,30,35,05/01/2002,EVENING
2114,8,18,24,28,33,06/01/2002,EVENING
2115,4,5,6,15,17,07/01/2002,EVENING
2116,7,9,14,19,36,08/01/2002,EVENING
2117,14,17,19,24,31,09/01/2002,EVENING
2118,2,8,11,14,19,10/01/2002,EVENING
2119,5,18,26,29,36,11/01/2002,EVENING
2120,20,29,31,32,34,12/01/2002,EVENING
2121,4,15,22,25,32,13/01/2002,EVENING
2122,3,16,28,30,31,14/01/2002,EVENING
2123,7,11,23,28,33,15/01/2002,EVENING
2124,4,25,31,32,34,16/01/2002,EVENING
2125,1,2,9,20,25,17/01/2002,EVENING
2126,18,19,29,31,34,18/01/2002,EVENING
2127,2,3,5,16,24,19/01/2002,EVENING
2128,1,12,29,35,36,20/01/2002,EVENING
2129,1,12,15,24,36,21/01/2002,EVENING
2130,10,23,24,25,28,22/01/2002,EVENING
2131,9,13,25,27,29,23/01/2002,EVENING
2132,8,10,12,24,33,24/01/2002,EVENING
2133,1,4,8,10,30,25/01/2002,EVENING
2134,15,16,17,30,36,26/01/2002,EVENING
2135,3,16,27,29,31,27/01/2002,EVENING
2136,11,18,21,28,32,28/01/2002,EVENING
2137,9,15,19,20,35,29/01/2002,EVENING
2138,2,9,13,27,35,30/01/2002,EVENING
2139,10,13,20,24,27,31/01/2002,EVENING
2140,4,19,24,25,35,01/02/2002,EVENING
2141,26,29,31,32,33,02/02/2002,EVENING
2142,2,10,13,31,33,03/02/2002,EVENING
2143,8,13,16,19,35,04/02/2002,EVENING
2144,15,17,18,20,25,05/02/2002,EVENING
2145,8,9,11,19,27,06/02/2002,EVENING
2146,14,16,18,30,36,07/02/2002,EVENING
2147,8,21,22,26,28,08/02/2002,EVENING
2148,18,19,21,25,27,09/02/2002,EVENING
2149,6,9,18,28,33,10/02/2002,EVENING
2150,9,12,31,33,34,11/02/2002,EVENING
2151,10,17,18,23,35,12/02/2002,EVENING
2152,4,7,21,23,32,13/02/2002,EVENING
2153,4,7,12,19,21,14/02/2002,EVENING
2154,9,12,15,31,35,15/02/2002,EVENING
2155,5,25,28,31,33,16/02/2002,EVENING
2156,18,21,26,27,31,17/02/2002,EVENING
2157,16,18,19,23,34,18/02/2002,EVENING
2158,4,5,10,16,35,19/02/2002,EVENING
2159,7,16,19,28,34,20/02/2002,EVENING
2160,4,6,7,17,24,21/02/2002,EVENING
2161,5,7,17,27,35,22/02/2002,EVENING
2162,16,19,21,32,34,23/02/2002,EVENING
2163,1,5,11,16,24,24/02/2002,EVENING
2164,2,4,7,17,34,25/02/2002,EVENING
2165,3,9,29,33,34,26/02/2002,EVENING
2166,5,7,12,23,34,27/02/2002,EVENING
2167,2,5,6,12,32,28/02/2002,EVENING
2168,13,16,22,28,33,01/03/2002,EVENING
2169,5,9,13,34,36,02/03/2002,EVENING
2170,19,24,25,27,36,03/03/2002,EVENING
2171,16,17,20,28,35,04/03/2002,EVENING
2172,2,9,10,16,36,05/03/2002,EVENING
2173,7,16,27,31,32,06/03/2002,EVENING
2174,21,22,30,35,36,07/03/2002,EVENING
2175,4,8,11,21,31,08/03/2002,EVENING
2176,2,3,16,30,35,09/03/2002,EVENING
2177,2,11,12,28,32,10/03/2002,EVENING
2178,7,23,25,28,32,11/03/2002,EVENING
2179,9,15,17,20,36,12/03/2002,EVENING
2180,14,16,22,23,34,13/03/2002,EVENING
2181,16,17,26,28,34,14/03/2002,EVENING
2182,2,10,12,24,30,15/03/2002,EVENING
2183,3,10,16,20,28,16/03/2002,EVENING
2184,3,5,12,19,22,17/03/2002,EVENING
2185,1,6,14,17,29,18/03/2002,EVENING
2186,2,10,15,24,26,19/03/2002,EVENING
2187,6,7,22,29,33,20/03/2002,EVENING
2188,2,4,5,28,29,21/03/2002,EVENING
2189,1,5,19,20,21,22/03/2002,EVENING
2190,1,5,21,31,35,23/03/2002,EVENING
2191,7,15,19,24,27,24/03/2002,EVENING
2192,1,5,11,20,31,25/03/2002,EVENING
2193,9,10,12,19,24,26/03/2002,EVENING
2194,10,11,14,20,24,27/03/2002,EVENING
2195,16,18,22,24,29,28/03/2002,EVENING
2196,10,13,22,28,31,29/03/2002,EVENING
2197,2,3,5,12,28,30/03/2002,EVENING
2198,19,26,33,34,36,31/03/2002,EVENING
2199,3,18,21,25,26,01/04/2002,EVENING
2200,3,12,14,34,36,02/04/2002,EVENING
2201,5,15,30,31,36,03/04/2002,EVENING
2202,2,11,18,24,34,04/04/2002,EVENING
2203,12,13,16,20,33,05/04/2002,EVENING
2204,2,8,9,11,32,06/04/2002,EVENING
2205,2,6,16,19,28,07/04/2002,EVENING
2206,1,12,13,20,26,08/04/2002,EVENING
2207,2,3,12,32,35,09/04/2002,EVENING
2208,1,4,17,26,28,10/04/2002,EVENING
2209,12,16,18,24,32,11/04/2002,EVENING
2210,11,19,32,33,35,12/04/2002,EVENING
2211,6,13,17,19,22,13/04/2002,EVENING
2212,8,13,17,26,33,14/04/2002,EVENING
2213,12,18,22,28,35,15/04/2002,EVENING
2214,1,14,26,31,35,16/04/2002,EVENING
2215,11,16,21,29,30,17/04/2002,EVENING
2216,1,10,17,24,26,18/04/2002,EVENING
2217,18,20,22,28,29,19/04/2002,EVENING
2218,3,8,21,30,31,20/04/2002,EVENING
2219,5,24,25,27,33,21/04/2002,EVENING
2220,7,12,13,25,26,22/04/2002,EVENING
2221,2,3,16,20,36,23/04/2002,EVENING
2222,6,16,22,23,33,24/04/2002,EVENING
2223,2,3,8,22,36,25/04/2002,EVENING
2224,4,5,12,26,29,26/04/2002,EVENING
2225,2,3,6,17,18,27/04/2002,EVENING
2226,3,12,32,33,34,28/04/2002,EVENING
2227,7,10,12,26,29,29/04/2002,EVENING
2228,5,10,12,15,25,30/04/2002,EVENING
2229,1,3,10,15,17,01/05/2002,EVENING
2230,11,23,27,31,36,02/05/2002,EVENING
2231,1,4,17,24,31,03/05/2002,EVENING
2232,1,3,16,25,31,04/05/2002,EVENING
2233,16,19,26,33,34,05/05/2002,EVENING
2234,6,9,16,21,36,06/05/2002,EVENING
2235,3,20,28,34,36,07/05/2002,EVENING
2236,6,8,22,31,34,08/05/2002,EVENING
2237,1,3,14,15,29,09/05/2002,EVENING
2238,4,16,23,30,31,10/05/2002,EVENING
2239,3,15,23,25,32,11/05/2002,EVENING
2240,9,11,29,34,35,12/05/2002,EVENING
2241,6,16,27,28,36,13/05/2002,EVENING
2242,8,10,27,30,31,14/05/2002,EVENING
2243,4,22,26,27,31,15/05/2002,EVENING
2244,19,20,30,32,36,16/05/2002,EVENING
2245,11,13,16,26,31,17/05/2002,EVENING
2246,4,5,30,31,33,18/05/2002,EVENING
2247,2,10,17,18,21,19/05/2002,EVENING
2248,2,4,8,9,34,20/05/2002,EVENING
2249,1,18,23,25,32,21/05/2002,EVENING
2250,3,14,20,22,28,22/05/2002,EVENING
2251,2,5,8,9,14,23/05/2002,EVENING
2252,15,16,17,24,32,24/05/2002,EVENING
2253,8,11,12,20,31,25/05/2002,EVENING
2254,5,16,18,28,34,26/05/2002,EVENING
2255,3,18,23,25,35,27/05/2002,EVENING
2256,8,19,24,29,31,28/05/2002,EVENING
2257,4,8,10,26,33,29/05/2002,EVENING
2258,10,12,27,28,36,30/05/2002,EVENING
2259,1,3,25,33,34,31/05/2002,EVENING
2260,2,4,16,20,33,01/06/2002,EVENING
2261,11,15,19,26,35,02/06/2002,EVENING
2262,3,12,16,23,31,03/06/2002,EVENING
2263,9,11,19,23,35,04/06/2002,EVENING
2264,2,5,27,31,32,05/06/2002,EVENING
2265,2,12,20,22,36,06/06/2002,EVENING
2266,3,6,8,21,27,07/06/2002,EVENING
2267,1,7,8,11,25,08/06/2002,EVENING
2268,3,7,14,19,24,09/06/2002,EVENING
2269,3,12,14,24,28,10/06/2002,EVENING
2270,9,17,22,26,36,11/06/2002,EVENING
2271,8,15,18,20,33,12/06/2002,EVENING
2272,1,6,10,19,32,13/06/2002,EVENING
2273,6,11,12,13,31,14/06/2002,EVENING
2274,10,15,16,21,28,15/06/2002,EVENING
2275,7,13,23,29,32,16/06/2002,EVENING
2276,10,18,21,25,29,17/06/2002,EVENING
2277,2,9,30,31,33,18/06/2002,EVENING
2278,2,11,16,18,36,19/06/2002,EVENING
2279,8,20,29,32,35,20/06/2002,EVENING
2280,5,8,14,16,22,21/06/2002,EVENING
2281,4,6,14,25,34,22/06/2002,EVENING
2282,1,11,13,19,33,23/06/2002,EVENING
2283,7,8,16,19,33,24/06/2002,EVENING
2284,7,11,18,21,35,25/06/2002,EVENING
2285,4,9,17,26,27,26/06/2002,EVENING
2286,6,9,18,19,20,27/06/2002,EVENING
2287,17,19,21,24,30,28/06/2002,EVENING
2288,2,8,9,12,16,29/06/2002,EVENING
2289,10,16,20,32,33,30/06/2002,EVENING
2290,7,8,21,27,35,01/07/2002,EVENING
2291,12,13,18,29,33,02/07/2002,EVENING
2292,5,19,26,30,34,03/07/2002,EVENING
2293,12,13,17,25,36,04/07/2002,EVENING
2294,17,18,22,27,32,05/07/2002,EVENING
2295,8,14,28,30,31,06/07/2002,EVENING
2296,1,16,17,24,29,07/07/2002,EVENING
2297,6,21,26,27,28,08/07/2002,EVENING
2298,3,15,25,29,35,09/07/2002,EVENING
2299,3,6,10,22,28,10/07/2002,EVENING
2300,2,4,13,15,34,11/07/2002,EVENING
2301,4,10,11,15,26,12/07/2002,EVENING
2302,6,14,17,18,25,13/07/2002,EVENING
2303,1,4,21,22,35,14/07/2002,EVENING
2304,1,11,12,29,36,15/07/2002,EVENING
2305,7,11,15,25,35,16/07/2002,EVENING
2306,1,12,14,19,22,17/07/2002,EVENING
2307,2,3,23,27,33,18/07/2002,EVENING
2308,7,10,15,24,28,19/07/2002,EVENING
2309,8,11,12,15,25,20/07/2002,EVENING
2310,6,15,17,32,35,21/07/2002,EVENING
2311,3,9,15,16,36,22/07/2002,EVENING
2312,5,6,19,27,28,23/07/2002,EVENING
2313,5,16,21,27,36,24/07/2002,EVENING
2314,1,2,23,24,27,25/07/2002,EVENING
2315,2,8,13,22,27,26/07/2002,EVENING
2316,5,8,30,33,35,27/07/2002,EVENING
2317,3,6,7,27,28,28/07/2002,EVENING
2318,7,9,13,22,29,29/07/2002,EVENING
2319,1,7,15,30,31,30/07/2002,EVENING
2320,6,18,20,29,32,31/07/2002,EVENING
2321,6,9,17,31,34,01/08/2002,EVENING
2322,4,15,19,22,23,02/08/2002,EVENING
2323,9,20,23,29,36,03/08/2002,EVENING
2324,1,3,10,18,19,04/08/2002,EVENING
2325,9,21,24,28,31,05/08/2002,EVENING
2326,2,7,15,18,21,06/08/2002,EVENING
2327,11,12,19,20,29,07/08/2002,EVENING
2328,1,2,22,23,32,08/08/2002,EVENING
2329,8,16,29,30,32,09/08/2002,EVENING
2330,1,7,25,32,36,10/08/2002,EVENING
2331,11,20,27,33,36,11/08/2002,EVENING
2332,6,9,12,13,31,12/08/2002,EVENING
2333,11,12,14,21,30,13/08/2002,EVENING
2334,11,18,22,28,34,14/08/2002,EVENING
2335,22,25,27,33,35,15/08/2002,EVENING
2336,11,20,25,33,34,16/08/2002,EVENING
2337,1,14,21,26,32,17/08/2002,EVENING
2338,1,3,7,10,27,18/08/2002,EVENING
2339,16,20,25,30,34,19/08/2002,EVENING
2340,7,13,23,32,34,20/08/2002,EVENING
2341,12,17,26,31,32,21/08/2002,EVENING
2342,3,7,10,19,36,22/08/2002,EVENING
2343,7,11,18,32,33,23/08/2002,EVENING
2344,2,18,24,27,32,24/08/2002,EVENING
2345,8,13,17,19,33,25/08/2002,EVENING
2346,4,15,16,28,36,26/08/2002,EVENING
2347,4,8,9,15,34,27/08/2002,EVENING
2348,1,7,14,19,22,28/08/2002,EVENING
2349,4,5,7,23,35,29/08/2002,EVENING
2350,10,11,15,33,35,30/08/2002,EVENING
2351,4,9,13,22,34,31/08/2002,EVENING
2352,5,6,15,28,33,01/09/2002,EVENING
2353,4,11,12,19,33,02/09/2002,EVENING
2354,1,7,15,21,22,03/09/2002,EVENING
2355,1,8,26,31,32,04/09/2002,EVENING
2356,3,8,21,30,36,05/09/2002,EVENING
2357,7,21,22,25,33,06/09/2002,EVENING
2358,6,23,27,28,32,07/09/2002,EVENING
2359,1,2,20,26,31,08/09/2002,EVENING
2360,6,11,16,24,34,09/09/2002,EVENING
2361,1,5,22,32,36,10/09/2002,EVENING
2362,5,7,12,24,27,11/09/2002,EVENING
2363,6,19,30,31,35,12/09/2002,EVENING
2364,3,12,19,20,25,13/09/2002,EVENING
2365,6,11,17,20,34,14/09/2002,EVENING
2366,2,11,14,23,28,15/09/2002,EVENING
2367,17,21,33,34,35,16/09/2002,EVENING
2368,1,2,13,18,23,17/09/2002,EVENING
2369,5,6,14,25,29,18/09/2002,EVENING
2370,16,20,23,34,35,19/09/2002,EVENING
2371,13,29,33,34,35,20/09/2002,EVENING
2372,2,6,16,34,36,21/09/2002,EVENING
2373,3,16,25,30,32,22/09/2002,EVENING
2374,5,18,23,27,28,23/09/2002,EVENING
2375,1,5,9,26,31,24/09/2002,EVENING
2376,6,12,15,21,28,25/09/2002,EVENING
2377,3,4,20,35,36,26/09/2002,EVENING
2378,1,3,20,21,36,27/09/2002,EVENING
2379,5,6,13,33,35,28/09/2002,EVENING
2380,12,13,14,18,25,29/09/2002,EVENING
2381,2,4,16,21,36,30/09/2002,EVENING
2382,6,8,12,29,33,01/10/2002,EVENING
2383,6,7,12,15,35,02/10/2002,EVENING
2384,9,14,25,27,29,03/10/2002,EVENING
2385,5,13,21,31,36,04/10/2002,EVENING
2386,1,28,32,33,34,05/10/2002,EVENING
2387,10,11,18,26,28,06/10/2002,EVENING
2388,3,15,16,24,35,07/10/2002,EVENING
2389,3,10,18,23,24,08/10/2002,EVENING
2390,9,22,29,30,32,09/10/2002,EVENING
2391,3,5,7,19,28,10/10/2002,EVENING
2392,9,10,23,29,30,11/10/2002,EVENING
2393,7,11,12,21,33,12/10/2002,EVENING
2394,1,26,34,35,36,13/10/2002,EVENING
2395,15,19,21,24,34,14/10/2002,EVENING
2396,10,12,25,30,32,15/10/2002,EVENING
2397,17,22,27,28,35,16/10/2002,EVENING
2398,6,8,30,32,34,17/10/2002,EVENING
2399,8,22,25,27,28,18/10/2002,EVENING
2400,12,13,15,20,32,19/10/2002,EVENING
2401,4,7,18,21,27,20/10/2002,EVENING
2402,1,4,10,14,26,21/10/2002,EVENING
2403,9,10,12,22,31,22/10/2002,EVENING
2404,10,18,24,25,27,23/10/2002,EVENING
2405,9,22,26,29,32,24/10/2002,EVENING
2406,5,8,18,19,30,25/10/2002,EVENING
2407,22,23,26,28,30,26/10/2002,EVENING
2408,6,7,26,27,31,27/10/2002,EVENING
2409,2,16,30,33,34,28/10/2002,EVENING
2410,1,9,14,23,36,29/10/2002,EVENING
2411,4,11,15,24,25,30/10/2002,EVENING
2412,4,11,14,21,24,31/10/2002,EVENING
2413,8,9,21,29,36,01/11/2002,EVENING
2414,2,6,21,22,34,02/11/2002,EVENING
2415,9,23,31,34,35,03/11/2002,EVENING
2416,17,21,22,24,28,04/11/2002,EVENING
2417,4,13,24,30,32,05/11/2002,EVENING
2418,6,7,18,26,28,06/11/2002,EVENING
2419,5,26,27,31,36,07/11/2002,EVENING
2420,7,14,17,22,30,08/11/2002,EVENING
2421,5,8,11,12,36,09/11/2002,EVENING
2422,1,8,16,33,34,10/11/2002,EVENING
2423,1,18,23,28,31,11/11/2002,EVENING
2424,2,3,8,23,36,12/11/2002,EVENING
2425,14,16,22,23,36,13/11/2002,EVENING
2426,22,30,31,33,35,14/11/2002,EVENING
2427,6,11,15,24,25,15/11/2002,EVENING
2428,3,6,18,20,32,16/11/2002,EVENING
2429,1,7,16,31,32,17/11/2002,EVENING
2430,4,10,13,26,35,18/11/2002,EVENING
2431,4,11,16,22,33,19/11/2002,EVENING
2432,6,9,25,30,32,20/11/2002,EVENING
2433,8,11,20,23,25,21/11/2002,EVENING
2434,5,12,15,19,20,22/11/2002,EVENING
2435,4,5,9,24,34,23/11/2002,EVENING
2436,2,12,30,35,36,24/11/2002,EVENING
2437,15,17,27,28,29,25/11/2002,EVENING
2438,9,17,20,24,28,26/11/2002,EVENING
2439,4,6,10,20,26,27/11/2002,EVENING
2440,1,7,9,24,36,28/11/2002,EVENING
2441,4,9,18,29,31,29/11/2002,EVENING
2442,2,3,20,24,27,30/11/2002,EVENING
2443,1,8,11,31,35,01/12/2002,EVENING
2444,6,9,25,28,32,02/12/2002,EVENING
2445,6,14,18,22,24,03/12/2002,EVENING
2446,4,5,11,18,19,04/12/2002,EVENING
2447,4,5,7,9,28,05/12/2002,EVENING
2448,1,23,26,31,33,06/12/2002,EVENING
2449,9,12,16,18,25,07/12/2002,EVENING
2450,7,26,28,34,36,08/12/2002,EVENING
2451,6,7,13,28,29,09/12/2002,EVENING
2452,9,13,14,19,23,10/12/2002,EVENING
2453,6,14,15,27,30,11/12/2002,EVENING
2454,1,10,22,24,36,12/12/2002,EVENING
2455,7,11,17,28,34,13/12/2002,EVENING
2456,9,21,23,26,36,14/12/2002,EVENING
2457,15,17,29,31,34,15/12/2002,EVENING
2458,16,19,24,30,36,16/12/2002,EVENING
2459,4,20,21,25,30,17/12/2002,EVENING
2460,1,7,20,29,35,18/12/2002,EVENING
2461,5,7,8,18,31,19/12/2002,EVENING
2462,10,17,20,33,36,20/12/2002,EVENING
2463,13,18,25,27,29,21/12/2002,EVENING
2464,19,23,25,27,34,22/12/2002,EVENING
2465,14,17,18,19,23,23/12/2002,EVENING
2466,8,12,15,29,34,24/12/2002,EVENING
2467,3,7,12,29,36,25/12/2002,EVENING
2468,1,15,16,26,27,26/12/2002,EVENING
2469,1,2,10,18,25,27/12/2002,EVENING
2470,2,3,19,29,33,28/12/2002,EVENING
2471,8,9,15,23,24,29/12/2002,EVENING
2472,4,13,27,34,36,30/12/2002,EVENING
2473,8,10,19,27,28,31/12/2002,EVENING
2474,26,29,31,34,36,01/01/2003,EVENING
2475,8,14,20,25,33,02/01/2003,EVENING
2476,2,11,18,25,34,03/01/2003,EVENING
2477,15,17,23,30,35,04/01/2003,EVENING
2478,6,10,22,26,31,05/01/2003,EVENING
2479,4,16,23,25,30,06/01/2003,EVENING
2480,2,6,14,22,28,07/01/2003,EVENING
2481,8,13,28,31,34,08/01/2003,EVENING
2482,1,17,20,28,34,09/01/2003,EVENING
2483,1,4,15,24,33,10/01/2003,EVENING
2484,7,8,20,28,31,11/01/2003,EVENING
2485,10,18,19,25,35,12/01/2003,EVENING
2486,14,16,18,22,24,13/01/2003,EVENING
2487,2,12,13,34,35,14/01/2003,EVENING
2488,4,7,12,16,29,15/01/2003,EVENING
2489,6,7,18,20,23,16/01/2003,EVENING
2490,10,22,29,30,32,17/01/2003,EVENING
2491,5,9,18,34,35,18/01/2003,EVENING
2492,4,17,19,31,36,19/01/2003,EVENING
2493,21,27,29,33,34,20/01/2003,EVENING
2494,2,10,29,33,36,21/01/2003,EVENING
2495,16,20,25,34,35,22/01/2003,EVENING
2496,12,15,20,21,36,23/01/2003,EVENING
2497,6,28,29,31,33,24/01/2003,EVENING
2498,9,14,17,24,31,25/01/2003,EVENING
2499,9,24,30,31,35,26/01/2003,EVENING
2500,5,17,19,20,26,27/01/2003,EVENING
2501,11,13,15,17,25,28/01/2003,EVENING
2502,15,27,29,32,36,29/01/2003,EVENING
2503,12,16,17,19,28,30/01/2003,EVENING
2504,6,10,11,26,33,31/01/2003,EVENING
2505,7,8,25,26,32,01/02/2003,EVENING
2506,2,17,22,29,30,02/02/2003,EVENING
2507,3,24,25,30,35,03/02/2003,EVENING
2508,2,6,27,35,36,04/02/2003,EVENING
2509,10,15,29,31,32,05/02/2003,EVENING
2510,5,17,22,24,26,06/02/2003,EVENING
2511,10,13,23,26,28,07/02/2003,EVENING
2512,9,13,15,23,36,08/02/2003,EVENING
2513,3,15,25,26,30,09/02/2003,EVENING
2514,2,6,9,13,16,10/02/2003,EVENING
2515,8,13,15,18,19,11/02/2003,EVENING
2516,3,8,15,22,34,12/02/2003,EVENING
2517,2,3,12,19,34,13/02/2003,EVENING
2518,7,12,14,21,28,14/02/2003,EVENING
2519,1,6,10,23,32,15/02/2003,EVENING
2520,5,10,15,24,28,16/02/2003,EVENING
2521,3,23,26,32,33,17/02/2003,EVENING
2522,5,10,12,16,31,18/02/2003,EVENING
2523,6,10,11,18,23,19/02/2003,EVENING
2524,18,23,25,29,30,20/02/2003,EVENING
2525,2,21,30,33,35,21/02/2003,EVENING
2526,8,10,17,23,31,22/02/2003,EVENING
2527,9,10,15,16,35,23/02/2003,EVENING
2528,3,8,14,17,27,24/02/2003,EVENING
2529,4,10,21,27,36,25/02/2003,EVENING
2530,7,11,14,18,32,26/02/2003,EVENING
2531,4,5,15,31,36,27/02/2003,EVENING
2532,5,8,25,34,35,28/02/2003,EVENING
2533,1,9,21,27,32,01/03/2003,EVENING
2534,2,8,12,14,18,02/03/2003,EVENING
2535,2,5,7,10,36,03/03/2003,EVENING
2536,9,23,25,33,35,04/03/2003,EVENING
2537,8,12,21,25,26,05/03/2003,EVENING
2538,6,8,9,11,18,06/03/2003,EVENING
2539,4,15,27,29,31,07/03/2003,EVENING
2540,7,10,21,23,33,08/03/2003,EVENING
2541,17,18,31,33,35,09/03/2003,EVENING
2542,6,19,28,30,32,10/03/2003,EVENING
2543,8,16,22,30,31,11/03/2003,EVENING
2544,5,10,11,15,25,12/03/2003,EVENING
2545,10,24,25,27,30,13/03/2003,EVENING
2546,1,9,10,21,30,14/03/2003,EVENING
2547,3,9,22,30,31,15/03/2003,EVENING
2548,7,16,31,35,36,16/03/2003,EVENING
2549,2,7,11,13,26,17/03/2003,EVENING
2550,18,19,20,26,32,18/03/2003,EVENING
2551,5,6,7,17,28,19/03/2003,EVENING
2552,3,8,16,21,22,20/03/2003,EVENING
2553,9,11,13,17,35,21/03/2003,EVENING
2554,13,19,20,25,32,22/03/2003,EVENING
2555,3,5,9,12,23,23/03/2003,EVENING
2556,7,22,23,29,30,24/03/2003,EVENING
2557,11,15,18,27,31,25/03/2003,EVENING
2558,23,24,25,34,36,26/03/2003,EVENING
2559,1,7,10,21,34,27/03/2003,EVENING
2560,2,3,5,14,29,28/03/2003,EVENING
2561,9,13,26,31,35,29/03/2003,EVENING
2562,12,13,25,26,32,30/03/2003,EVENING
2563,1,7,16,30,36,31/03/2003,EVENING
2564,1,4,5,8,25,01/04/2003,EVENING
2565,4,14,16,20,33,02/04/2003,EVENING
2566,12,16,23,24,28,03/04/2003,EVENING
2567,11,12,18,26,31,04/04/2003,EVENING
2568,3,14,22,23,31,05/04/2003,EVENING
2569,8,17,22,28,36,06/04/2003,EVENING
2570,14,20,22,23,24,07/04/2003,EVENING
2571,16,26,30,32,33,08/04/2003,EVENING
2572,8,11,32,35,36,09/04/2003,EVENING
2573,2,4,6,9,15,10/04/2003,EVENING
2574,20,26,30,34,36,11/04/2003,EVENING
2575,10,12,19,22,35,12/04/2003,EVENING
2576,5,16,31,34,36,13/04/2003,EVENING
2577,1,13,15,25,33,14/04/2003,EVENING
2578,4,18,22,23,25,15/04/2003,EVENING
2579,12,18,19,22,29,16/04/2003,EVENING
2580,4,5,14,28,35,17/04/2003,EVENING
2581,1,7,14,29,30,18/04/2003,EVENING
2582,2,5,7,23,25,19/04/2003,EVENING
2583,9,20,23,30,36,20/04/2003,EVENING
2584,8,12,17,25,34,21/04/2003,EVENING
2585,1,7,27,30,31,22/04/2003,EVENING
2586,5,24,29,30,32,23/04/2003,EVENING
2587,20,24,30,33,34,24/04/2003,EVENING
2588,7,10,24,33,35,25/04/2003,EVENING
2589,5,8,9,24,28,26/04/2003,EVENING
2590,6,26,29,31,32,27/04/2003,EVENING
2591,1,7,11,12,17,28/04/2003,EVENING
2592,10,15,16,23,33,29/04/2003,EVENING
2593,20,24,26,27,36,30/04/2003,EVENING
2594,7,14,19,21,31,01/05/2003,EVENING
2595,3,14,16,22,23,02/05/2003,EVENING
2596,12,14,15,18,30,03/05/2003,EVENING
2597,10,20,28,34,35,04/05/2003,EVENING
2598,7,13,14,15,34,05/05/2003,EVENING
2599,4,5,6,13,29,06/05/2003,EVENING
2600,4,7,11,26,32,07/05/2003,EVENING
2601,7,14,22,23,32,08/05/2003,EVENING
2602,2,7,17,20,35,09/05/2003,EVENING
2603,2,6,11,12,21,10/05/2003,EVENING
2604,10,18,22,25,36,11/05/2003,EVENING
2605,8,17,20,24,26,12/05/2003,EVENING
2606,3,10,12,15,26,13/05/2003,EVENING
2607,9,16,32,34,36,14/05/2003,EVENING
2608,10,11,12,16,24,15/05/2003,EVENING
2609,4,5,6,10,23,16/05/2003,EVENING
2610,5,13,18,24,27,17/05/2003,EVENING
2611,2,4,11,27,31,18/05/2003,EVENING
2612,3,8,13,22,32,19/05/2003,EVENING
2613,3,8,31,34,35,20/05/2003,EVENING
2614,6,7,10,21,35,21/05/2003,EVENING
2615,5,9,16,22,36,22/05/2003,EVENING
2616,1,6,11,28,36,23/05/2003,EVENING
2617,4,9,12,31,36,24/05/2003,EVENING
2618,3,10,14,15,22,25/05/2003,EVENING
2619,4,5,10,15,16,26/05/2003,EVENING
2620,1,18,21,26,28,27/05/2003,EVENING
2621,5,12,14,19,23,28/05/2003,EVENING
2622,4,6,10,17,33,29/05/2003,EVENING
2623,3,14,19,22,30,30/05/2003,EVENING
2624,5,7,23,24,25,31/05/2003,EVENING
2625,4,13,18,26,29,01/06/2003,EVENING
2626,9,19,23,34,36,02/06/2003,EVENING
2627,1,2,4,30,32,03/06/2003,EVENING
2628,2,9,15,22,28,04/06/2003,EVENING
2629,9,13,18,25,29,05/06/2003,EVENING
2630,5,11,18,20,32,06/06/2003,EVENING
2631,6,10,24,30,32,07/06/2003,EVENING
2632,2,25,28,30,35,08/06/2003,EVENING
2633,4,6,9,11,34,09/06/2003,EVENING
2634,5,20,22,23,27,10/06/2003,EVENING
2635,7,9,26,27,35,11/06/2003,EVENING
2636,10,17,20,28,35,12/06/2003,EVENING
2637,5,11,22,24,33,13/06/2003,EVENING
2638,1,3,10,17,25,14/06/2003,EVENING
2639,12,19,22,27,28,15/06/2003,EVENING
2640,1,16,19,22,34,16/06/2003,EVENING
2641,3,8,18,28,33,17/06/2003,EVENING
2642,7,9,19,27,35,18/06/2003,EVENING
2643,2,4,6,25,35,19/06/2003,EVENING
2644,1,7,12,21,30,20/06/2003,EVENING
2645,15,18,23,33,34,21/06/2003,EVENING
2646,2,4,12,22,29,22/06/2003,EVENING
2647,2,4,6,13,28,23/06/2003,EVENING
2648,1,5,20,26,29,24/06/2003,EVENING
2649,2,8,15,16,18,25/06/2003,EVENING
2650,7,9,13,19,26,26/06/2003,EVENING
2651,10,11,13,29,33,27/06/2003,EVENING
2652,5,15,18,25,28,28/06/2003,EVENING
2653,5,14,18,28,30,29/06/2003,EVENING
2654,9,17,30,31,32,30/06/2003,EVENING
2655,5,8,10,17,24,01/07/2003,EVENING
2656,11,14,30,31,36,02/07/2003,EVENING
2657,9,31,32,33,34,03/07/2003,EVENING
2658,4,22,27,35,36,04/07/2003,EVENING
2659,13,21,22,26,29,05/07/2003,EVENING
2660,5,14,18,24,29,06/07/2003,EVENING
2661,13,14,26,31,33,07/07/2003,EVENING
2662,14,16,18,20,36,08/07/2003,EVENING
2663,1,8,14,20,34,09/07/2003,EVENING
2664,13,14,21,26,32,10/07/2003,EVENING
2665,1,5,10,30,31,11/07/2003,EVENING
2666,5,14,28,31,34,12/07/2003,EVENING
2667,3,6,7,17,32,13/07/2003,EVENING
2668,7,16,18,19,31,14/07/2003,EVENING
2669,3,28,30,34,36,15/07/2003,EVENING
2670,8,11,14,20,31,16/07/2003,EVENING
2671,3,11,22,23,27,17/07/2003,EVENING
2672,4,15,21,30,35,18/07/2003,EVENING
2673,1,7,18,26,30,19/07/2003,EVENING
2674,8,13,14,23,34,20/07/2003,EVENING
2675,11,12,16,17,22,21/07/2003,EVENING
2676,3,11,12,18,21,22/07/2003,EVENING
2677,9,12,15,22,33,23/07/2003,EVENING
2678,11,24,30,31,36,24/07/2003,EVENING
2679,3,4,23,25,31,25/07/2003,EVENING
2680,9,10,12,22,32,26/07/2003,EVENING
2681,5,7,31,32,35,27/07/2003,EVENING
2682,6,11,24,27,29,28/07/2003,EVENING
2683,10,11,21,31,34,29/07/2003,EVENING
2684,5,7,8,11,16,30/07/2003,EVENING
2685,9,12,17,26,31,31/07/2003,EVENING
2686,2,5,9,20,24,01/08/2003,EVENING
2687,17,18,25,26,27,02/08/2003,EVENING
2688,7,10,14,17,26,03/08/2003,EVENING
2689,2,12,20,22,33,04/08/2003,EVENING
2690,13,23,30,31,32,05/08/2003,EVENING
2691,3,4,23,29,31,06/08/2003,EVENING
2692,3,11,22,25,32,07/08/2003,EVENING
2693,7,14,20,23,31,08/08/2003,EVENING
2694,15,18,23,32,35,09/08/2003,EVENING
2695,17,25,29,33,35,10/08/2003,EVENING
2696,6,22,27,32,33,11/08/2003,EVENING
2697,1,15,20,22,25,12/08/2003,EVENING
2698,4,11,16,17,18,13/08/2003,EVENING
2699,10,13,16,18,24,14/08/2003,EVENING
2700,3,7,15,30,31,15/08/2003,EVENING
2701,5,12,24,26,30,16/08/2003,EVENING
2702,7,10,29,30,36,17/08/2003,EVENING
2703,2,3,11,16,30,18/08/2003,EVENING
2704,3,7,20,33,36,19/08/2003,EVENING
2705,1,13,14,20,27,20/08/2003,EVENING
2706,3,5,9,16,34,21/08/2003,EVENING
2707,13,17,27,28,32,22/08/2003,EVENING
2708,1,3,4,7,36,23/08/2003,EVENING
2709,4,12,22,28,33,24/08/2003,EVENING
2710,6,9,12,21,22,25/08/2003,EVENING
2711,5,8,12,13,24,26/08/2003,EVENING
2712,3,7,12,20,28,27/08/2003,EVENING
2713,1,5,10,16,28,28/08/2003,EVENING
2714,10,17,20,26,31,29/08/2003,EVENING
2715,8,14,19,32,35,30/08/2003,EVENING
2716,2,6,14,33,36,31/08/2003,EVENING
2717,7,27,29,34,35,01/09/2003,EVENING
2718,6,10,25,26,32,02/09/2003,EVENING
2719,5,12,16,25,32,03/09/2003,EVENING
2720,10,19,23,30,33,04/09/2003,EVENING
2721,3,11,30,31,34,05/09/2003,EVENING
2722,4,10,14,34,35,06/09/2003,EVENING
2723,1,12,18,22,23,07/09/2003,EVENING
2724,1,4,9,13,36,08/09/2003,EVENING
2725,5,11,19,20,27,09/09/2003,EVENING
2726,1,5,14,20,26,10/09/2003,EVENING
2727,2,3,6,8,35,11/09/2003,EVENING
2728,8,9,18,23,28,12/09/2003,EVENING
2729,1,2,7,26,32,13/09/2003,EVENING
2730,10,13,17,21,24,14/09/2003,EVENING
2731,3,16,23,25,36,15/09/2003,EVENING
2732,19,23,28,29,32,16/09/2003,EVENING
2733,11,18,22,27,31,17/09/2003,EVENING
2734,3,15,17,27,31,18/09/2003,EVENING
2735,3,4,8,9,16,19/09/2003,EVENING
2736,5,12,26,30,36,20/09/2003,EVENING
2737,4,8,11,17,29,21/09/2003,EVENING
2738,12,17,27,28,33,22/09/2003,EVENING
2739,6,15,16,26,31,23/09/2003,EVENING
2740,2,6,16,18,28,24/09/2003,EVENING
2741,7,8,11,19,34,25/09/2003,EVENING
2742,1,4,12,18,19,26/09/2003,EVENING
2743,7,8,13,27,34,27/09/2003,EVENING
2744,3,20,25,27,30,28/09/2003,EVENING
2745,6,9,19,21,29,29/09/2003,EVENING
2746,6,12,14,27,34,30/09/2003,EVENING
2747,6,19,25,27,28,01/10/2003,EVENING
2748,22,29,31,34,35,02/10/2003,EVENING
2749,9,10,19,27,28,03/10/2003,EVENING
2750,1,3,4,5,28,04/10/2003,EVENING
2751,7,16,17,21,25,05/10/2003,EVENING
2752,1,2,5,17,23,06/10/2003,EVENING
2753,1,9,17,18,34,07/10/2003,EVENING
2754,10,11,15,16,36,08/10/2003,EVENING
2755,4,6,30,31,35,09/10/2003,EVENING
2756,2,26,28,30,36,10/10/2003,EVENING
2757,9,10,15,17,19,11/10/2003,EVENING
2758,1,4,7,25,31,12/10/2003,EVENING
2759,7,11,30,32,33,13/10/2003,EVENING
2760,4,11,14,15,30,14/10/2003,EVENING
2761,9,15,16,23,25,15/10/2003,EVENING
2762,12,20,29,34,35,16/10/2003,EVENING
2763,1,17,21,26,32,17/10/2003,EVENING
2764,7,9,14,20,26,18/10/2003,EVENING
2765,3,6,25,26,35,19/10/2003,EVENING
2766,4,12,14,26,36,20/10/2003,EVENING
2767,6,22,27,30,31,21/10/2003,EVENING
2768,2,7,21,27,35,22/10/2003,EVENING
2769,9,16,25,26,27,23/10/2003,EVENING
2770,13,15,16,31,35,24/10/2003,EVENING
2771,1,22,24,30,35,25/10/2003,EVENING
2772,3,11,12,19,35,26/10/2003,EVENING
2773,1,2,5,21,25,27/10/2003,EVENING
2774,13,23,27,28,34,28/10/2003,EVENING
2775,2,6,12,13,18,29/10/2003,EVENING
2776,2,23,24,25,31,30/10/2003,EVENING
2777,6,9,23,29,33,31/10/2003,EVENING
2778,13,15,16,17,18,01/11/2003,EVENING
2779,5,9,14,19,32,02/11/2003,EVENING
2780,5,10,13,16,28,03/11/2003,EVENING
2781,9,15,20,23,34,04/11/2003,EVENING
2782,12,14,15,26,33,05/11/2003,EVENING
2783,1,5,15,30,33,06/11/2003,EVENING
2784,12,20,21,27,35,07/11/2003,EVENING
2785,1,3,16,32,34,08/11/2003,EVENING
2786,3,15,18,24,31,09/11/2003,EVENING
2787,10,15,17,19,32,10/11/2003,EVENING
2788,3,5,7,10,30,11/11/2003,EVENING
2789,1,9,25,29,31,12/11/2003,EVENING
2790,4,6,33,34,36,13/11/2003,EVENING
2791,1,12,16,27,36,14/11/2003,EVENING
2792,11,25,29,34,36,15/11/2003,EVENING
2793,3,11,22,23,35,16/11/2003,EVENING
2794,1,7,18,19,34,17/11/2003,EVENING
2795,9,11,17,21,29,18/11/2003,EVENING
2796,1,2,9,22,26,19/11/2003,EVENING
2797,1,11,13,22,31,20/11/2003,EVENING
2798,3,6,20,25,35,21/11/2003,EVENING
2799,4,10,15,16,29,22/11/2003,EVENING
2800,27,31,33,35,36,23/11/2003,EVENING
2801,3,8,9,11,13,24/11/2003,EVENING
2802,12,14,16,29,35,25/11/2003,EVENING
2803,7,11,15,22,30,26/11/2003,EVENING
2804,4,17,18,28,35,27/11/2003,EVENING
2805,8,21,33,34,36,28/11/2003,EVENING
2806,1,13,14,29,36,29/11/2003,EVENING
2807,1,2,19,24,35,30/11/2003,EVENING
2808,1,5,10,17,33,01/12/2003,EVENING
2809,1,3,20,25,31,02/12/2003,EVENING
2810,3,10,11,14,26,03/12/2003,EVENING
2811,6,10,17,21,25,04/12/2003,EVENING
2812,10,14,20,33,36,05/12/2003,EVENING
2813,2,6,7,13,22,06/12/2003,EVENING
2814,1,4,27,34,36,07/12/2003,EVENING
2815,7,18,19,24,33,08/12/2003,EVENING
2816,4,16,22,23,26,09/12/2003,EVENING
2817,6,8,12,14,35,10/12/2003,EVENING
2818,3,7,12,14,25,11/12/2003,EVENING
2819,9,10,19,30,35,12/12/2003,EVENING
2820,9,16,28,31,33,13/12/2003,EVENING
2821,2,7,11,18,31,14/12/2003,EVENING
2822,1,2,12,19,27,15/12/2003,EVENING
2823,1,3,17,27,35,16/12/2003,EVENING
2824,8,18,21,28,33,17/12/2003,EVENING
2825,5,11,17,27,33,18/12/2003,EVENING
2826,9,12,14,15,23,19/12/2003,EVENING
2827,6,9,23,24,27,20/12/2003,EVENING
2828,3,18,32,34,35,21/12/2003,EVENING
2829,1,13,18,21,35,22/12/2003,EVENING
2830,11,13,16,24,33,23/12/2003,EVENING
2831,4,10,14,18,30,24/12/2003,EVENING
2832,4,5,6,14,28,25/12/2003,EVENING
2833,9,13,23,26,28,26/12/2003,EVENING
2834,1,3,4,17,28,27/12/2003,EVENING
2835,15,21,23,32,33,28/12/2003,EVENING
2836,17,18,22,33,34,29/12/2003,EVENING
2837,13,20,22,26,36,30/12/2003,EVENING
2838,4,14,21,28,35,31/12/2003,EVENING
2839,6,9,26,28,34,01/01/2004,EVENING
2840,17,27,30,34,36,02/01/2004,EVENING
2841,12,15,22,28,35,03/01/2004,EVENING
2842,4,15,23,29,30,04/01/2004,EVENING
2843,1,12,18,22,33,05/01/2004,EVENING
2844,17,27,30,33,36,06/01/2004,EVENING
2845,3,8,13,22,25,07/01/2004,EVENING
2846,1,5,9,12,20,08/01/2004,EVENING
2847,3,4,6,28,33,09/01/2004,EVENING
2848,13,15,21,33,34,10/01/2004,EVENING
2849,13,16,17,21,26,11/01/2004,EVENING
2850,3,6,22,32,35,12/01/2004,EVENING
2851,5,16,26,32,34,13/01/2004,EVENING
2852,13,18,24,30,33,14/01/2004,EVENING
2853,2,5,7,8,33,15/01/2004,EVENING
2854,3,7,22,24,30,16/01/2004,EVENING
2855,1,3,11,18,27,17/01/2004,EVENING
2856,16,18,20,28,31,18/01/2004,EVENING
2857,2,12,13,18,28,19/01/2004,EVENING
2858,9,15,20,29,33,20/01/2004,EVENING
2859,1,6,19,22,35,21/01/2004,EVENING
2860,1,9,23,30,32,22/01/2004,EVENING
2861,16,19,25,29,34,23/01/2004,EVENING
2862,16,19,31,32,35,24/01/2004,EVENING
2863,1,16,22,24,27,25/01/2004,EVENING
2864,2,7,12,16,19,26/01/2004,EVENING
2865,3,8,19,28,33,27/01/2004,EVENING
2866,5,13,15,27,35,28/01/2004,EVENING
2867,3,17,18,27,33,29/01/2004,EVENING
2868,6,7,24,26,27,30/01/2004,EVENING
2869,5,9,13,18,34,31/01/2004,EVENING
2870,13,14,15,29,33,01/02/2004,EVENING
2871,9,22,23,24,32,02/02/2004,EVENING
2872,2,12,25,28,34,03/02/2004,EVENING
2873,1,2,7,23,31,04/02/2004,EVENING
2874,2,18,27,33,36,05/02/2004,EVENING
2875,8,10,19,31,32,06/02/2004,EVENING
2876,18,26,27,33,34,07/02/2004,EVENING
2877,4,25,26,31,36,08/02/2004,EVENING
2878,13,22,27,30,32,09/02/2004,EVENING
2879,4,18,21,33,34,10/02/2004,EVENING
2880,6,18,22,32,33,11/02/2004,EVENING
2881,13,21,31,34,36,12/02/2004,EVENING
2882,4,5,6,13,14,13/02/2004,EVENING
2883,1,11,22,28,35,14/02/2004,EVENING
2884,8,18,25,31,35,15/02/2004,EVENING
2885,1,2,21,23,34,16/02/2004,EVENING
2886,1,20,23,27,29,17/02/2004,EVENING
2887,12,14,15,25,30,18/02/2004,EVENING
2888,2,5,16,20,35,19/02/2004,EVENING
2889,11,21,23,25,31,20/02/2004,EVENING
2890,28,29,32,35,36,21/02/2004,EVENING
2891,16,20,23,26,36,22/02/2004,EVENING
2892,12,14,18,20,27,23/02/2004,EVENING
2893,2,6,9,15,22,24/02/2004,EVENING
2894,1,2,10,11,23,25/02/2004,EVENING
2895,16,19,20,21,32,26/02/2004,EVENING
2896,1,3,7,21,33,27/02/2004,EVENING
2897,15,18,21,22,23,28/02/2004,EVENING
2898,1,8,14,20,21,29/02/2004,EVENING
2899,6,14,21,22,28,01/03/2004,EVENING
2900,1,2,11,16,19,02/03/2004,EVENING
2901,6,7,11,17,24,03/03/2004,EVENING
2902,4,7,9,18,32,04/03/2004,EVENING
2903,6,24,28,35,36,05/03/2004,EVENING
2904,6,9,14,22,24,06/03/2004,EVENING
2905,7,9,10,26,27,07/03/2004,EVENING
2906,3,12,16,21,32,08/03/2004,EVENING
2907,8,17,20,27,30,09/03/2004,EVENING
2908,1,11,21,25,27,10/03/2004,EVENING
2909,2,5,21,31,34,11/03/2004,EVENING
2910,2,3,5,15,27,12/03/2004,EVENING
2911,10,13,14,17,18,13/03/2004,EVENING
2912,7,9,11,25,27,14/03/2004,EVENING
2913,1,8,29,31,33,15/03/2004,EVENING
2914,5,19,27,28,34,16/03/2004,EVENING
2915,22,26,30,31,35,17/03/2004,EVENING
2916,14,19,28,29,31,18/03/2004,EVENING
2917,7,20,24,30,34,19/03/2004,EVENING
2918,12,15,18,29,34,20/03/2004,EVENING
2919,10,13,16,18,20,21/03/2004,EVENING
2920,3,9,19,23,28,22/03/2004,EVENING
2921,2,26,28,31,33,23/03/2004,EVENING
2922,4,18,19,34,36,24/03/2004,EVENING
2923,1,10,21,28,30,25/03/2004,EVENING
2924,1,2,8,11,21,26/03/2004,EVENING
2925,3,18,19,21,25,27/03/2004,EVENING
2926,8,17,28,30,35,28/03/2004,EVENING
2927,15,23,30,31,35,29/03/2004,EVENING
2928,2,5,7,27,29,30/03/2004,EVENING
2929,13,23,25,31,35,31/03/2004,EVENING
2930,2,9,14,15,17,01/04/2004,EVENING
2931,3,12,24,26,27,02/04/2004,EVENING
2932,5,9,26,33,34,03/04/2004,EVENING
2933,3,8,11,21,22,04/04/2004,EVENING
2934,1,6,7,10,32,05/04/2004,EVENING
2935,7,16,18,23,36,06/04/2004,EVENING
2936,2,25,26,28,34,07/04/2004,EVENING
2937,4,7,10,14,20,08/04/2004,EVENING
2938,21,23,26,30,35,09/04/2004,EVENING
2939,7,10,13,23,29,10/04/2004,EVENING
2940,5,7,23,24,29,11/04/2004,EVENING
2941,2,11,26,35,36,12/04/2004,EVENING
2942,6,8,19,24,31,13/04/2004,EVENING
2943,1,2,8,31,34,14/04/2004,EVENING
2944,1,17,26,28,35,15/04/2004,EVENING
2945,2,7,24,30,32,16/04/2004,EVENING
2946,14,17,18,29,31,17/04/2004,EVENING
2947,3,18,29,31,35,18/04/2004,EVENING
2948,5,10,12,22,32,19/04/2004,EVENING
2949,3,13,17,19,27,20/04/2004,EVENING
2950,9,25,27,33,35,21/04/2004,EVENING
2951,7,10,14,27,35,22/04/2004,EVENING
2952,3,10,20,27,36,23/04/2004,EVENING
2953,5,16,22,27,33,24/04/2004,EVENING
2954,1,7,21,28,36,25/04/2004,EVENING
2955,14,26,27,28,32,26/04/2004,EVENING
2956,3,18,26,33,35,27/04/2004,EVENING
2957,14,17,24,25,34,28/04/2004,EVENING
2958,6,16,23,30,32,29/04/2004,EVENING
2959,2,5,6,24,27,30/04/2004,EVENING
2960,6,14,15,26,31,01/05/2004,EVENING
2961,1,25,27,28,30,02/05/2004,EVENING
2962,5,12,24,26,36,03/05/2004,EVENING
2963,2,7,17,23,32,04/05/2004,EVENING
2964,11,12,19,24,29,05/05/2004,EVENING
2965,15,18,19,20,32,06/05/2004,EVENING
2966,1,3,12,27,34,07/05/2004,EVENING
2967,5,16,22,26,36,08/05/2004,EVENING
2968,10,13,15,20,23,09/05/2004,EVENING
2969,18,22,24,32,36,10/05/2004,EVENING
2970,1,19,27,34,35,11/05/2004,EVENING
2971,5,6,29,33,35,12/05/2004,EVENING
2972,11,12,15,21,26,13/05/2004,EVENING
2973,5,14,24,31,36,14/05/2004,EVENING
2974,7,15,21,33,36,15/05/2004,EVENING
2975,7,20,27,28,34,16/05/2004,EVENING
2976,8,16,17,24,31,17/05/2004,EVENING
2977,3,6,13,19,21,18/05/2004,EVENING
2978,2,4,15,23,36,19/05/2004,EVENING
2979,1,5,21,29,31,20/05/2004,EVENING
2980,9,10,11,14,33,21/05/2004,EVENING
2981,9,10,17,29,32,22/05/2004,EVENING
2982,3,14,16,17,31,23/05/2004,EVENING
2983,2,3,4,21,34,24/05/2004,EVENING
2984,1,3,17,24,33,25/05/2004,EVENING
2985,4,17,19,26,32,26/05/2004,EVENING
2986,13,14,18,33,35,27/05/2004,EVENING
2987,1,2,9,15,35,28/05/2004,EVENING
2988,7,14,15,26,32,29/05/2004,EVENING
2989,2,10,14,28,35,30/05/2004,EVENING
2990,5,13,23,34,35,31/05/2004,EVENING
2991,2,6,15,23,28,01/06/2004,EVENING
2992,16,24,28,33,36,02/06/2004,EVENING
2993,2,7,23,25,35,03/06/2004,EVENING
2994,5,12,17,31,33,04/06/2004,EVENING
2995,2,7,9,13,31,05/06/2004,EVENING
2996,1,6,8,19,20,06/06/2004,EVENING
2997,2,5,22,32,36,07/06/2004,EVENING
2998,17,18,20,26,34,08/06/2004,EVENING
2999,1,2,3,19,25,09/06/2004,EVENING
3000,12,16,25,27,35,10/06/2004,EVENING
3001,12,19,21,32,33,11/06/2004,EVENING
3002,3,15,21,22,33,12/06/2004,EVENING
3003,6,11,14,16,29,13/06/2004,EVENING
3004,9,11,14,23,27,14/06/2004,EVENING
3005,5,8,11,18,24,15/06/2004,EVENING
3006,7,17,20,25,36,16/06/2004,EVENING
3007,3,7,14,27,33,17/06/2004,EVENING
3008,8,10,15,25,35,18/06/2004,EVENING
3009,7,8,11,17,21,19/06/2004,EVENING
3010,11,12,16,25,33,20/06/2004,EVENING
3011,5,14,19,22,30,21/06/2004,EVENING
3012,5,7,22,29,33,22/06/2004,EVENING
3013,10,14,27,30,34,23/06/2004,EVENING
3014,4,6,12,13,16,24/06/2004,EVENING
3015,3,11,18,27,32,25/06/2004,EVENING
3016,2,10,15,16,35,26/06/2004,EVENING
3017,13,22,26,29,33,27/06/2004,EVENING
3018,11,12,25,28,33,28/06/2004,EVENING
3019,5,9,19,21,35,29/06/2004,EVENING
3020,2,3,11,17,35,30/06/2004,EVENING
3021,9,15,18,26,28,01/07/2004,EVENING
3022,2,14,24,26,36,02/07/2004,EVENING
3023,2,4,28,30,36,03/07/2004,EVENING
3024,9,12,16,24,36,04/07/2004,EVENING
3025,3,6,7,18,23,05/07/2004,EVENING
3026,3,6,11,17,36,06/07/2004,EVENING
3027,1,5,9,19,36,07/07/2004,EVENING
3028,3,5,20,21,25,08/07/2004,EVENING
3029,9,18,19,20,25,09/07/2004,EVENING
3030,7,9,10,30,35,10/07/2004,EVENING
3031,10,21,22,29,32,11/07/2004,EVENING
3032,11,15,18,29,33,12/07/2004,EVENING
3033,6,15,17,27,29,13/07/2004,EVENING
3034,2,5,19,30,35,14/07/2004,EVENING
3035,7,18,19,21,25,15/07/2004,EVENING
3036,3,9,12,16,32,16/07/2004,EVENING
3037,8,11,18,23,36,17/07/2004,EVENING
3038,3,16,22,23,27,18/07/2004,EVENING
3039,4,19,29,33,34,19/07/2004,EVENING
3040,7,17,20,32,35,20/07/2004,EVENING
3041,1,25,29,30,34,21/07/2004,EVENING
3042,1,2,12,18,26,22/07/2004,EVENING
3043,1,9,16,27,33,23/07/2004,EVENING
3044,3,5,11,21,31,24/07/2004,EVENING
3045,9,14,15,33,36,25/07/2004,EVENING
3046,2,7,10,11,29,26/07/2004,EVENING
3047,11,14,16,23,32,27/07/2004,EVENING
3048,2,13,14,20,28,28/07/2004,EVENING
3049,2,5,15,16,30,29/07/2004,EVENING
3050,1,7,17,32,35,30/07/2004,EVENING
3051,4,5,15,25,32,31/07/2004,EVENING
3052,3,6,9,11,13,01/08/2004,EVENING
3053,8,15,18,24,36,02/08/2004,EVENING
3054,3,14,18,22,27,03/08/2004,EVENING
3055,3,12,19,23,34,04/08/2004,EVENING
3056,1,9,11,30,32,05/08/2004,EVENING
3057,7,10,20,32,36,06/08/2004,EVENING
3058,8,16,19,21,26,07/08/2004,EVENING
3059,6,15,16,17,18,08/08/2004,EVENING
3060,2,9,10,13,17,09/08/2004,EVENING
3061,3,10,14,21,28,10/08/2004,EVENING
3062,14,19,26,33,35,11/08/2004,EVENING
3063,1,7,10,12,22,12/08/2004,EVENING
3064,3,5,8,23,35,13/08/2004,EVENING
3065,5,6,7,16,32,14/08/2004,EVENING
3066,3,12,19,24,36,15/08/2004,EVENING
3067,6,22,31,32,33,16/08/2004,EVENING
3068,12,15,24,25,31,17/08/2004,EVENING
3069,2,11,15,21,31,18/08/2004,EVENING
3070,3,12,13,24,28,19/08/2004,EVENING
3071,1,12,25,29,30,20/08/2004,EVENING
3072,2,11,14,19,27,21/08/2004,EVENING
3073,1,4,7,30,32,22/08/2004,EVENING
3074,2,9,25,33,36,23/08/2004,EVENING
3075,10,16,22,30,33,24/08/2004,EVENING
3076,11,21,25,30,35,25/08/2004,EVENING
3077,1,7,18,22,34,26/08/2004,EVENING
3078,6,11,13,25,34,27/08/2004,EVENING
3079,7,13,14,24,26,28/08/2004,EVENING
3080,5,6,9,17,21,29/08/2004,EVENING
3081,6,10,21,23,33,30/08/2004,EVENING
3082,15,17,19,25,31,31/08/2004,EVENING
3083,2,7,19,26,32,01/09/2004,EVENING
3084,1,3,17,18,20,02/09/2004,EVENING
3085,6,18,22,34,36,03/09/2004,EVENING
3086,12,27,28,35,36,04/09/2004,EVENING
3087,3,23,24,32,33,05/09/2004,EVENING
3088,23,27,31,33,34,06/09/2004,EVENING
3089,11,17,18,30,35,07/09/2004,EVENING
3090,7,9,28,32,34,08/09/2004,EVENING
3091,5,17,24,27,33,09/09/2004,EVENING
3092,11,20,21,25,26,10/09/2004,EVENING
3093,2,10,11,20,33,11/09/2004,EVENING
3094,8,13,22,27,30,12/09/2004,EVENING
3095,3,12,17,34,35,13/09/2004,EVENING
3096,5,9,13,19,25,14/09/2004,EVENING
3097,4,10,16,25,33,15/09/2004,EVENING
3098,4,6,15,22,31,16/09/2004,EVENING
3099,15,19,20,28,29,17/09/2004,EVENING
3100,5,11,22,34,36,18/09/2004,EVENING
3101,1,12,13,17,36,19/09/2004,EVENING
3102,8,20,27,29,32,20/09/2004,EVENING
3103,3,9,10,19,21,21/09/2004,EVENING
3104,2,6,13,21,27,22/09/2004,EVENING
3105,2,12,17,26,35,23/09/2004,EVENING
3106,4,7,14,18,31,24/09/2004,EVENING
3107,1,20,29,31,36,25/09/2004,EVENING
3108,8,12,14,16,21,26/09/2004,EVENING
3109,5,8,13,28,32,27/09/2004,EVENING
3110,5,7,14,19,36,28/09/2004,EVENING
3111,2,3,4,13,36,29/09/2004,EVENING
3112,15,19,22,28,31,30/09/2004,EVENING
3113,20,23,30,32,33,01/10/2004,EVENING
3114,3,24,26,27,36,02/10/2004,EVENING
3115,18,21,28,29,33,03/10/2004,EVENING
3116,7,18,25,26,34,04/10/2004,EVENING
3117,2,4,7,35,36,05/10/2004,EVENING
3118,6,8,18,24,28,06/10/2004,EVENING
3119,1,2,14,27,32,07/10/2004,EVENING
3120,15,24,27,32,35,08/10/2004,EVENING
3121,2,17,18,23,26,09/10/2004,EVENING
3122,1,4,14,20,25,10/10/2004,EVENING
3123,11,15,24,31,32,11/10/2004,EVENING
3124,6,10,19,21,36,12/10/2004,EVENING
3125,1,4,8,10,13,13/10/2004,EVENING
3126,13,14,25,26,28,14/10/2004,EVENING
3127,17,20,25,31,35,15/10/2004,EVENING
3128,7,10,17,18,33,16/10/2004,EVENING
3129,1,8,19,26,28,17/10/2004,EVENING
3130,5,7,20,21,22,18/10/2004,EVENING
3131,1,4,11,20,36,19/10/2004,EVENING
3132,1,18,24,27,28,20/10/2004,EVENING
3133,2,8,18,25,35,21/10/2004,EVENING
3134,10,15,21,22,24,22/10/2004,EVENING
3135,5,7,15,31,36,23/10/2004,EVENING
3136,17,22,23,31,33,24/10/2004,EVENING
3137,7,14,15,18,23,25/10/2004,EVENING
3138,4,5,8,34,36,26/10/2004,EVENING
3139,7,15,19,24,25,27/10/2004,EVENING
3140,1,13,17,21,36,28/10/2004,EVENING
3141,8,11,13,18,33,29/10/2004,EVENING
3142,17,22,24,31,33,30/10/2004,EVENING
3143,6,10,11,27,31,31/10/2004,EVENING
3144,11,12,19,24,28,01/11/2004,EVENING
3145,8,14,25,28,36,02/11/2004,EVENING
3146,5,7,9,23,26,03/11/2004,EVENING
3147,4,5,12,14,36,04/11/2004,EVENING
3148,9,16,18,23,35,05/11/2004,EVENING
3149,1,4,22,28,29,06/11/2004,EVENING
3150,3,11,21,27,34,07/11/2004,EVENING
3151,2,10,28,30,34,08/11/2004,EVENING
3152,20,23,29,30,31,09/11/2004,EVENING
3153,1,2,25,28,29,10/11/2004,EVENING
3154,2,4,9,17,36,11/11/2004,EVENING
3155,12,18,19,20,24,12/11/2004,EVENING
3156,3,6,9,16,18,13/11/2004,EVENING
3157,14,29,32,33,36,14/11/2004,EVENING
3158,4,5,10,14,32,15/11/2004,EVENING
3159,5,8,22,24,35,16/11/2004,EVENING
3160,2,3,8,10,23,17/11/2004,EVENING
3161,2,9,23,25,31,18/11/2004,EVENING
3162,10,11,32,33,34,19/11/2004,EVENING
3163,3,13,14,21,23,20/11/2004,EVENING
3164,9,12,20,25,30,21/11/2004,EVENING
3165,6,18,21,24,34,22/11/2004,EVENING
3166,25,28,31,32,34,23/11/2004,EVENING
3167,4,6,22,23,25,24/11/2004,EVENING
3168,16,20,28,31,33,25/11/2004,EVENING
3169,8,16,19,31,35,26/11/2004,EVENING
3170,8,21,22,25,33,27/11/2004,EVENING
3171,11,23,25,30,36,28/11/2004,EVENING
3172,4,7,21,30,34,29/11/2004,EVENING
3173,1,7,18,22,31,30/11/2004,EVENING
3174,3,11,28,31,32,01/12/2004,EVENING
3175,7,11,33,34,36,02/12/2004,EVENING
3176,9,13,16,22,36,03/12/2004,EVENING
3177,4,15,17,23,32,04/12/2004,EVENING
3178,1,12,21,23,24,05/12/2004,EVENING
3179,2,9,18,28,35,06/12/2004,EVENING
3180,9,13,16,17,24,07/12/2004,EVENING
3181,2,3,5,6,14,08/12/2004,EVENING
3182,5,9,22,23,28,09/12/2004,EVENING
3183,6,11,14,29,30,10/12/2004,EVENING
3184,11,12,26,27,30,11/12/2004,EVENING
3185,2,3,17,20,21,12/12/2004,EVENING
3186,6,8,12,15,18,13/12/2004,EVENING
3187,2,11,18,25,30,14/12/2004,EVENING
3188,11,15,29,30,33,15/12/2004,EVENING
3189,3,6,22,30,33,16/12/2004,EVENING
3190,12,20,26,29,32,17/12/2004,EVENING
3191,5,16,19,21,33,18/12/2004,EVENING
3192,4,14,20,24,32,19/12/2004,EVENING
3193,13,16,20,34,35,20/12/2004,EVENING
3194,1,21,22,23,27,21/12/2004,EVENING
3195,3,7,8,21,27,22/12/2004,EVENING
3196,9,20,21,29,35,23/12/2004,EVENING
3197,4,21,28,33,36,24/12/2004,EVENING
3198,16,30,32,33,35,25/12/2004,EVENING
3199,3,5,20,24,30,26/12/2004,EVENING
3200,1,8,12,14,34,27/12/2004,EVENING
3201,10,20,21,24,27,28/12/2004,EVENING
3202,1,3,9,22,23,29/12/2004,EVENING
3203,13,20,22,27,34,30/12/2004,EVENING
3204,1,17,18,28,36,31/12/2004,EVENING
3205,4,7,15,16,23,01/01/2005,EVENING
3206,9,24,26,29,31,02/01/2005,EVENING
3207,1,5,9,15,18,03/01/2005,EVENING
3208,6,10,16,18,21,04/01/2005,EVENING
3209,4,6,16,20,27,05/01/2005,EVENING
3210,2,20,21,25,27,06/01/2005,EVENING
3211,4,9,16,28,30,07/01/2005,EVENING
3212,11,14,23,24,29,08/01/2005,EVENING
3213,10,20,23,35,36,09/01/2005,EVENING
3214,5,9,18,21,27,10/01/2005,EVENING
3215,2,10,21,24,31,11/01/2005,EVENING
3216,1,12,15,27,30,12/01/2005,EVENING
3217,1,5,8,17,21,13/01/2005,EVENING
3218,8,17,21,26,31,14/01/2005,EVENING
3219,7,16,18,23,28,15/01/2005,EVENING
3220,9,25,27,33,34,16/01/2005,EVENING
3221,12,14,19,29,30,17/01/2005,EVENING
3222,8,22,26,31,36,18/01/2005,EVENING
3223,1,10,16,25,26,19/01/2005,EVENING
3224,11,21,22,30,31,20/01/2005,EVENING
3225,12,13,21,26,30,21/01/2005,EVENING
3226,1,4,5,15,16,22/01/2005,EVENING
3227,4,22,23,27,29,23/01/2005,EVENING
3228,1,7,8,22,32,24/01/2005,EVENING
3229,7,10,17,24,35,25/01/2005,EVENING
3230,11,16,21,26,31,26/01/2005,EVENING
3231,8,19,20,32,34,27/01/2005,EVENING
3232,5,27,31,32,36,28/01/2005,EVENING
3233,5,12,18,26,33,29/01/2005,EVENING
3234,5,11,16,25,34,30/01/2005,EVENING
3235,17,24,27,32,36,31/01/2005,EVENING
3236,7,27,28,29,34,01/02/2005,EVENING
3237,6,16,19,21,23,02/02/2005,EVENING
3238,2,11,12,18,25,03/02/2005,EVENING
3239,9,16,17,32,34,04/02/2005,EVENING
3240,7,9,17,23,31,05/02/2005,EVENING
3241,8,12,18,26,34,06/02/2005,EVENING
3242,21,25,28,31,33,07/02/2005,EVENING
3243,9,19,21,28,31,08/02/2005,EVENING
3244,3,5,10,22,26,09/02/2005,EVENING
3245,15,19,22,27,31,10/02/2005,EVENING
3246,1,3,14,23,33,11/02/2005,EVENING
3247,8,19,20,22,28,12/02/2005,EVENING
3248,19,21,23,27,35,13/02/2005,EVENING
3249,7,9,15,24,25,14/02/2005,EVENING
3250,12,14,15,19,36,15/02/2005,EVENING
3251,5,6,14,20,32,16/02/2005,EVENING
3252,14,16,18,23,28,17/02/2005,EVENING
3253,5,20,24,30,31,18/02/2005,EVENING
3254,4,6,12,14,33,19/02/2005,EVENING
3255,4,16,21,29,35,20/02/2005,EVENING
3256,6,7,12,16,24,21/02/2005,EVENING
3257,20,21,24,26,30,22/02/2005,EVENING
3258,9,30,31,32,35,23/02/2005,EVENING
3259,4,5,12,20,28,24/02/2005,EVENING
3260,11,21,23,25,29,25/02/2005,EVENING
3261,6,8,14,24,32,26/02/2005,EVENING
3262,12,15,20,26,36,27/02/2005,EVENING
3263,6,15,17,21,35,28/02/2005,EVENING
3264,2,7,12,16,35,01/03/2005,EVENING
3265,2,4,7,12,19,02/03/2005,EVENING
3266,10,16,18,29,34,03/03/2005,EVENING
3267,11,12,27,30,35,04/03/2005,EVENING
3268,13,23,26,28,30,05/03/2005,EVENING
3269,4,14,16,24,35,06/03/2005,EVENING
3270,2,4,6,19,27,07/03/2005,EVENING
3271,1,5,6,10,29,08/03/2005,EVENING
3272,7,10,14,22,32,09/03/2005,EVENING
3273,11,19,23,29,36,10/03/2005,EVENING
3274,11,16,18,23,27,11/03/2005,EVENING
3275,1,7,8,18,22,12/03/2005,EVENING
3276,1,3,19,22,28,13/03/2005,EVENING
3277,4,7,12,28,29,14/03/2005,EVENING
3278,3,5,9,14,34,15/03/2005,EVENING
3279,1,2,6,26,33,16/03/2005,EVENING
3280,1,6,24,25,35,17/03/2005,EVENING
3281,5,15,16,23,28,18/03/2005,EVENING
3282,5,9,17,19,25,19/03/2005,EVENING
3283,7,9,14,32,36,20/03/2005,EVENING
3284,1,10,15,19,20,21/03/2005,EVENING
3285,4,8,13,28,33,22/03/2005,EVENING
3286,4,8,31,32,34,23/03/2005,EVENING
3287,6,12,14,25,28,24/03/2005,EVENING
3288,6,12,14,20,30,25/03/2005,EVENING
3289,8,17,24,28,29,26/03/2005,EVENING
3290,6,12,14,26,32,27/03/2005,EVENING
3291,12,15,16,18,21,28/03/2005,EVENING
3292,5,15,25,27,32,29/03/2005,EVENING
3293,8,13,16,26,35,30/03/2005,EVENING
3294,12,15,21,26,31,31/03/2005,EVENING
3295,1,6,17,18,26,01/04/2005,EVENING
3296,4,17,18,23,30,02/04/2005,EVENING
3297,13,16,28,30,34,03/04/2005,EVENING
3298,7,11,13,22,36,04/04/2005,EVENING
3299,4,6,7,16,35,05/04/2005,EVENING
3300,4,16,18,24,36,06/04/2005,EVENING
3301,4,17,28,32,35,07/04/2005,EVENING
3302,2,9,16,19,21,08/04/2005,EVENING
3303,3,14,29,30,36,09/04/2005,EVENING
3304,7,13,15,20,29,10/04/2005,EVENING
3305,2,15,26,28,31,11/04/2005,EVENING
3306,6,15,19,24,28,12/04/2005,EVENING
3307,12,24,25,28,31,13/04/2005,EVENING
3308,16,20,21,26,32,14/04/2005,EVENING
3309,4,5,8,27,34,15/04/2005,EVENING
3310,5,10,11,16,17,16/04/2005,EVENING
3311,4,18,19,20,31,17/04/2005,EVENING
3312,3,7,24,30,31,18/04/2005,EVENING
3313,1,7,14,22,23,19/04/2005,EVENING
3314,1,18,28,29,36,20/04/2005,EVENING
3315,8,15,18,26,33,21/04/2005,EVENING
3316,2,16,25,28,33,22/04/2005,EVENING
3317,11,12,17,32,36,23/04/2005,EVENING
3318,4,5,22,24,29,24/04/2005,EVENING
3319,9,12,18,27,29,25/04/2005,EVENING
3320,9,10,16,21,34,26/04/2005,EVENING
3321,1,2,6,32,35,27/04/2005,EVENING
3322,15,19,25,26,28,28/04/2005,EVENING
3323,5,6,8,25,32,29/04/2005,EVENING
3324,2,4,16,19,25,30/04/2005,EVENING
3325,2,14,30,33,34,01/05/2005,EVENING
3326,17,22,33,35,36,02/05/2005,EVENING
3327,2,19,21,30,35,03/05/2005,EVENING
3328,2,4,10,16,26,04/05/2005,EVENING
3329,6,18,19,26,34,05/05/2005,EVENING
3330,7,10,18,23,35,06/05/2005,EVENING
3331,2,17,23,24,32,07/05/2005,EVENING
3332,4,18,25,28,34,08/05/2005,EVENING
3333,5,6,7,30,31,09/05/2005,EVENING
3334,4,9,30,34,36,10/05/2005,EVENING
3335,7,12,16,32,34,11/05/2005,EVENING
3336,2,3,17,24,34,12/05/2005,EVENING
3337,3,9,14,19,25,13/05/2005,EVENING
3338,10,12,20,24,28,14/05/2005,EVENING
3339,9,15,17,26,35,15/05/2005,EVENING
3340,4,10,22,27,32,16/05/2005,EVENING
3341,1,15,19,20,33,17/05/2005,EVENING
3342,10,14,31,32,36,18/05/2005,EVENING
3343,1,8,9,14,18,19/05/2005,EVENING
3344,3,11,14,16,30,20/05/2005,EVENING
3345,12,16,20,23,24,21/05/2005,EVENING
3346,3,9,30,31,36,22/05/2005,EVENING
3347,5,14,19,23,24,23/05/2005,EVENING
3348,3,7,11,25,27,24/05/2005,EVENING
3349,1,6,8,27,30,25/05/2005,EVENING
3350,1,12,33,34,35,26/05/2005,EVENING
3351,9,15,17,22,35,27/05/2005,EVENING
3352,8,14,26,33,35,28/05/2005,EVENING
3353,6,8,16,22,32,29/05/2005,EVENING
3354,4,8,15,21,25,30/05/2005,EVENING
3355,9,12,13,14,20,31/05/2005,EVENING
3356,2,27,29,31,36,01/06/2005,EVENING
3357,6,8,18,28,32,02/06/2005,EVENING
3358,8,13,14,17,24,03/06/2005,EVENING
3359,3,8,20,28,30,04/06/2005,EVENING
3360,3,4,19,25,31,05/06/2005,EVENING
3361,1,5,21,23,31,06/06/2005,EVENING
3362,7,18,19,31,32,07/06/2005,EVENING
3363,4,20,27,30,35,08/06/2005,EVENING
3364,26,27,29,33,36,09/06/2005,EVENING
3365,3,9,19,24,34,10/06/2005,EVENING
3366,14,15,22,34,35,11/06/2005,EVENING
3367,18,20,24,28,32,12/06/2005,EVENING
3368,10,12,24,31,35,13/06/2005,EVENING
3369,7,24,27,33,34,14/06/2005,EVENING
3370,7,8,22,29,33,15/06/2005,EVENING
3371,6,13,16,18,33,16/06/2005,EVENING
3372,12,17,18,27,35,17/06/2005,EVENING
3373,2,6,12,14,17,18/06/2005,EVENING
3374,1,5,25,26,36,19/06/2005,EVENING
3375,4,6,7,26,33,20/06/2005,EVENING
3376,3,7,24,34,36,21/06/2005,EVENING
3377,1,5,6,7,27,22/06/2005,EVENING
3378,2,7,11,13,21,23/06/2005,EVENING
3379,2,3,17,21,33,24/06/2005,EVENING
3380,7,11,30,34,35,25/06/2005,EVENING
3381,2,13,26,30,31,26/06/2005,EVENING
3382,1,11,14,27,29,27/06/2005,EVENING
3383,1,2,9,15,20,28/06/2005,EVENING
3384,5,9,12,14,19,29/06/2005,EVENING
3385,5,11,19,21,22,30/06/2005,EVENING
3386,3,9,13,18,29,01/07/2005,EVENING
3387,1,12,14,27,35,02/07/2005,EVENING
3388,13,15,19,22,23,03/07/2005,EVENING
3389,11,13,16,23,24,04/07/2005,EVENING
3390,8,11,18,20,31,05/07/2005,EVENING
3391,3,6,8,12,27,06/07/2005,EVENING
3392,12,14,24,29,31,07/07/2005,EVENING
3393,12,14,15,22,34,08/07/2005,EVENING
3394,16,22,23,28,30,09/07/2005,EVENING
3395,23,25,29,31,34,10/07/2005,EVENING
3396,5,21,24,29,35,11/07/2005,EVENING
3397,2,9,18,24,30,12/07/2005,EVENING
3398,6,11,26,28,33,13/07/2005,EVENING
3399,4,14,28,29,30,14/07/2005,EVENING
3400,1,7,12,27,34,15/07/2005,EVENING
3401,2,10,14,15,30,16/07/2005,EVENING
3402,10,16,28,29,33,17/07/2005,EVENING
3403,11,18,28,31,34,18/07/2005,EVENING
3404,1,12,26,27,32,19/07/2005,EVENING
3405,15,20,23,30,31,20/07/2005,EVENING
3406,1,10,12,16,28,21/07/2005,EVENING
3407,2,7,12,23,35,22/07/2005,EVENING
3408,17,21,23,25,30,23/07/2005,EVENING
3409,3,6,8,11,13,24/07/2005,EVENING
3410,3,5,8,28,34,25/07/2005,EVENING
3411,7,11,18,23,26,26/07/2005,EVENING
3412,3,8,16,29,32,27/07/2005,EVENING
3413,3,13,16,31,35,28/07/2005,EVENING
3414,5,16,19,20,34,29/07/2005,EVENING
3415,5,7,18,22,27,30/07/2005,EVENING
3416,5,16,17,23,27,31/07/2005,EVENING
3417,3,15,19,20,30,01/08/2005,EVENING
3418,6,9,12,13,33,02/08/2005,EVENING
3419,2,3,11,24,32,03/08/2005,EVENING
3420,1,8,13,32,34,04/08/2005,EVENING
3421,15,20,22,32,34,05/08/2005,EVENING
3422,3,4,17,28,36,06/08/2005,EVENING
3423,10,15,17,19,32,07/08/2005,EVENING
3424,12,17,18,21,28,08/08/2005,EVENING
3425,3,19,26,30,33,09/08/2005,EVENING
3426,1,5,6,16,34,10/08/2005,EVENING
3427,1,19,21,25,29,11/08/2005,EVENING
3428,4,5,7,30,32,12/08/2005,EVENING
3429,7,14,26,33,36,13/08/2005,EVENING
3430,1,2,24,27,34,14/08/2005,EVENING
3431,5,9,16,19,36,15/08/2005,EVENING
3432,5,15,20,24,34,16/08/2005,EVENING
3433,1,5,12,15,35,17/08/2005,EVENING
3434,7,11,13,21,25,18/08/2005,EVENING
3435,15,17,20,25,36,19/08/2005,EVENING
3436,2,16,17,19,24,20/08/2005,EVENING
3437,6,15,16,33,34,21/08/2005,EVENING
3438,5,18,20,32,35,22/08/2005,EVENING
3439,11,18,27,28,35,23/08/2005,EVENING
3440,6,30,31,34,36,24/08/2005,EVENING
3441,2,5,13,25,27,25/08/2005,EVENING
3442,6,12,13,18,35,26/08/2005,EVENING
3443,4,5,13,25,30,27/08/2005,EVENING
3444,9,10,20,23,29,28/08/2005,EVENING
3445,10,12,13,24,29,29/08/2005,EVENING
3446,8,13,14,17,36,30/08/2005,EVENING
3447,1,20,23,35,36,31/08/2005,EVENING
3448,3,14,24,26,34,01/09/2005,EVENING
3449,19,26,28,31,33,02/09/2005,EVENING
3450,1,3,4,14,23,03/09/2005,EVENING
3451,12,24,31,33,35,04/09/2005,EVENING
3452,13,14,19,28,30,05/09/2005,EVENING
3453,3,6,8,18,36,06/09/2005,EVENING
3454,8,11,13,19,32,07/09/2005,EVENING
3455,3,7,31,33,36,08/09/2005,EVENING
3456,2,3,12,20,30,09/09/2005,EVENING
3457,2,3,17,21,34,10/09/2005,EVENING
3458,2,19,22,24,29,11/09/2005,EVENING
3459,6,16,26,27,36,12/09/2005,EVENING
3460,2,5,12,25,36,13/09/2005,EVENING
3461,1,9,13,23,29,14/09/2005,EVENING
3462,3,12,19,31,33,15/09/2005,EVENING
3463,1,8,10,14,36,16/09/2005,EVENING
3464,7,10,19,26,35,17/09/2005,EVENING
3465,3,5,25,28,29,18/09/2005,EVENING
3466,4,12,17,19,25,19/09/2005,EVENING
3467,4,8,16,20,25,20/09/2005,EVENING
3468,9,11,13,15,26,21/09/2005,EVENING
3469,2,15,18,29,34,22/09/2005,EVENING
3470,11,16,18,26,27,23/09/2005,EVENING
3471,2,7,24,29,35,24/09/2005,EVENING
3472,6,9,31,33,35,25/09/2005,EVENING
3473,2,24,28,30,36,26/09/2005,EVENING
3474,2,7,13,29,31,27/09/2005,EVENING
3475,6,9,11,26,32,28/09/2005,EVENING
3476,7,11,22,26,31,29/09/2005,EVENING
3477,13,15,27,32,36,30/09/2005,EVENING
3478,1,3,5,7,11,01/10/2005,EVENING
3479,1,9,11,13,31,02/10/2005,EVENING
3480,4,5,6,7,32,03/10/2005,EVENING
3481,8,19,25,26,34,04/10/2005,EVENING
3482,13,14,25,26,33,05/10/2005,EVENING
3483,2,3,11,34,36,06/10/2005,EVENING
3484,2,11,20,23,35,07/10/2005,EVENING
3485,19,20,24,31,32,08/10/2005,EVENING
3486,1,4,20,23,24,09/10/2005,EVENING
3487,7,18,29,32,36,10/10/2005,EVENING
3488,1,3,7,12,22,11/10/2005,EVENING
3489,19,20,22,29,36,12/10/2005,EVENING
3490,12,13,22,29,31,13/10/2005,EVENING
3491,14,17,24,27,29,14/10/2005,EVENING
3492,10,25,29,30,36,15/10/2005,EVENING
3493,14,22,24,29,33,16/10/2005,EVENING
3494,4,6,20,24,32,17/10/2005,EVENING
3495,6,12,14,24,36,18/10/2005,EVENING
3496,1,9,10,24,30,19/10/2005,EVENING
3497,5,10,27,28,36,20/10/2005,EVENING
3498,1,4,6,19,26,21/10/2005,EVENING
3499,9,13,15,25,36,22/10/2005,EVENING
3500,5,19,21,27,31,23/10/2005,EVENING
3501,3,20,30,32,35,24/10/2005,EVENING
3502,10,30,31,32,34,25/10/2005,EVENING
3503,12,19,21,31,33,26/10/2005,EVENING
3504,4,10,13,17,19,27/10/2005,EVENING
3505,8,12,14,30,36,28/10/2005,EVENING
3506,16,28,30,32,36,29/10/2005,EVENING
3507,1,17,28,29,36,30/10/2005,EVENING
3508,18,20,23,24,29,31/10/2005,EVENING
3509,1,14,25,31,35,01/11/2005,EVENING
3510,2,4,6,35,36,02/11/2005,EVENING
3511,25,26,29,34,36,03/11/2005,EVENING
3512,3,5,15,24,30,04/11/2005,EVENING
3513,2,10,14,17,35,05/11/2005,EVENING
3514,12,17,25,26,31,06/11/2005,EVENING
3515,9,17,25,28,33,07/11/2005,EVENING
3516,1,4,17,18,20,08/11/2005,EVENING
3517,3,13,15,22,32,09/11/2005,EVENING
3518,13,20,21,30,33,10/11/2005,EVENING
3519,2,12,17,25,27,11/11/2005,EVENING
3520,5,8,20,24,31,12/11/2005,EVENING
3521,3,16,20,22,27,13/11/2005,EVENING
3522,18,22,27,28,31,14/11/2005,EVENING
3523,1,5,14,16,29,15/11/2005,EVENING
3524,11,16,17,30,35,16/11/2005,EVENING
3525,1,7,26,30,36,17/11/2005,EVENING
3526,3,5,9,12,32,18/11/2005,EVENING
3527,1,16,25,31,35,19/11/2005,EVENING
3528,4,5,7,23,24,20/11/2005,EVENING
3529,8,15,16,19,26,21/11/2005,EVENING
3530,2,15,17,21,27,22/11/2005,EVENING
3531,9,13,23,27,32,23/11/2005,EVENING
3532,6,7,17,32,33,24/11/2005,EVENING
3533,4,8,14,25,35,25/11/2005,EVENING
3534,2,3,4,30,34,26/11/2005,EVENING
3535,1,12,14,19,29,27/11/2005,EVENING
3536,3,4,15,17,31,28/11/2005,EVENING
3537,7,13,29,34,35,29/11/2005,EVENING
3538,7,9,20,26,29,30/11/2005,EVENING
3539,3,5,28,34,35,01/12/2005,EVENING
3540,4,12,18,27,36,02/12/2005,EVENING
3541,4,6,21,24,32,03/12/2005,EVENING
3542,10,14,28,30,35,04/12/2005,EVENING
3543,19,21,24,26,35,05/12/2005,EVENING
3544,7,13,15,27,33,06/12/2005,EVENING
3545,12,17,22,25,36,07/12/2005,EVENING
3546,5,13,19,26,34,08/12/2005,EVENING
3547,2,6,19,22,33,09/12/2005,EVENING
3548,11,13,19,26,35,10/12/2005,EVENING
3549,14,20,26,31,36,11/12/2005,EVENING
3550,9,14,20,30,35,12/12/2005,EVENING
3551,2,7,13,24,36,13/12/2005,EVENING
3552,1,11,14,20,35,14/12/2005,EVENING
3553,16,23,24,33,35,15/12/2005,EVENING
3554,5,14,21,23,33,16/12/2005,EVENING
3555,10,18,21,26,27,17/12/2005,EVENING
3556,7,9,11,20,22,18/12/2005,EVENING
3557,5,9,10,29,36,19/12/2005,EVENING
3558,1,24,25,28,36,20/12/2005,EVENING
3559,4,15,23,25,26,21/12/2005,EVENING
3560,1,11,28,32,34,22/12/2005,EVENING
3561,7,26,27,31,34,23/12/2005,EVENING
3562,14,15,16,24,34,24/12/2005,EVENING
3563,1,5,10,19,31,25/12/2005,EVENING
3564,2,8,10,28,36,26/12/2005,EVENING
3565,1,9,11,16,30,27/12/2005,EVENING
3566,1,4,17,18,30,28/12/2005,EVENING
3567,5,19,21,22,36,29/12/2005,EVENING
3568,6,20,23,24,29,30/12/2005,EVENING
3569,3,10,19,25,36,31/12/2005,EVENING
3570,5,8,12,13,34,01/01/2006,EVENING
3571,4,10,21,23,34,02/01/2006,EVENING
3572,3,6,9,15,36,03/01/2006,EVENING
3573,10,18,26,30,31,04/01/2006,EVENING
3574,1,10,25,31,36,05/01/2006,EVENING
3575,11,15,16,22,34,06/01/2006,EVENING
3576,3,13,16,32,34,07/01/2006,EVENING
3577,10,11,17,28,32,08/01/2006,EVENING
3578,11,16,26,34,36,09/01/2006,EVENING
3579,3,9,12,18,28,10/01/2006,EVENING
3580,3,12,19,27,33,11/01/2006,EVENING
3581,6,8,24,27,32,12/01/2006,EVENING
3582,13,21,22,27,32,13/01/2006,EVENING
3583,5,7,13,17,34,14/01/2006,EVENING
3584,2,4,8,16,35,15/01/2006,EVENING
3585,17,19,25,31,32,16/01/2006,EVENING
3586,1,9,10,15,29,17/01/2006,EVENING
3587,8,10,16,27,29,18/01/2006,EVENING
3588,4,5,16,21,35,19/01/2006,EVENING
3589,4,12,20,24,35,20/01/2006,EVENING
3590,4,7,23,24,30,21/01/2006,EVENING
3591,6,7,14,27,31,22/01/2006,EVENING
3592,2,26,31,32,34,23/01/2006,EVENING
3593,9,10,18,27,34,24/01/2006,EVENING
3594,3,9,16,29,32,25/01/2006,EVENING
3595,5,15,20,26,27,26/01/2006,EVENING
3596,9,15,24,27,32,27/01/2006,EVENING
3597,17,23,30,33,35,28/01/2006,EVENING
3598,6,9,11,30,34,29/01/2006,EVENING
3599,10,15,16,19,24,30/01/2006,EVENING
3600,12,26,30,33,36,31/01/2006,EVENING
3601,4,8,11,30,31,01/02/2006,EVENING
3602,2,12,28,33,36,02/02/2006,EVENING
3603,2,8,23,34,35,03/02/2006,EVENING
3604,7,19,21,31,35,04/02/2006,EVENING
3605,2,10,11,13,21,05/02/2006,EVENING
3606,5,8,27,30,32,06/02/2006,EVENING
3607,5,7,8,21,34,07/02/2006,EVENING
3608,2,13,18,19,21,08/02/2006,EVENING
3609,3,16,29,30,32,09/02/2006,EVENING
3610,3,7,22,29,34,10/02/2006,EVENING
3611,9,13,18,19,28,11/02/2006,EVENING
3612,4,10,17,19,28,12/02/2006,EVENING
3613,1,21,24,27,36,13/02/2006,EVENING
3614,1,10,27,35,36,14/02/2006,EVENING
3615,15,19,20,21,27,15/02/2006,EVENING
3616,1,10,16,24,28,16/02/2006,EVENING
3617,13,20,21,29,35,17/02/2006,EVENING
3618,3,9,25,31,33,18/02/2006,EVENING
3619,7,8,10,19,24,19/02/2006,EVENING
3620,3,4,10,11,14,20/02/2006,EVENING
3621,10,12,20,21,34,21/02/2006,EVENING
3622,4,6,11,16,35,22/02/2006,EVENING
3623,6,7,12,28,31,23/02/2006,EVENING
3624,8,22,27,34,35,24/02/2006,EVENING
3625,6,7,14,15,27,25/02/2006,EVENING
3626,4,5,14,27,30,26/02/2006,EVENING
3627,3,17,21,27,32,27/02/2006,EVENING
3628,4,5,11,12,16,28/02/2006,EVENING
3629,1,7,17,24,25,01/03/2006,EVENING
3630,13,19,27,28,33,02/03/2006,EVENING
3631,7,11,13,15,21,03/03/2006,EVENING
3632,10,13,15,30,35,04/03/2006,EVENING
3633,5,7,10,17,29,05/03/2006,EVENING
3634,1,15,17,31,36,06/03/2006,EVENING
3635,1,6,22,26,31,07/03/2006,EVENING
3636,2,5,9,20,36,08/03/2006,EVENING
3637,6,19,21,32,33,09/03/2006,EVENING
3638,6,8,10,21,25,10/03/2006,EVENING
3639,1,13,23,30,34,11/03/2006,EVENING
3640,3,7,10,26,34,12/03/2006,EVENING
3641,6,16,23,25,28,13/03/2006,EVENING
3642,7,10,23,31,34,14/03/2006,EVENING
3643,18,21,26,27,29,15/03/2006,EVENING
3644,1,14,27,32,34,16/03/2006,EVENING
3645,4,12,26,31,33,17/03/2006,EVENING
3646,6,15,26,31,36,18/03/2006,EVENING
3647,14,20,28,32,36,19/03/2006,EVENING
3648,10,11,27,29,36,20/03/2006,EVENING
3649,2,13,18,34,36,21/03/2006,EVENING
3650,15,19,21,24,32,22/03/2006,EVENING
3651,8,14,15,27,30,23/03/2006,EVENING
3652,4,5,20,21,31,24/03/2006,EVENING
3653,6,22,23,25,26,25/03/2006,EVENING
3654,8,9,19,22,31,26/03/2006,EVENING
3655,15,17,21,23,31,27/03/2006,EVENING
3656,2,16,21,33,36,28/03/2006,EVENING
3657,9,10,23,25,34,29/03/2006,EVENING
3658,2,11,12,13,22,30/03/2006,EVENING
3659,5,8,20,22,33,31/03/2006,EVENING
3660,8,14,15,17,32,01/04/2006,EVENING
3661,1,16,27,28,36,02/04/2006,EVENING
3662,2,4,14,33,34,03/04/2006,EVENING
3663,2,11,14,17,21,04/04/2006,EVENING
3664,2,8,13,17,19,05/04/2006,EVENING
3665,4,8,18,21,33,06/04/2006,EVENING
3666,7,10,15,19,22,07/04/2006,EVENING
3667,2,4,23,24,27,08/04/2006,EVENING
3668,6,11,17,19,35,09/04/2006,EVENING
3669,8,12,14,15,21,10/04/2006,EVENING
3670,17,21,26,33,35,11/04/2006,EVENING
3671,8,11,13,27,31,12/04/2006,EVENING
3672,5,10,15,28,30,13/04/2006,EVENING
3673,4,12,22,33,35,14/04/2006,EVENING
3674,1,11,14,15,18,15/04/2006,EVENING
3675,2,3,13,20,34,16/04/2006,EVENING
3676,10,20,26,30,33,17/04/2006,EVENING
3677,6,14,19,23,32,18/04/2006,EVENING
3678,5,18,19,20,29,19/04/2006,EVENING
3679,1,15,17,19,36,20/04/2006,EVENING
3680,6,16,20,34,36,21/04/2006,EVENING
3681,1,2,6,22,29,22/04/2006,EVENING
3682,4,5,13,15,22,23/04/2006,EVENING
3683,2,6,21,28,36,24/04/2006,EVENING
3684,11,13,21,22,28,25/04/2006,EVENING
3685,9,14,17,30,32,26/04/2006,EVENING
3686,8,14,21,23,28,27/04/2006,EVENING
3687,1,13,17,28,34,28/04/2006,EVENING
3688,7,23,31,33,35,29/04/2006,EVENING
3689,8,9,10,17,26,30/04/2006,EVENING
3690,5,10,19,23,33,01/05/2006,EVENING
3691,1,21,22,24,30,02/05/2006,EVENING
3692,14,16,18,21,26,03/05/2006,EVENING
3693,2,12,20,32,35,04/05/2006,EVENING
3694,14,20,25,31,35,05/05/2006,EVENING
3695,15,23,24,32,33,06/05/2006,EVENING
3696,1,2,9,17,21,07/05/2006,EVENING
3697,2,8,22,24,32,08/05/2006,EVENING
3698,13,19,21,34,36,09/05/2006,EVENING
3699,1,3,8,15,34,10/05/2006,EVENING
3700,6,20,24,29,33,11/05/2006,EVENING
3701,4,6,12,23,31,12/05/2006,EVENING
3702,1,13,14,24,27,13/05/2006,EVENING
3703,3,6,10,13,22,14/05/2006,EVENING
3704,3,10,21,27,29,15/05/2006,EVENING
3705,9,10,13,22,30,16/05/2006,EVENING
3706,1,11,12,13,16,17/05/2006,EVENING
3707,2,6,16,20,31,18/05/2006,EVENING
3708,1,10,14,32,36,19/05/2006,EVENING
3709,19,20,23,24,25,20/05/2006,EVENING
3710,8,11,12,22,33,21/05/2006,EVENING
3711,10,14,16,24,30,22/05/2006,EVENING
3712,2,4,15,28,35,23/05/2006,EVENING
3713,11,19,21,26,28,24/05/2006,EVENING
3714,4,7,15,17,19,25/05/2006,EVENING
3715,1,9,12,26,28,26/05/2006,EVENING
3716,1,9,10,15,27,27/05/2006,EVENING
3717,5,9,26,32,35,28/05/2006,EVENING
3718,19,20,24,30,34,29/05/2006,EVENING
3719,1,5,9,30,34,30/05/2006,EVENING
3720,1,10,18,33,36,31/05/2006,EVENING
3721,4,7,9,19,30,01/06/2006,EVENING
3722,5,6,14,28,31,02/06/2006,EVENING
3723,4,8,11,17,21,03/06/2006,EVENING
3724,2,4,6,20,25,04/06/2006,EVENING
3725,1,3,6,22,34,05/06/2006,EVENING
3726,2,15,16,25,31,06/06/2006,EVENING
3727,15,21,22,26,36,07/06/2006,EVENING
3728,10,15,19,23,33,08/06/2006,EVENING
3729,1,2,4,13,19,09/06/2006,EVENING
3730,6,9,13,27,31,10/06/2006,EVENING
3731,7,16,20,30,35,11/06/2006,EVENING
3732,1,5,6,19,20,12/06/2006,EVENING
3733,3,7,15,19,31,13/06/2006,EVENING
3734,1,7,12,24,31,14/06/2006,EVENING
3735,1,5,11,16,26,15/06/2006,EVENING
3736,3,4,26,27,32,16/06/2006,EVENING
3737,3,14,17,24,29,17/06/2006,EVENING
3738,2,7,19,29,35,18/06/2006,EVENING
3739,1,11,16,17,28,19/06/2006,EVENING
3740,2,6,31,34,35,20/06/2006,EVENING
3741,4,8,14,18,19,21/06/2006,EVENING
3742,10,11,23,26,36,22/06/2006,EVENING
3743,23,25,26,32,33,23/06/2006,EVENING
3744,9,12,15,22,26,24/06/2006,EVENING
3745,15,27,29,31,36,25/06/2006,EVENING
3746,15,17,22,34,35,26/06/2006,EVENING
3747,1,23,24,26,32,27/06/2006,EVENING
3748,7,9,21,31,36,28/06/2006,EVENING
3749,1,18,20,27,35,29/06/2006,EVENING
3750,6,16,19,25,27,30/06/2006,EVENING
3751,6,12,14,19,36,01/07/2006,EVENING
3752,1,2,7,15,30,02/07/2006,EVENING
3753,5,17,19,23,35,03/07/2006,EVENING
3754,3,11,18,21,29,04/07/2006,EVENING
3755,14,21,24,25,32,05/07/2006,EVENING
3756,6,10,18,24,34,06/07/2006,EVENING
3757,4,6,8,17,21,07/07/2006,EVENING
3758,4,5,6,20,28,08/07/2006,EVENING
3759,6,9,21,22,34,09/07/2006,EVENING
3760,1,3,5,20,28,10/07/2006,EVENING
3761,1,6,8,27,30,11/07/2006,EVENING
3762,7,8,11,28,30,12/07/2006,EVENING
3763,7,8,27,30,34,13/07/2006,EVENING
3764,4,11,13,28,33,14/07/2006,EVENING
3765,2,4,6,10,30,15/07/2006,EVENING
3766,3,11,16,23,28,16/07/2006,EVENING
3767,7,9,11,17,30,17/07/2006,EVENING
3768,2,16,18,20,23,18/07/2006,EVENING
3769,7,8,24,35,36,19/07/2006,EVENING
3770,5,26,28,30,36,20/07/2006,EVENING
3771,6,7,11,18,29,21/07/2006,EVENING
3772,3,11,24,25,28,22/07/2006,EVENING
3773,9,15,24,29,33,23/07/2006,EVENING
3774,10,11,21,22,30,24/07/2006,EVENING
3775,16,17,26,27,34,25/07/2006,EVENING
3776,2,16,27,34,35,26/07/2006,EVENING
3777,2,4,11,12,22,27/07/2006,EVENING
3778,10,14,17,24,28,28/07/2006,EVENING
3779,2,4,7,19,21,29/07/2006,EVENING
3780,11,13,18,25,31,30/07/2006,EVENING
3781,7,20,24,29,32,31/07/2006,EVENING
3782,1,2,12,16,25,01/08/2006,EVENING
3783,2,7,18,25,26,02/08/2006,EVENING
3784,3,20,24,34,36,03/08/2006,EVENING
3785,1,16,21,28,36,04/08/2006,EVENING
3786,13,17,22,25,27,05/08/2006,EVENING
3787,7,9,10,25,35,06/08/2006,EVENING
3788,3,6,22,25,26,07/08/2006,EVENING
3789,7,8,13,23,26,08/08/2006,EVENING
3790,14,23,24,31,34,09/08/2006,EVENING
3791,2,4,12,27,35,10/08/2006,EVENING
3792,4,6,10,25,31,11/08/2006,EVENING
3793,6,12,25,27,28,12/08/2006,EVENING
3794,2,9,12,32,35,13/08/2006,EVENING
3795,2,8,26,31,36,14/08/2006,EVENING
3796,21,27,32,34,36,15/08/2006,EVENING
3797,2,3,16,22,30,16/08/2006,EVENING
3798,2,9,19,21,22,17/08/2006,EVENING
3799,4,15,23,30,36,18/08/2006,EVENING
3800,3,6,7,17,35,19/08/2006,EVENING
3801,1,4,6,24,36,20/08/2006,EVENING
3802,1,9,23,24,29,21/08/2006,EVENING
3803,2,8,15,21,24,22/08/2006,EVENING
3804,2,4,10,11,23,23/08/2006,EVENING
3805,2,5,17,19,27,24/08/2006,EVENING
3806,5,10,20,33,36,25/08/2006,EVENING
3807,10,12,14,18,33,26/08/2006,EVENING
3808,3,11,18,27,29,27/08/2006,EVENING
3809,10,14,19,26,27,28/08/2006,EVENING
3810,14,15,21,22,31,29/08/2006,EVENING
3811,3,24,26,27,33,30/08/2006,EVENING
3812,2,10,19,28,34,31/08/2006,EVENING
3813,5,17,29,34,36,01/09/2006,EVENING
3814,4,6,7,17,22,02/09/2006,EVENING
3815,13,17,20,28,32,03/09/2006,EVENING
3816,3,7,12,33,36,04/09/2006,EVENING
3817,6,7,20,21,35,05/09/2006,EVENING
3818,8,16,25,28,29,06/09/2006,EVENING
3819,8,22,25,28,29,07/09/2006,EVENING
3820,7,18,27,28,31,08/09/2006,EVENING
3821,4,10,11,13,36,09/09/2006,EVENING
3822,6,17,22,27,30,10/09/2006,EVENING
3823,9,21,22,24,35,11/09/2006,EVENING
3824,2,4,15,16,20,12/09/2006,EVENING
3825,6,9,16,20,25,13/09/2006,EVENING
3826,1,12,21,24,30,14/09/2006,EVENING
3827,1,16,22,34,35,15/09/2006,EVENING
3828,13,16,21,26,36,16/09/2006,EVENING
3829,4,9,21,26,29,17/09/2006,EVENING
3830,8,11,21,23,28,18/09/2006,EVENING
3831,11,12,14,18,31,19/09/2006,EVENING
3832,10,11,25,30,31,20/09/2006,EVENING
3833,2,4,6,15,19,21/09/2006,EVENING
3834,2,3,4,8,22,22/09/2006,EVENING
3835,5,12,19,28,31,23/09/2006,EVENING
3836,2,17,18,28,35,24/09/2006,EVENING
3837,16,20,25,30,33,25/09/2006,EVENING
3838,7,12,20,25,36,26/09/2006,EVENING
3839,4,15,30,32,35,27/09/2006,EVENING
3840,1,13,22,26,34,28/09/2006,EVENING
3841,4,7,19,31,34,29/09/2006,EVENING
3842,7,20,21,27,28,30/09/2006,EVENING
3843,8,10,12,28,35,01/10/2006,EVENING
3844,2,28,29,34,35,02/10/2006,EVENING
3845,1,5,21,23,34,03/10/2006,EVENING
3846,5,19,24,31,35,04/10/2006,EVENING
3847,4,17,19,34,36,05/10/2006,EVENING
3848,4,6,11,26,32,06/10/2006,EVENING
3849,13,16,21,28,29,07/10/2006,EVENING
3850,1,17,18,31,32,08/10/2006,EVENING
3851,9,13,23,25,29,09/10/2006,EVENING
3852,17,25,32,35,36,10/10/2006,EVENING
3853,1,6,7,17,34,11/10/2006,EVENING
3854,3,8,17,20,30,12/10/2006,EVENING
3855,10,16,18,25,30,13/10/2006,EVENING
3856,4,8,14,21,27,14/10/2006,EVENING
3857,9,18,21,25,35,15/10/2006,EVENING
3858,1,12,14,15,26,16/10/2006,EVENING
3859,7,9,13,19,23,17/10/2006,EVENING
3860,4,5,8,10,27,18/10/2006,EVENING
3861,6,7,14,31,33,19/10/2006,EVENING
3862,4,10,19,25,32,20/10/2006,EVENING
3863,1,7,13,27,29,21/10/2006,EVENING
3864,2,3,14,22,26,22/10/2006,EVENING
3865,16,20,21,26,34,23/10/2006,EVENING
3866,6,13,17,27,36,24/10/2006,EVENING
3867,1,4,5,15,35,25/10/2006,EVENING
3868,10,24,27,30,35,26/10/2006,EVENING
3869,1,11,22,30,32,27/10/2006,EVENING
3870,4,11,18,27,29,28/10/2006,EVENING
3871,6,12,14,27,30,29/10/2006,EVENING
3872,2,3,12,17,19,30/10/2006,EVENING
3873,4,30,33,34,36,31/10/2006,EVENING
3874,2,10,19,27,32,01/11/2006,EVENING
3875,12,17,18,23,35,02/11/2006,EVENING
3876,4,9,11,24,26,03/11/2006,EVENING
3877,8,12,15,21,31,04/11/2006,EVENING
3878,6,18,22,27,29,05/11/2006,EVENING
3879,1,5,9,12,18,06/11/2006,EVENING
3880,27,28,34,35,36,07/11/2006,EVENING
3881,1,12,16,19,34,08/11/2006,EVENING
3882,6,10,20,29,33,09/11/2006,EVENING
3883,14,19,20,24,32,10/11/2006,EVENING
3884,7,19,22,24,29,11/11/2006,EVENING
3885,19,26,30,33,36,12/11/2006,EVENING
3886,3,7,13,18,19,13/11/2006,EVENING
3887,7,9,12,28,31,14/11/2006,EVENING
3888,8,15,16,20,33,15/11/2006,EVENING
3889,7,11,12,16,27,16/11/2006,EVENING
3890,7,16,20,25,27,17/11/2006,EVENING
3891,1,6,17,18,24,18/11/2006,EVENING
3892,10,21,27,30,35,19/11/2006,EVENING
3893,1,9,12,15,23,20/11/2006,EVENING
3894,3,12,24,27,30,21/11/2006,EVENING
3895,4,8,9,16,23,22/11/2006,EVENING
3896,2,3,6,8,35,23/11/2006,EVENING
3897,12,13,26,30,36,24/11/2006,EVENING
3898,20,21,23,26,33,25/11/2006,EVENING
3899,7,14,22,23,26,26/11/2006,EVENING
3900,5,22,23,34,36,27/11/2006,EVENING
3901,17,19,20,29,35,28/11/2006,EVENING
3902,2,11,16,30,34,29/11/2006,EVENING
3903,6,19,24,27,36,30/11/2006,EVENING
3904,2,6,10,30,35,01/12/2006,EVENING
3905,4,6,7,11,36,02/12/2006,EVENING
3906,8,27,33,35,36,03/12/2006,EVENING
3907,2,11,24,33,35,04/12/2006,EVENING
3908,5,6,19,20,36,05/12/2006,EVENING
3909,2,13,15,29,33,06/12/2006,EVENING
3910,7,17,23,29,36,07/12/2006,EVENING
3911,8,20,23,29,34,08/12/2006,EVENING
3912,3,5,15,24,34,09/12/2006,EVENING
3913,1,18,19,20,32,10/12/2006,EVENING
3914,2,17,29,30,32,11/12/2006,EVENING
3915,6,7,21,23,30,12/12/2006,EVENING
3916,7,9,11,17,31,13/12/2006,EVENING
3917,2,6,10,17,20,14/12/2006,EVENING
3918,3,15,16,21,26,15/12/2006,EVENING
3919,1,4,27,34,36,16/12/2006,EVENING
3920,11,13,16,28,30,17/12/2006,EVENING
3921,1,17,26,32,33,18/12/2006,EVENING
3922,6,19,22,23,32,19/12/2006,EVENING
3923,5,16,17,20,21,20/12/2006,EVENING
3924,1,5,13,18,30,21/12/2006,EVENING
3925,13,20,31,33,35,22/12/2006,EVENING
3926,2,7,19,32,35,23/12/2006,EVENING
3927,13,18,23,24,36,24/12/2006,EVENING
3928,4,10,24,33,34,25/12/2006,EVENING
3929,8,9,11,17,19,26/12/2006,EVENING
3930,1,5,14,29,35,27/12/2006,EVENING
3931,7,11,16,17,34,28/12/2006,EVENING
3932,2,9,17,18,32,29/12/2006,EVENING
3933,9,28,31,33,35,30/12/2006,EVENING
3934,5,8,10,21,30,31/12/2006,EVENING
3935,11,13,19,32,33,01/01/2007,EVENING
3936,1,3,21,25,31,02/01/2007,EVENING
3937,1,6,18,23,25,03/01/2007,EVENING
3938,1,19,21,30,34,04/01/2007,EVENING
3939,10,12,20,28,31,05/01/2007,EVENING
3940,5,13,23,27,30,06/01/2007,EVENING
3941,7,27,28,31,33,07/01/2007,EVENING
3942,16,28,32,34,35,08/01/2007,EVENING
3943,9,12,28,35,36,09/01/2007,EVENING
3944,3,9,11,13,31,10/01/2007,EVENING
3945,6,11,19,31,32,11/01/2007,EVENING
3946,11,16,25,31,32,12/01/2007,EVENING
3947,6,8,12,29,31,13/01/2007,EVENING
3948,22,25,27,28,36,14/01/2007,EVENING
3949,5,12,13,24,30,15/01/2007,EVENING
3950,4,5,8,21,33,16/01/2007,EVENING
3951,18,23,33,35,36,17/01/2007,EVENING
3952,11,13,23,27,33,18/01/2007,EVENING
3953,2,10,21,29,33,19/01/2007,EVENING
3954,2,4,6,13,28,20/01/2007,EVENING
3955,1,5,8,22,33,21/01/2007,EVENING
3956,4,17,19,25,27,22/01/2007,EVENING
3957,2,9,13,16,34,23/01/2007,EVENING
3958,4,11,25,27,33,24/01/2007,EVENING
3959,8,14,15,22,31,25/01/2007,EVENING
3960,3,5,22,27,31,26/01/2007,EVENING
3961,8,17,19,26,30,27/01/2007,EVENING
3962,3,4,16,21,36,28/01/2007,EVENING
3963,2,4,6,7,9,29/01/2007,EVENING
3964,1,5,13,18,31,30/01/2007,EVENING
3965,9,11,14,21,27,31/01/2007,EVENING
3966,3,4,16,31,36,01/02/2007,EVENING
3967,3,7,10,27,36,02/02/2007,EVENING
3968,20,23,26,32,36,03/02/2007,EVENING
3969,12,23,24,29,32,04/02/2007,EVENING
3970,9,11,14,32,34,05/02/2007,EVENING
3971,1,3,13,29,32,06/02/2007,EVENING
3972,7,9,10,12,35,07/02/2007,EVENING
3973,7,10,12,20,22,08/02/2007,EVENING
3974,6,13,16,29,35,09/02/2007,EVENING
3975,7,13,24,33,35,10/02/2007,EVENING
3976,1,2,7,21,32,11/02/2007,EVENING
3977,3,8,20,24,30,12/02/2007,EVENING
3978,10,12,13,18,31,13/02/2007,EVENING
3979,3,6,12,34,35,14/02/2007,EVENING
3980,1,6,8,25,28,15/02/2007,EVENING
3981,1,7,12,13,26,16/02/2007,EVENING
3982,8,21,22,27,36,17/02/2007,EVENING
3983,9,11,16,19,25,18/02/2007,EVENING
3984,5,11,16,31,35,19/02/2007,EVENING
3985,2,28,29,33,34,20/02/2007,EVENING
3986,4,19,30,31,33,21/02/2007,EVENING
3987,5,8,12,29,31,22/02/2007,EVENING
3988,6,15,19,25,30,23/02/2007,EVENING
3989,13,19,21,24,33,24/02/2007,EVENING
3990,13,14,26,30,35,25/02/2007,EVENING
3991,9,24,32,35,36,26/02/2007,EVENING
3992,10,20,21,22,23,27/02/2007,EVENING
3993,25,29,30,32,34,28/02/2007,EVENING
3994,4,9,26,27,31,01/03/2007,EVENING
3995,4,13,17,19,26,02/03/2007,EVENING
3996,10,12,14,30,32,03/03/2007,EVENING
3997,2,5,13,22,31,04/03/2007,EVENING
3998,7,11,15,16,28,05/03/2007,EVENING
3999,3,5,9,29,31,06/03/2007,EVENING
4000,1,15,22,26,34,07/03/2007,EVENING
4001,3,5,12,29,30,08/03/2007,EVENING
4002,3,6,13,26,29,09/03/2007,EVENING
4003,15,16,21,33,34,10/03/2007,EVENING
4004,19,20,21,27,32,11/03/2007,EVENING
4005,14,16,23,26,31,12/03/2007,EVENING
4006,8,12,26,28,34,13/03/2007,EVENING
4007,8,16,33,34,36,14/03/2007,EVENING
4008,4,12,17,20,21,15/03/2007,EVENING
4009,8,16,17,19,35,16/03/2007,EVENING
4010,2,5,17,23,33,17/03/2007,EVENING
4011,15,16,28,33,34,18/03/2007,EVENING
4012,1,14,18,25,30,19/03/2007,EVENING
4013,7,22,23,25,34,20/03/2007,EVENING
4014,1,6,13,18,26,21/03/2007,EVENING
4015,10,11,12,15,36,22/03/2007,EVENING
4016,3,11,18,25,34,23/03/2007,EVENING
4017,1,14,15,16,18,24/03/2007,EVENING
4018,11,18,21,33,36,25/03/2007,EVENING
4019,8,16,24,28,36,26/03/2007,EVENING
4020,10,17,19,20,30,27/03/2007,EVENING
4021,1,8,9,13,17,28/03/2007,EVENING
4022,15,25,29,30,33,29/03/2007,EVENING
4023,1,15,27,28,35,30/03/2007,EVENING
4024,11,12,18,21,34,31/03/2007,EVENING
4025,7,15,21,23,34,01/04/2007,EVENING
4026,3,9,16,21,36,02/04/2007,EVENING
4027,16,17,19,20,23,03/04/2007,EVENING
4028,2,5,12,32,36,04/04/2007,EVENING
4029,2,12,19,22,29,05/04/2007,EVENING
4030,7,10,16,25,33,06/04/2007,EVENING
4031,6,8,9,13,21,07/04/2007,EVENING
4032,3,7,24,26,33,08/04/2007,EVENING
4033,5,16,22,23,30,09/04/2007,EVENING
4034,1,9,15,29,31,10/04/2007,EVENING
4035,12,16,27,28,36,11/04/2007,EVENING
4036,1,2,5,11,19,12/04/2007,EVENING
4037,7,11,14,19,32,13/04/2007,EVENING
4038,1,10,23,28,31,14/04/2007,EVENING
4039,5,10,11,22,29,15/04/2007,EVENING
4040,3,8,10,16,17,16/04/2007,EVENING
4041,3,15,17,30,32,17/04/2007,EVENING
4042,5,7,20,22,23,18/04/2007,EVENING
4043,2,13,16,18,23,19/04/2007,EVENING
4044,2,6,11,17,36,20/04/2007,EVENING
4045,14,15,19,21,24,21/04/2007,EVENING
4046,1,5,24,35,36,22/04/2007,EVENING
4047,1,3,7,23,29,23/04/2007,EVENING
4048,3,16,21,27,31,24/04/2007,EVENING
4049,9,11,15,29,30,25/04/2007,EVENING
4050,6,11,23,33,36,26/04/2007,EVENING
4051,2,21,26,27,35,27/04/2007,EVENING
4052,3,6,10,15,29,28/04/2007,EVENING
4053,10,14,15,17,26,29/04/2007,EVENING
4054,1,23,28,29,36,30/04/2007,EVENING
4055,2,6,11,20,30,01/05/2007,EVENING
4056,2,3,7,20,34,02/05/2007,EVENING
4057,3,6,16,28,34,03/05/2007,EVENING
4058,1,3,7,8,28,04/05/2007,EVENING
4059,10,14,19,24,36,05/05/2007,EVENING
4060,4,15,17,20,28,06/05/2007,EVENING
4061,5,10,11,21,27,07/05/2007,EVENING
4062,1,3,22,28,36,08/05/2007,EVENING
4063,10,13,21,27,30,09/05/2007,EVENING
4064,3,6,10,31,36,10/05/2007,EVENING
4065,8,18,19,24,36,11/05/2007,EVENING
4066,7,11,19,34,36,12/05/2007,EVENING
4067,2,8,18,32,33,13/05/2007,EVENING
4068,1,3,8,27,30,14/05/2007,EVENING
4069,9,12,17,25,30,15/05/2007,EVENING
4070,2,15,26,27,29,16/05/2007,EVENING
4071,7,19,27,34,35,17/05/2007,EVENING
4072,12,14,18,20,26,18/05/2007,EVENING
4073,8,14,16,23,35,19/05/2007,EVENING
4074,3,11,17,20,35,20/05/2007,EVENING
4075,4,5,7,22,29,21/05/2007,EVENING
4076,1,17,18,26,28,22/05/2007,EVENING
4077,5,11,14,24,33,23/05/2007,EVENING
4078,3,6,12,13,28,24/05/2007,EVENING
4079,6,10,13,22,35,25/05/2007,EVENING
4080,12,14,25,26,32,26/05/2007,EVENING
4081,2,18,20,21,32,27/05/2007,EVENING
4082,14,20,22,28,30,28/05/2007,EVENING
4083,5,14,16,31,34,29/05/2007,EVENING
4084,11,12,21,24,34,30/05/2007,EVENING
4085,8,9,13,23,34,31/05/2007,EVENING
4086,2,7,13,14,22,01/06/2007,EVENING
4087,9,19,27,28,32,02/06/2007,EVENING
4088,1,10,11,26,32,03/06/2007,EVENING
4089,6,10,17,25,30,04/06/2007,EVENING
4090,1,22,26,28,34,05/06/2007,EVENING
4091,7,8,15,35,36,06/06/2007,EVENING
4092,20,22,25,27,36,07/06/2007,EVENING
4093,1,8,11,18,32,08/06/2007,EVENING
4094,5,12,20,25,26,09/06/2007,EVENING
4095,1,12,16,29,33,10/06/2007,EVENING
4096,8,15,17,22,25,11/06/2007,EVENING
4097,2,8,14,15,24,12/06/2007,EVENING
4098,6,13,14,16,25,13/06/2007,EVENING
4099,2,6,10,29,30,14/06/2007,EVENING
4100,4,6,11,19,34,15/06/2007,EVENING
4101,9,19,20,29,30,16/06/2007,EVENING
4102,9,11,21,23,33,17/06/2007,EVENING
4103,6,11,13,17,30,18/06/2007,EVENING
4104,11,14,26,28,34,19/06/2007,EVENING
4105,1,9,27,33,34,20/06/2007,EVENING
4106,5,9,11,28,34,21/06/2007,EVENING
4107,1,23,29,35,36,22/06/2007,EVENING
4108,12,21,24,26,28,23/06/2007,EVENING
4109,8,12,13,16,31,24/06/2007,EVENING
4110,5,10,11,27,33,25/06/2007,EVENING
4111,6,12,14,16,23,26/06/2007,EVENING
4112,6,12,14,19,34,27/06/2007,EVENING
4113,2,3,13,30,35,28/06/2007,EVENING
4114,1,3,24,27,28,29/06/2007,EVENING
4115,3,7,21,31,32,30/06/2007,EVENING
4116,1,7,18,27,36,01/07/2007,EVENING
4117,1,3,8,10,15,02/07/2007,EVENING
4118,1,3,22,26,30,03/07/2007,EVENING
4119,2,6,11,12,36,04/07/2007,EVENING
4120,5,6,10,20,36,05/07/2007,EVENING
4121,7,13,14,15,17,06/07/2007,EVENING
4122,2,3,9,16,31,07/07/2007,EVENING
4123,1,4,6,23,25,08/07/2007,EVENING
4124,1,2,7,11,27,09/07/2007,EVENING
4125,7,10,14,30,32,10/07/2007,EVENING
4126,3,9,15,30,35,11/07/2007,EVENING
4127,17,25,30,33,35,12/07/2007,EVENING
4128,1,13,16,19,25,13/07/2007,EVENING
4129,5,7,25,26,36,14/07/2007,EVENING
4130,1,3,17,21,31,15/07/2007,EVENING
4131,8,13,15,30,33,16/07/2007,EVENING
4132,9,11,17,29,35,17/07/2007,EVENING
4133,3,7,11,19,27,18/07/2007,EVENING
4134,5,9,23,25,35,19/07/2007,EVENING
4135,12,18,20,26,36,20/07/2007,EVENING
4136,1,15,24,28,36,21/07/2007,EVENING
4137,2,5,6,9,35,22/07/2007,EVENING
4138,7,9,24,27,35,23/07/2007,EVENING
4139,10,28,31,32,33,24/07/2007,EVENING
4140,4,13,14,29,31,25/07/2007,EVENING
4141,3,13,19,20,36,26/07/2007,EVENING
4142,6,10,11,15,32,27/07/2007,EVENING
4143,8,15,16,23,28,28/07/2007,EVENING
4144,1,3,14,25,26,29/07/2007,EVENING
4145,2,4,13,23,30,30/07/2007,EVENING
4146,5,6,22,30,33,31/07/2007,EVENING
4147,8,19,20,25,29,01/08/2007,EVENING
4148,2,7,12,23,28,02/08/2007,EVENING
4149,1,11,18,21,23,03/08/2007,EVENING
4150,3,12,25,35,36,04/08/2007,EVENING
4151,4,5,9,32,33,05/08/2007,EVENING
4152,22,23,24,34,36,06/08/2007,EVENING
4153,18,22,29,32,35,07/08/2007,EVENING
4154,4,6,10,20,29,08/08/2007,EVENING
4155,4,9,17,24,28,09/08/2007,EVENING
4156,7,9,22,23,36,10/08/2007,EVENING
4157,6,12,14,21,30,11/08/2007,EVENING
4158,5,25,27,33,35,12/08/2007,EVENING
4159,3,15,18,22,31,13/08/2007,EVENING
4160,2,8,14,18,30,14/08/2007,EVENING
4161,3,9,14,16,19,15/08/2007,EVENING
4162,12,17,21,30,31,16/08/2007,EVENING
4163,5,9,26,27,36,17/08/2007,EVENING
4164,4,11,15,26,35,18/08/2007,EVENING
4165,1,2,7,14,17,19/08/2007,EVENING
4166,6,18,19,24,28,20/08/2007,EVENING
4167,12,14,27,29,36,21/08/2007,EVENING
4168,1,22,24,26,33,22/08/2007,EVENING
4169,2,6,12,24,28,23/08/2007,EVENING
4170,2,6,16,27,31,24/08/2007,EVENING
4171,6,22,24,28,35,25/08/2007,EVENING
4172,7,17,26,34,35,26/08/2007,EVENING
4173,11,12,19,22,35,27/08/2007,EVENING
4174,9,18,23,28,33,28/08/2007,EVENING
4175,1,6,12,18,22,29/08/2007,EVENING
4176,6,7,15,27,32,30/08/2007,EVENING
4177,4,18,28,33,36,31/08/2007,EVENING
4178,1,6,26,28,32,01/09/2007,EVENING
4179,14,16,19,23,25,02/09/2007,EVENING
4180,7,9,12,13,33,03/09/2007,EVENING
4181,3,16,20,26,31,04/09/2007,EVENING
4182,6,8,18,24,32,05/09/2007,EVENING
4183,1,13,20,26,31,06/09/2007,EVENING
4184,7,13,18,20,25,07/09/2007,EVENING
4185,9,22,23,28,32,08/09/2007,EVENING
4186,3,26,27,30,36,09/09/2007,EVENING
4187,7,12,14,20,30,10/09/2007,EVENING
4188,1,12,19,20,30,11/09/2007,EVENING
4189,6,12,16,25,27,12/09/2007,EVENING
4190,17,18,30,32,35,13/09/2007,EVENING
4191,11,13,14,22,25,14/09/2007,EVENING
4192,1,10,13,16,33,15/09/2007,EVENING
4193,7,12,16,19,26,16/09/2007,EVENING
4194,4,10,21,24,30,17/09/2007,EVENING
4195,8,11,13,24,27,18/09/2007,EVENING
4196,19,22,25,33,36,19/09/2007,EVENING
4197,6,10,19,34,35,20/09/2007,EVENING
4198,2,6,9,12,33,21/09/2007,EVENING
4199,2,3,19,26,35,22/09/2007,EVENING
4200,1,12,14,29,32,23/09/2007,EVENING
4201,9,22,29,35,36,24/09/2007,EVENING
4202,2,4,11,12,28,25/09/2007,EVENING
4203,5,12,16,30,36,26/09/2007,EVENING
4204,3,7,13,22,34,27/09/2007,EVENING
4205,2,13,20,28,29,28/09/2007,EVENING
4206,5,7,14,15,18,29/09/2007,EVENING
4207,9,16,30,34,36,30/09/2007,EVENING
4208,14,18,23,29,30,01/10/2007,EVENING
4209,4,7,17,22,23,02/10/2007,EVENING
4210,11,16,21,24,28,03/10/2007,EVENING
4211,5,21,23,29,33,04/10/2007,EVENING
4212,15,22,29,30,35,05/10/2007,EVENING
4213,6,8,22,24,34,06/10/2007,EVENING
4214,2,10,20,25,26,07/10/2007,EVENING
4215,12,22,23,25,36,08/10/2007,EVENING
4216,2,5,11,19,31,09/10/2007,EVENING
4217,6,7,14,15,19,10/10/2007,EVENING
4218,4,8,29,33,36,11/10/2007,EVENING
4219,4,7,13,25,36,12/10/2007,EVENING
4220,11,20,28,29,31,13/10/2007,EVENING
4221,1,4,10,34,36,14/10/2007,EVENING
4222,5,13,15,29,30,15/10/2007,EVENING
4223,10,14,15,30,35,16/10/2007,EVENING
4224,8,20,24,32,35,17/10/2007,EVENING
4225,8,13,15,31,34,18/10/2007,EVENING
4226,2,5,8,12,16,19/10/2007,EVENING
4227,11,16,27,33,35,20/10/2007,EVENING
4228,3,24,26,32,35,21/10/2007,EVENING
4229,4,6,9,10,18,22/10/2007,EVENING
4230,2,9,20,30,32,23/10/2007,EVENING
4231,13,15,17,20,28,24/10/2007,EVENING
4232,4,18,25,35,36,25/10/2007,EVENING
4233,10,18,25,34,35,26/10/2007,EVENING
4234,5,10,11,22,26,27/10/2007,EVENING
4235,5,7,8,19,27,28/10/2007,EVENING
4236,6,7,12,17,25,29/10/2007,EVENING
4237,4,11,12,20,28,30/10/2007,EVENING
4238,3,7,17,22,25,31/10/2007,EVENING
4239,2,10,19,25,36,01/11/2007,EVENING
4240,1,9,11,17,26,02/11/2007,EVENING
4241,7,8,22,29,30,03/11/2007,EVENING
4242,10,11,23,26,35,04/11/2007,EVENING
4243,9,12,14,21,33,05/11/2007,EVENING
4244,12,13,18,30,36,06/11/2007,EVENING
4245,4,21,31,32,34,07/11/2007,EVENING
4246,3,12,13,19,27,08/11/2007,EVENING
4247,5,16,17,21,27,09/11/2007,EVENING
4248,6,21,23,25,28,10/11/2007,EVENING
4249,10,15,22,23,24,11/11/2007,EVENING
4250,9,11,25,35,36,12/11/2007,EVENING
4251,6,21,22,24,28,13/11/2007,EVENING
4252,6,18,21,27,28,14/11/2007,EVENING
4253,5,12,22,25,27,15/11/2007,EVENING
4254,10,12,16,19,31,16/11/2007,EVENING
4255,8,17,20,29,36,17/11/2007,EVENING
4256,18,26,30,32,34,18/11/2007,EVENING
4257,3,7,14,27,31,19/11/2007,EVENING
4258,3,10,19,20,28,20/11/2007,EVENING
4259,1,5,23,28,30,21/11/2007,EVENING
4260,1,10,12,18,21,22/11/2007,EVENING
4261,16,17,25,26,35,23/11/2007,EVENING
4262,11,17,18,23,24,24/11/2007,EVENING
4263,1,6,12,15,20,25/11/2007,EVENING
4264,1,12,19,24,28,26/11/2007,EVENING
4265,9,17,22,25,28,27/11/2007,EVENING
4266,2,6,34,35,36,28/11/2007,EVENING
4267,3,4,12,18,28,29/11/2007,EVENING
4268,2,7,23,27,32,30/11/2007,EVENING
4269,6,10,12,14,31,01/12/2007,EVENING
4270,2,24,28,29,31,02/12/2007,EVENING
4271,3,6,11,19,21,03/12/2007,EVENING
4272,9,10,16,20,31,04/12/2007,EVENING
4273,7,8,16,22,31,05/12/2007,EVENING
4274,5,9,13,20,26,06/12/2007,EVENING
4275,18,20,25,28,32,07/12/2007,EVENING
4276,9,13,21,22,27,08/12/2007,EVENING
4277,5,6,26,31,33,09/12/2007,EVENING
4278,4,5,18,20,32,10/12/2007,EVENING
4279,3,25,28,34,36,11/12/2007,EVENING
4280,5,11,16,34,36,12/12/2007,EVENING
4281,10,16,23,31,34,13/12/2007,EVENING
4282,4,9,11,14,35,14/12/2007,EVENING
4283,3,10,12,26,35,15/12/2007,EVENING
4284,2,4,9,14,31,16/12/2007,EVENING
4285,2,3,13,19,25,17/12/2007,EVENING
4286,3,9,22,26,30,18/12/2007,EVENING
4287,5,27,32,33,34,19/12/2007,EVENING
4288,7,10,11,18,30,20/12/2007,EVENING
4289,14,16,24,25,27,21/12/2007,EVENING
4290,6,10,12,19,25,22/12/2007,EVENING
4291,3,7,10,22,29,23/12/2007,EVENING
4292,16,18,22,26,33,24/12/2007,EVENING
4293,12,26,31,33,34,25/12/2007,EVENING
4294,11,20,23,30,33,26/12/2007,EVENING
4295,2,14,19,20,28,27/12/2007,EVENING
4296,8,10,12,15,24,28/12/2007,EVENING
4297,10,13,18,19,26,29/12/2007,EVENING
4298,1,7,17,18,23,30/12/2007,EVENING
4299,1,15,16,22,35,31/12/2007,EVENING
4300,1,13,25,28,29,01/01/2008,EVENING
4301,9,11,27,33,34,02/01/2008,EVENING
4302,15,17,21,25,32,03/01/2008,EVENING
4303,2,16,17,31,34,04/01/2008,EVENING
4304,1,4,19,30,35,05/01/2008,EVENING
4305,17,20,21,22,32,06/01/2008,EVENING
4306,15,19,22,31,36,07/01/2008,EVENING
4307,4,14,23,27,29,08/01/2008,EVENING
4308,6,13,21,25,29,09/01/2008,EVENING
4309,3,13,24,25,26,10/01/2008,EVENING
4310,4,16,18,23,24,11/01/2008,EVENING
4311,5,14,15,33,34,12/01/2008,EVENING
4312,12,13,20,24,32,13/01/2008,EVENING
4313,2,7,8,10,19,14/01/2008,EVENING
4314,7,25,28,31,34,15/01/2008,EVENING
4315,2,6,8,11,19,16/01/2008,EVENING
4316,3,7,16,19,34,17/01/2008,EVENING
4317,3,16,20,24,36,18/01/2008,EVENING
4318,2,19,22,32,36,19/01/2008,EVENING
4319,2,18,19,28,32,20/01/2008,EVENING
4320,9,15,17,24,34,21/01/2008,EVENING
4321,2,3,6,13,21,22/01/2008,EVENING
4322,1,7,16,24,26,23/01/2008,EVENING
4323,3,21,31,32,33,24/01/2008,EVENING
4324,1,8,29,30,32,25/01/2008,EVENING
4325,1,3,25,29,34,26/01/2008,EVENING
4326,1,2,12,13,23,27/01/2008,EVENING
4327,17,18,22,23,26,28/01/2008,EVENING
4328,8,17,29,33,36,29/01/2008,EVENING
4329,1,5,6,7,10,30/01/2008,EVENING
4330,3,7,8,24,34,31/01/2008,EVENING
4331,11,19,21,23,33,01/02/2008,EVENING
4332,1,5,10,23,35,02/02/2008,EVENING
4333,9,24,25,30,32,03/02/2008,EVENING
4334,1,2,17,24,30,04/02/2008,EVENING
4335,2,6,15,28,31,05/02/2008,EVENING
4336,3,6,21,28,32,06/02/2008,EVENING
4337,1,4,10,20,28,07/02/2008,EVENING
4338,4,17,20,33,35,08/02/2008,EVENING
4339,2,10,18,19,23,09/02/2008,EVENING
4340,2,8,26,30,33,10/02/2008,EVENING
4341,5,12,16,22,27,11/02/2008,EVENING
4342,14,17,24,29,30,12/02/2008,EVENING
4343,6,8,22,25,35,13/02/2008,EVENING
4344,5,12,21,22,23,14/02/2008,EVENING
4345,4,8,12,13,22,15/02/2008,EVENING
4346,11,12,13,17,25,16/02/2008,EVENING
4347,2,7,17,25,36,17/02/2008,EVENING
4348,10,11,24,32,34,18/02/2008,EVENING
4349,5,11,24,33,34,19/02/2008,EVENING
4350,12,15,22,28,34,20/02/2008,EVENING
4351,5,20,23,28,29,21/02/2008,EVENING
4352,3,12,19,33,35,22/02/2008,EVENING
4353,1,11,14,26,35,23/02/2008,EVENING
4354,1,7,15,18,20,24/02/2008,EVENING
4355,1,9,11,17,25,25/02/2008,EVENING
4356,2,17,19,31,34,26/02/2008,EVENING
4357,2,5,18,26,32,27/02/2008,EVENING
4358,24,28,29,33,34,28/02/2008,EVENING
4359,1,13,19,25,32,29/02/2008,EVENING
4360,13,16,17,30,33,01/03/2008,EVENING
4361,5,9,13,18,35,02/03/2008,EVENING
4362,10,12,23,32,35,03/03/2008,EVENING
4363,4,10,11,13,24,04/03/2008,EVENING
4364,25,26,27,32,35,05/03/2008,EVENING
4365,10,12,16,21,27,06/03/2008,EVENING
4366,8,9,22,25,31,07/03/2008,EVENING
4367,1,14,27,30,31,08/03/2008,EVENING
4368,7,8,22,26,35,09/03/2008,EVENING
4369,6,13,28,31,32,10/03/2008,EVENING
4370,8,24,29,30,31,11/03/2008,EVENING
4371,9,11,14,20,32,12/03/2008,EVENING
4372,2,16,19,20,28,13/03/2008,EVENING
4373,8,16,17,18,36,14/03/2008,EVENING
4374,5,6,7,8,24,15/03/2008,EVENING
4375,3,12,23,29,30,16/03/2008,EVENING
4376,13,14,19,23,35,17/03/2008,EVENING
4377,2,7,12,21,35,18/03/2008,EVENING
4378,17,20,21,27,32,19/03/2008,EVENING
4379,5,9,14,22,36,20/03/2008,EVENING
4380,7,22,24,31,32,21/03/2008,EVENING
4381,11,12,19,25,29,22/03/2008,EVENING
4382,11,14,22,33,35,23/03/2008,EVENING
4383,9,12,22,25,34,24/03/2008,EVENING
4384,4,7,19,34,35,25/03/2008,EVENING
4385,4,8,10,16,28,26/03/2008,EVENING
4386,4,6,11,13,14,27/03/2008,EVENING
4387,10,14,23,24,33,28/03/2008,EVENING
4388,11,19,22,26,33,29/03/2008,EVENING
4389,11,17,18,20,35,30/03/2008,EVENING
4390,3,24,27,32,35,31/03/2008,EVENING
4391,15,18,22,24,31,01/04/2008,EVENING
4392,3,6,7,9,23,02/04/2008,EVENING
4393,9,14,19,28,30,03/04/2008,EVENING
4394,16,21,29,31,32,04/04/2008,EVENING
4395,3,4,10,26,29,05/04/2008,EVENING
4396,7,9,12,31,33,06/04/2008,EVENING
4397,1,13,21,22,27,07/04/2008,EVENING
4398,13,16,24,25,35,08/04/2008,EVENING
4399,5,21,25,28,33,09/04/2008,EVENING
4400,1,2,4,14,36,10/04/2008,EVENING
4401,1,5,6,21,35,11/04/2008,EVENING
4402,1,15,20,34,36,12/04/2008,EVENING
4403,14,22,30,33,36,13/04/2008,EVENING
4404,3,7,21,22,31,14/04/2008,EVENING
4405,9,15,24,25,36,15/04/2008,EVENING
4406,14,19,21,22,36,16/04/2008,EVENING
4407,3,20,29,33,34,17/04/2008,EVENING
4408,3,16,20,27,34,18/04/2008,EVENING
4409,3,6,10,33,36,19/04/2008,EVENING
4410,5,6,7,19,33,20/04/2008,EVENING
4411,7,10,18,21,35,21/04/2008,EVENING
4412,8,14,23,27,33,22/04/2008,EVENING
4413,9,18,22,25,31,23/04/2008,EVENING
4414,8,14,17,35,36,24/04/2008,EVENING
4415,17,26,27,32,35,25/04/2008,EVENING
4416,8,10,24,25,34,26/04/2008,EVENING
4417,7,14,20,25,26,27/04/2008,EVENING
4418,11,17,25,27,28,28/04/2008,EVENING
4419,3,8,9,19,31,29/04/2008,EVENING
4420,10,16,23,27,30,30/04/2008,EVENING
4421,21,23,27,29,32,01/05/2008,EVENING
4422,4,5,12,23,36,02/05/2008,EVENING
4423,1,4,20,23,34,03/05/2008,EVENING
4424,1,4,7,15,32,04/05/2008,EVENING
4425,14,15,28,33,34,05/05/2008,EVENING
4426,4,13,26,30,35,06/05/2008,EVENING
4427,3,23,28,31,34,07/05/2008,EVENING
4428,4,6,9,13,15,08/05/2008,EVENING
4429,3,13,16,31,32,09/05/2008,EVENING
4430,9,17,27,28,32,10/05/2008,EVENING
4431,6,7,29,31,33,11/05/2008,EVENING
4432,4,6,7,10,19,12/05/2008,EVENING
4433,8,13,22,24,36,13/05/2008,EVENING
4434,13,15,25,30,31,14/05/2008,EVENING
4435,9,10,12,13,25,15/05/2008,EVENING
4436,3,4,22,29,33,16/05/2008,EVENING
4437,11,12,31,33,34,17/05/2008,EVENING
4438,5,20,21,27,35,18/05/2008,EVENING
4439,5,8,20,25,36,19/05/2008,EVENING
4440,2,7,10,28,30,20/05/2008,EVENING
4441,6,18,22,23,32,21/05/2008,EVENING
4442,1,3,16,25,28,22/05/2008,EVENING
4443,16,19,20,30,33,23/05/2008,EVENING
4444,11,19,24,30,32,24/05/2008,EVENING
4445,9,10,24,29,32,25/05/2008,EVENING
4446,1,20,22,29,35,26/05/2008,EVENING
4447,9,12,18,22,31,27/05/2008,EVENING
4448,9,22,29,31,32,28/05/2008,EVENING
4449,3,5,6,22,26,29/05/2008,EVENING
4450,4,12,25,26,32,30/05/2008,EVENING
4451,3,11,19,26,31,31/05/2008,EVENING
4452,4,12,17,24,30,01/06/2008,EVENING
4453,2,14,21,31,36,02/06/2008,EVENING
4454,6,7,8,23,26,03/06/2008,EVENING
4455,14,17,18,23,33,04/06/2008,EVENING
4456,23,26,27,31,36,05/06/2008,EVENING
4457,12,13,23,25,33,06/06/2008,EVENING
4458,7,11,21,26,35,07/06/2008,EVENING
4459,19,24,31,32,33,08/06/2008,EVENING
4460,2,13,16,18,26,09/06/2008,EVENING
4461,6,12,18,19,20,10/06/2008,EVENING
4462,22,27,28,33,36,11/06/2008,EVENING
4463,16,23,29,30,31,12/06/2008,EVENING
4464,10,13,25,26,27,13/06/2008,EVENING
4465,10,18,21,23,31,14/06/2008,EVENING
4466,2,5,9,14,23,15/06/2008,EVENING
4467,1,15,21,29,32,16/06/2008,EVENING
4468,10,15,23,24,32,17/06/2008,EVENING
4469,10,14,22,27,32,18/06/2008,EVENING
4470,1,16,20,24,27,19/06/2008,EVENING
4471,9,13,19,32,33,20/06/2008,EVENING
4472,5,13,17,27,30,21/06/2008,EVENING
4473,12,18,23,24,35,22/06/2008,EVENING
4474,6,9,15,18,30,23/06/2008,EVENING
4475,2,6,21,25,31,24/06/2008,EVENING
4476,4,8,23,26,34,25/06/2008,EVENING
4477,22,24,27,31,33,26/06/2008,EVENING
4478,5,15,18,19,20,27/06/2008,EVENING
4479,7,9,12,17,21,28/06/2008,EVENING
4480,9,11,16,24,36,29/06/2008,EVENING
4481,11,12,15,18,25,30/06/2008,EVENING
4482,2,3,6,21,31,01/07/2008,EVENING
4483,12,19,20,26,31,02/07/2008,EVENING
4484,1,2,6,7,31,03/07/2008,EVENING
4485,1,15,24,25,33,04/07/2008,EVENING
4486,6,9,12,14,35,05/07/2008,EVENING
4487,4,7,27,34,36,06/07/2008,EVENING
4488,1,5,25,34,36,07/07/2008,EVENING
4489,3,11,14,21,35,08/07/2008,EVENING
4490,4,18,20,22,30,09/07/2008,EVENING
4491,9,16,21,27,36,10/07/2008,EVENING
4492,4,22,23,24,28,11/07/2008,EVENING
4493,11,19,31,34,36,12/07/2008,EVENING
4494,12,15,23,33,36,13/07/2008,EVENING
4495,3,14,23,24,26,14/07/2008,EVENING
4496,9,14,20,29,30,15/07/2008,EVENING
4497,2,15,17,25,34,16/07/2008,EVENING
4498,6,21,26,34,35,17/07/2008,EVENING
4499,8,11,14,21,22,18/07/2008,EVENING
4500,2,5,6,16,18,19/07/2008,EVENING
4501,4,8,12,16,32,20/07/2008,EVENING
4502,4,10,19,24,33,21/07/2008,EVENING
4503,3,9,21,23,28,22/07/2008,EVENING
4504,1,5,6,7,33,23/07/2008,EVENING
4505,1,4,14,22,32,24/07/2008,EVENING
4506,18,23,29,32,35,25/07/2008,EVENING
4507,3,7,8,20,36,26/07/2008,EVENING
4508,1,22,28,29,30,27/07/2008,EVENING
4509,9,12,14,22,24,28/07/2008,EVENING
4510,14,17,24,27,36,29/07/2008,EVENING
4511,4,5,8,19,36,30/07/2008,EVENING
4512,1,4,16,25,30,31/07/2008,EVENING
4513,2,10,11,12,15,01/08/2008,EVENING
4514,5,7,22,24,30,02/08/2008,EVENING
4515,9,14,16,24,28,03/08/2008,EVENING
4516,6,22,25,27,32,04/08/2008,EVENING
4517,7,13,26,33,36,05/08/2008,EVENING
4518,4,11,12,30,32,06/08/2008,EVENING
4519,1,5,8,32,34,07/08/2008,EVENING
4520,7,14,22,33,34,08/08/2008,EVENING
4521,9,15,21,26,35,09/08/2008,EVENING
4522,4,10,12,17,35,10/08/2008,EVENING
4523,4,6,12,16,31,11/08/2008,EVENING
4524,1,3,8,19,35,12/08/2008,EVENING
4525,3,6,9,18,27,13/08/2008,EVENING
4526,4,10,21,28,33,14/08/2008,EVENING
4527,7,20,24,25,26,15/08/2008,EVENING
4528,10,17,27,28,36,16/08/2008,EVENING
4529,5,16,23,30,35,17/08/2008,EVENING
4530,17,27,31,32,36,18/08/2008,EVENING
4531,12,14,24,31,34,19/08/2008,EVENING
4532,1,5,12,34,36,20/08/2008,EVENING
4533,1,4,6,14,30,21/08/2008,EVENING
4534,2,11,18,28,30,22/08/2008,EVENING
4535,3,8,10,15,16,23/08/2008,EVENING
4536,4,14,15,17,27,24/08/2008,EVENING
4537,15,21,27,28,32,25/08/2008,EVENING
4538,1,22,27,33,35,26/08/2008,EVENING
4539,7,9,12,30,32,27/08/2008,EVENING
4540,8,16,22,24,34,28/08/2008,EVENING
4541,10,16,24,31,33,29/08/2008,EVENING
4542,2,11,34,35,36,30/08/2008,EVENING
4543,4,6,9,17,27,31/08/2008,EVENING
4544,4,5,9,20,27,01/09/2008,EVENING
4545,4,9,12,18,35,02/09/2008,EVENING
4546,12,15,24,31,36,03/09/2008,EVENING
4547,2,5,28,29,31,04/09/2008,EVENING
4548,1,4,15,18,22,05/09/2008,EVENING
4549,14,21,29,31,34,06/09/2008,EVENING
4550,3,15,17,25,30,07/09/2008,EVENING
4551,12,19,21,27,35,08/09/2008,EVENING
4552,2,6,8,11,28,09/09/2008,EVENING
4553,6,7,18,24,27,10/09/2008,EVENING
4554,2,16,21,30,31,11/09/2008,EVENING
4555,2,9,13,32,36,12/09/2008,EVENING
4556,11,15,24,28,30,13/09/2008,EVENING
4557,19,24,28,32,36,14/09/2008,EVENING
4558,4,11,16,20,26,15/09/2008,EVENING
4559,2,14,20,32,34,16/09/2008,EVENING
4560,7,9,16,26,29,17/09/2008,EVENING
4561,4,18,23,26,31,18/09/2008,EVENING
4562,10,11,25,28,29,19/09/2008,EVENING
4563,4,23,24,29,35,20/09/2008,EVENING
4564,13,15,17,30,34,21/09/2008,EVENING
4565,12,16,20,23,33,22/09/2008,EVENING
4566,1,2,4,9,33,23/09/2008,EVENING
4567,12,14,15,29,31,24/09/2008,EVENING
4568,10,13,18,19,24,25/09/2008,EVENING
4569,1,22,24,28,33,26/09/2008,EVENING
4570,2,11,14,26,27,27/09/2008,EVENING
4571,6,10,18,20,36,28/09/2008,EVENING
4572,3,10,20,24,25,29/09/2008,EVENING
4573,4,5,8,17,18,30/09/2008,EVENING
4574,9,10,15,29,34,01/10/2008,EVENING
4575,3,6,9,20,24,02/10/2008,EVENING
4576,4,9,16,25,30,03/10/2008,EVENING
4577,8,9,20,24,26,04/10/2008,EVENING
4578,7,9,11,17,28,05/10/2008,EVENING
4579,8,13,23,31,32,06/10/2008,EVENING
4580,7,15,17,20,34,07/10/2008,EVENING
4581,11,16,25,30,35,08/10/2008,EVENING
4582,1,4,12,13,14,09/10/2008,EVENING
4583,21,23,24,32,35,10/10/2008,EVENING
4584,9,16,20,30,31,11/10/2008,EVENING
4585,1,5,8,21,30,12/10/2008,EVENING
4586,10,11,13,19,35,13/10/2008,EVENING
4587,19,23,27,32,36,14/10/2008,EVENING
4588,1,15,27,35,36,15/10/2008,EVENING
4589,1,2,15,21,22,16/10/2008,EVENING
4590,15,16,18,19,31,17/10/2008,EVENING
4591,1,14,17,18,33,18/10/2008,EVENING
4592,6,14,18,28,33,19/10/2008,EVENING
4593,4,9,14,30,33,20/10/2008,EVENING
4594,1,5,12,27,28,21/10/2008,EVENING
4595,2,5,8,26,31,22/10/2008,EVENING
4596,11,14,18,22,35,23/10/2008,EVENING
4597,1,2,19,24,31,24/10/2008,EVENING
4598,1,4,5,8,24,25/10/2008,EVENING
4599,7,10,24,25,33,26/10/2008,EVENING
4600,7,19,27,28,33,27/10/2008,EVENING
4601,22,25,27,32,35,28/10/2008,EVENING
4602,2,3,11,28,36,29/10/2008,EVENING
4603,1,2,10,25,27,30/10/2008,EVENING
4604,11,14,21,32,35,31/10/2008,EVENING
4605,6,17,20,22,34,01/11/2008,EVENING
4606,1,7,8,11,24,02/11/2008,EVENING
4607,7,14,16,20,30,03/11/2008,EVENING
4608,6,14,22,23,27,04/11/2008,EVENING
4609,3,8,9,10,12,05/11/2008,EVENING
4610,11,14,24,27,36,06/11/2008,EVENING
4611,6,18,20,21,29,07/11/2008,EVENING
4612,6,12,14,32,33,08/11/2008,EVENING
4613,5,9,28,33,36,09/11/2008,EVENING
4614,3,11,14,27,32,10/11/2008,EVENING
4615,4,14,16,18,20,11/11/2008,EVENING
4616,5,9,19,21,23,12/11/2008,EVENING
4617,13,16,19,20,22,13/11/2008,EVENING
4618,2,12,18,21,32,14/11/2008,EVENING
4619,6,13,18,22,30,15/11/2008,EVENING
4620,2,3,4,7,19,16/11/2008,EVENING
4621,7,22,28,30,33,17/11/2008,EVENING
4622,11,18,26,30,33,18/11/2008,EVENING
4623,9,13,17,19,33,19/11/2008,EVENING
4624,5,9,11,14,32,20/11/2008,EVENING
4625,1,5,8,23,36,21/11/2008,EVENING
4626,8,14,20,26,27,22/11/2008,EVENING
4627,13,14,20,23,28,23/11/2008,EVENING
4628,2,8,21,25,34,24/11/2008,EVENING
4629,1,9,25,33,34,25/11/2008,EVENING
4630,1,4,8,19,24,26/11/2008,EVENING
4631,13,21,22,24,30,27/11/2008,EVENING
4632,7,8,10,16,23,28/11/2008,EVENING
4633,2,7,10,16,27,29/11/2008,EVENING
4634,18,19,21,31,32,30/11/2008,EVENING
4635,1,3,16,17,31,01/12/2008,EVENING
4636,11,17,26,32,34,02/12/2008,EVENING
4637,7,8,22,24,25,03/12/2008,EVENING
4638,3,6,17,25,34,04/12/2008,EVENING
4639,2,3,7,14,16,05/12/2008,EVENING
4640,2,7,16,18,32,06/12/2008,EVENING
4641,2,3,17,23,28,07/12/2008,EVENING
4642,4,6,7,11,17,08/12/2008,EVENING
4643,5,12,14,25,31,09/12/2008,EVENING
4644,8,21,24,29,31,10/12/2008,EVENING
4645,1,5,7,17,26,11/12/2008,EVENING
4646,2,5,16,27,35,12/12/2008,EVENING
4647,19,21,23,30,36,13/12/2008,EVENING
4648,9,14,18,21,36,14/12/2008,EVENING
4649,7,15,17,23,28,15/12/2008,EVENING
4650,12,14,16,21,23,16/12/2008,EVENING
4651,6,10,16,25,27,17/12/2008,EVENING
4652,17,25,29,32,36,18/12/2008,EVENING
4653,2,11,20,27,36,19/12/2008,EVENING
4654,10,28,29,30,32,20/12/2008,EVENING
4655,13,17,22,30,34,21/12/2008,EVENING
4656,8,10,12,15,16,22/12/2008,EVENING
4657,12,15,17,24,33,23/12/2008,EVENING
4658,2,7,10,22,29,24/12/2008,EVENING
4659,19,22,23,25,27,25/12/2008,EVENING
4660,5,14,23,24,29,26/12/2008,EVENING
4661,3,8,14,19,31,27/12/2008,EVENING
4662,16,20,21,26,34,28/12/2008,EVENING
4663,16,23,26,27,28,29/12/2008,EVENING
4664,5,10,17,18,27,30/12/2008,EVENING
4665,1,17,19,28,36,31/12/2008,EVENING
4666,6,7,16,24,29,01/01/2009,EVENING
4667,5,11,20,27,32,02/01/2009,EVENING
4668,2,6,11,20,25,03/01/2009,EVENING
4669,7,16,20,23,33,04/01/2009,EVENING
4670,6,9,14,23,25,05/01/2009,EVENING
4671,11,22,23,27,36,06/01/2009,EVENING
4672,4,6,27,29,33,07/01/2009,EVENING
4673,2,7,16,26,31,08/01/2009,EVENING
4674,3,10,27,34,35,09/01/2009,EVENING
4675,4,18,29,31,32,10/01/2009,EVENING
4676,8,10,11,15,33,11/01/2009,EVENING
4677,3,17,21,23,35,12/01/2009,EVENING
4678,3,6,13,18,20,13/01/2009,EVENING
4679,2,9,17,26,35,14/01/2009,EVENING
4680,2,20,23,26,33,15/01/2009,EVENING
4681,9,24,25,26,35,16/01/2009,EVENING
4682,1,3,8,10,23,17/01/2009,EVENING
4683,18,23,24,28,33,18/01/2009,EVENING
4684,6,14,29,31,33,19/01/2009,EVENING
4685,3,4,5,6,18,20/01/2009,EVENING
4686,1,2,18,30,36,21/01/2009,EVENING
4687,4,23,24,30,32,22/01/2009,EVENING
4688,10,18,26,34,35,23/01/2009,EVENING
4689,4,10,16,26,35,24/01/2009,EVENING
4690,10,16,18,19,28,25/01/2009,EVENING
4691,4,10,20,29,34,26/01/2009,EVENING
4692,3,4,8,27,34,27/01/2009,EVENING
4693,1,14,28,32,35,28/01/2009,EVENING
4694,4,11,14,25,30,29/01/2009,EVENING
4695,7,9,19,27,30,30/01/2009,EVENING
4696,3,17,20,30,34,31/01/2009,EVENING
4697,9,20,22,31,33,01/02/2009,EVENING
4698,2,19,23,26,28,02/02/2009,EVENING
4699,1,3,5,16,30,03/02/2009,EVENING
4700,1,13,15,18,20,04/02/2009,EVENING
4701,1,2,10,18,34,05/02/2009,EVENING
4702,6,15,27,30,31,06/02/2009,EVENING
4703,11,15,19,25,26,07/02/2009,EVENING
4704,5,18,19,24,26,08/02/2009,EVENING
4705,8,23,31,34,36,09/02/2009,EVENING
4706,1,8,20,21,29,10/02/2009,EVENING
4707,2,8,23,31,34,11/02/2009,EVENING
4708,7,17,21,27,30,12/02/2009,EVENING
4709,11,12,16,22,34,13/02/2009,EVENING
4710,7,19,25,31,32,14/02/2009,EVENING
4711,4,5,26,28,30,15/02/2009,EVENING
4712,2,4,7,23,35,16/02/2009,EVENING
4713,11,19,20,28,34,17/02/2009,EVENING
4714,6,10,14,22,30,18/02/2009,EVENING
4715,10,16,30,34,36,19/02/2009,EVENING
4716,12,14,23,24,33,20/02/2009,EVENING
4717,1,12,15,29,36,21/02/2009,EVENING
4718,3,17,21,26,30,22/02/2009,EVENING
4719,13,14,25,29,33,23/02/2009,EVENING
4720,2,6,11,16,28,24/02/2009,EVENING
4721,3,4,11,16,32,25/02/2009,EVENING
4722,2,15,25,26,32,26/02/2009,EVENING
4723,8,19,22,27,34,27/02/2009,EVENING
4724,13,15,26,29,36,28/02/2009,EVENING
4725,8,9,10,13,23,01/03/2009,EVENING
4726,4,15,20,21,26,02/03/2009,EVENING
4727,4,6,17,25,30,03/03/2009,EVENING
4728,1,15,17,23,32,04/03/2009,EVENING
4729,23,29,31,32,34,05/03/2009,EVENING
4730,1,6,12,18,34,06/03/2009,EVENING
4731,8,10,23,32,36,07/03/2009,EVENING
4732,4,6,13,25,27,08/03/2009,EVENING
4733,11,18,20,24,25,09/03/2009,EVENING
4734,9,13,20,30,35,10/03/2009,EVENING
4735,4,9,20,24,27,11/03/2009,EVENING
4736,12,18,24,25,32,12/03/2009,EVENING
4737,6,23,29,34,35,13/03/2009,EVENING
4738,4,8,24,32,35,14/03/2009,EVENING
4739,10,14,21,25,30,15/03/2009,EVENING
4740,13,17,24,29,33,16/03/2009,EVENING
4741,1,8,25,28,29,17/03/2009,EVENING
4742,14,17,19,24,30,18/03/2009,EVENING
4743,8,9,26,29,34,19/03/2009,EVENING
4744,6,21,25,26,29,20/03/2009,EVENING
4745,11,14,16,25,32,21/03/2009,EVENING
4746,8,15,25,30,31,22/03/2009,EVENING
4747,1,4,26,31,33,23/03/2009,EVENING
4748,2,15,28,29,34,24/03/2009,EVENING
4749,4,5,6,28,35,25/03/2009,EVENING
4750,1,3,7,14,30,26/03/2009,EVENING
4751,3,4,7,21,25,27/03/2009,EVENING
4752,3,5,9,33,35,28/03/2009,EVENING
4753,2,11,12,13,29,29/03/2009,EVENING
4754,16,21,29,33,36,30/03/2009,EVENING
4755,4,17,21,25,30,31/03/2009,EVENING
4756,1,2,17,19,32,01/04/2009,EVENING
4757,28,30,33,34,36,02/04/2009,EVENING
4758,21,22,23,31,33,03/04/2009,EVENING
4759,4,7,10,18,34,04/04/2009,EVENING
4760,3,4,8,10,13,05/04/2009,EVENING
4761,12,18,20,29,33,06/04/2009,EVENING
4762,10,11,12,16,17,07/04/2009,EVENING
4763,4,15,23,32,36,08/04/2009,EVENING
4764,1,7,22,29,33,09/04/2009,EVENING
4765,1,4,6,25,35,10/04/2009,EVENING
4766,10,11,12,21,36,11/04/2009,EVENING
4767,6,16,17,19,32,12/04/2009,EVENING
4768,4,7,12,18,30,13/04/2009,EVENING
4769,4,6,16,18,35,14/04/2009,EVENING
4770,1,7,14,21,28,15/04/2009,EVENING
4771,14,15,24,28,34,16/04/2009,EVENING
4772,3,5,11,14,34,17/04/2009,EVENING
4773,6,9,12,18,34,18/04/2009,EVENING
4774,1,5,14,26,32,19/04/2009,EVENING
4775,14,27,28,32,36,20/04/2009,EVENING
4776,4,9,10,21,28,21/04/2009,EVENING
4777,7,16,31,35,36,22/04/2009,EVENING
4778,14,28,29,33,36,23/04/2009,EVENING
4779,4,7,10,21,31,24/04/2009,EVENING
4780,4,5,7,12,15,25/04/2009,EVENING
4781,8,23,24,32,33,26/04/2009,EVENING
4782,7,8,9,23,33,27/04/2009,EVENING
4783,1,3,19,28,35,28/04/2009,EVENING
4784,6,8,10,19,22,29/04/2009,EVENING
4785,10,11,28,33,35,30/04/2009,EVENING
4786,4,14,18,19,23,01/05/2009,EVENING
4787,13,14,17,18,33,02/05/2009,EVENING
4788,3,8,23,29,32,03/05/2009,EVENING
4789,5,6,9,31,34,04/05/2009,EVENING
4790,8,11,12,20,26,05/05/2009,EVENING
4791,5,16,24,29,33,06/05/2009,EVENING
4792,5,8,19,26,35,07/05/2009,EVENING
4793,4,5,7,9,19,08/05/2009,EVENING
4794,3,4,13,23,36,09/05/2009,EVENING
4795,5,13,17,21,36,10/05/2009,EVENING
4796,10,13,16,31,35,11/05/2009,EVENING
4797,7,10,17,22,25,12/05/2009,EVENING
4798,9,11,16,19,21,13/05/2009,EVENING
4799,3,11,12,16,19,14/05/2009,EVENING
4800,5,6,9,19,21,15/05/2009,EVENING
4801,10,28,33,34,36,16/05/2009,EVENING
4802,6,19,29,30,34,17/05/2009,EVENING
4803,1,6,10,15,30,18/05/2009,EVENING
4804,7,19,28,29,30,19/05/2009,EVENING
4805,10,12,21,23,33,20/05/2009,EVENING
4806,1,2,4,24,34,21/05/2009,EVENING
4807,8,10,21,30,32,22/05/2009,EVENING
4808,7,8,11,32,33,23/05/2009,EVENING
4809,6,18,23,24,30,24/05/2009,EVENING
4810,5,12,15,28,30,25/05/2009,EVENING
4811,6,12,13,14,20,26/05/2009,EVENING
4812,4,6,16,31,36,27/05/2009,EVENING
4813,1,10,15,27,36,28/05/2009,EVENING
4814,1,6,7,11,30,29/05/2009,EVENING
4815,9,13,19,32,34,30/05/2009,EVENING
4816,6,13,15,22,24,31/05/2009,EVENING
4817,10,11,13,18,19,01/06/2009,EVENING
4818,10,13,15,16,34,02/06/2009,EVENING
4819,5,13,14,16,21,03/06/2009,EVENING
4820,5,22,25,26,36,04/06/2009,EVENING
4821,2,17,21,25,33,05/06/2009,EVENING
4822,2,9,16,31,36,06/06/2009,EVENING
4823,4,8,21,23,32,07/06/2009,EVENING
4824,11,17,32,34,35,08/06/2009,EVENING
4825,2,7,12,28,36,09/06/2009,EVENING
4826,2,10,34,35,36,10/06/2009,EVENING
4827,2,5,9,15,22,11/06/2009,EVENING
4828,2,3,6,12,19,12/06/2009,EVENING
4829,3,6,14,18,24,13/06/2009,EVENING
4830,4,19,27,29,35,14/06/2009,EVENING
4831,4,17,23,30,35,15/06/2009,EVENING
4832,1,7,15,18,32,16/06/2009,EVENING
4833,5,9,19,31,34,17/06/2009,EVENING
4834,2,10,17,29,36,18/06/2009,EVENING
4835,1,5,13,24,33,19/06/2009,EVENING
4836,6,12,19,28,31,20/06/2009,EVENING
4837,10,12,18,19,20,21/06/2009,EVENING
4838,10,16,17,20,32,22/06/2009,EVENING
4839,6,22,23,30,31,23/06/2009,EVENING
4840,9,20,28,31,33,24/06/2009,EVENING
4841,6,12,14,16,33,25/06/2009,EVENING
4842,1,7,11,27,36,26/06/2009,EVENING
4843,1,3,5,17,28,27/06/2009,EVENING
4844,14,22,26,31,32,28/06/2009,EVENING
4845,6,17,26,29,34,29/06/2009,EVENING
4846,4,15,24,25,29,30/06/2009,EVENING
4847,8,19,27,29,30,01/07/2009,EVENING
4848,1,12,29,34,35,02/07/2009,EVENING
4849,3,7,11,13,25,03/07/2009,EVENING
4850,3,14,25,30,31,04/07/2009,EVENING
4851,11,17,18,23,29,05/07/2009,EVENING
4852,6,14,16,26,30,06/07/2009,EVENING
4853,10,16,19,24,35,07/07/2009,EVENING
4854,6,9,15,30,35,08/07/2009,EVENING
4855,4,18,19,21,31,09/07/2009,EVENING
4856,12,16,18,31,33,10/07/2009,EVENING
4857,2,23,27,31,35,11/07/2009,EVENING
4858,16,27,28,31,33,12/07/2009,EVENING
4859,18,20,28,32,35,13/07/2009,EVENING
4860,20,21,22,24,33,14/07/2009,EVENING
4861,2,8,14,21,36,15/07/2009,EVENING
4862,19,28,31,35,36,16/07/2009,EVENING
4863,13,15,17,28,32,17/07/2009,EVENING
4864,3,5,13,18,31,18/07/2009,EVENING
4865,8,10,16,26,34,19/07/2009,EVENING
4866,5,18,29,31,34,20/07/2009,EVENING
4867,9,15,23,31,32,21/07/2009,EVENING
4868,9,27,31,34,36,22/07/2009,EVENING
4869,11,13,17,18,27,23/07/2009,EVENING
4870,2,4,7,23,34,24/07/2009,EVENING
4871,2,15,23,29,34,25/07/2009,EVENING
4872,6,11,20,32,33,26/07/2009,EVENING
4873,4,15,19,29,33,27/07/2009,EVENING
4874,3,23,24,32,33,28/07/2009,EVENING
4875,4,5,20,29,34,29/07/2009,EVENING
4876,2,3,21,22,26,30/07/2009,EVENING
4877,5,6,13,14,16,31/07/2009,EVENING
4878,20,21,23,31,33,01/08/2009,EVENING
4879,2,7,13,16,28,02/08/2009,EVENING
4880,3,7,18,19,24,03/08/2009,EVENING
4881,2,17,24,25,33,04/08/2009,EVENING
4882,5,19,24,30,32,05/08/2009,EVENING
4883,13,20,22,27,35,06/08/2009,EVENING
4884,3,14,17,25,26,07/08/2009,EVENING
4885,12,20,26,28,30,08/08/2009,EVENING
4886,2,3,13,21,22,09/08/2009,EVENING
4887,5,17,19,23,28,10/08/2009,EVENING
4888,3,7,22,29,35,11/08/2009,EVENING
4889,2,4,13,22,29,12/08/2009,EVENING
4890,2,4,17,23,30,13/08/2009,EVENING
4891,7,8,13,15,17,14/08/2009,EVENING
4892,2,8,12,17,35,15/08/2009,EVENING
4893,3,4,8,12,32,16/08/2009,EVENING
4894,7,12,29,30,35,17/08/2009,EVENING
4895,3,8,10,14,28,18/08/2009,EVENING
4896,10,19,26,28,35,19/08/2009,EVENING
4897,7,14,19,28,32,20/08/2009,EVENING
4898,11,13,21,35,36,21/08/2009,EVENING
4899,3,12,15,22,23,22/08/2009,EVENING
4900,4,19,22,31,32,23/08/2009,EVENING
4901,7,14,20,32,36,24/08/2009,EVENING
4902,1,19,21,25,32,25/08/2009,EVENING
4903,1,4,7,19,22,26/08/2009,EVENING
4904,12,21,22,25,28,27/08/2009,EVENING
4905,2,14,15,34,35,28/08/2009,EVENING
4906,11,21,25,26,29,29/08/2009,EVENING
4907,3,16,24,30,35,30/08/2009,EVENING
4908,9,14,18,25,36,31/08/2009,EVENING
4909,1,16,20,29,31,01/09/2009,EVENING
4910,2,3,5,15,25,02/09/2009,EVENING
4911,12,14,15,22,31,03/09/2009,EVENING
4912,6,15,18,27,29,04/09/2009,EVENING
4913,2,9,17,18,25,05/09/2009,EVENING
4914,10,16,20,22,35,06/09/2009,EVENING
4915,1,6,12,13,19,07/09/2009,EVENING
4916,3,11,17,19,34,08/09/2009,EVENING
4917,4,8,29,31,34,09/09/2009,EVENING
4918,3,6,15,25,27,10/09/2009,EVENING
4919,3,13,16,22,36,11/09/2009,EVENING
4920,1,3,7,25,27,12/09/2009,EVENING
4921,1,2,7,9,34,13/09/2009,EVENING
4922,14,19,26,29,33,14/09/2009,EVENING
4923,8,12,15,16,23,15/09/2009,EVENING
4924,8,21,30,31,33,16/09/2009,EVENING
4925,3,19,26,27,30,17/09/2009,EVENING
4926,7,12,14,15,19,18/09/2009,EVENING
4927,2,12,15,19,36,19/09/2009,EVENING
4928,6,17,19,20,26,20/09/2009,EVENING
4929,6,15,24,28,31,21/09/2009,EVENING
4930,6,9,17,25,27,22/09/2009,EVENING
4931,13,15,20,25,34,23/09/2009,EVENING
4932,2,3,11,12,17,24/09/2009,EVENING
4933,3,7,8,23,28,25/09/2009,EVENING
4934,9,13,19,33,34,26/09/2009,EVENING
4935,8,9,13,24,29,27/09/2009,EVENING
4936,4,6,14,21,34,28/09/2009,EVENING
4937,8,9,10,27,29,29/09/2009,EVENING
4938,11,14,29,31,32,30/09/2009,EVENING
4939,7,11,21,28,34,01/10/2009,EVENING
4940,6,10,13,19,36,02/10/2009,EVENING
4941,6,23,25,26,28,03/10/2009,EVENING
4942,10,11,12,25,28,04/10/2009,EVENING
4943,3,8,19,22,29,05/10/2009,EVENING
4944,9,17,18,23,30,06/10/2009,EVENING
4945,4,5,13,18,31,07/10/2009,EVENING
4946,16,26,29,33,36,08/10/2009,EVENING
4947,7,8,16,24,30,09/10/2009,EVENING
4948,3,4,14,28,29,10/10/2009,EVENING
4949,10,14,21,30,34,11/10/2009,EVENING
4950,5,6,11,25,35,12/10/2009,EVENING
4951,13,14,18,19,28,13/10/2009,EVENING
4952,7,10,12,29,33,14/10/2009,EVENING
4953,2,5,12,15,36,15/10/2009,EVENING
4954,9,20,23,28,33,16/10/2009,EVENING
4955,6,8,22,26,35,17/10/2009,EVENING
4956,16,26,33,34,36,18/10/2009,EVENING
4957,3,4,11,33,36,19/10/2009,EVENING
4958,1,2,11,13,36,20/10/2009,EVENING
4959,4,12,16,25,27,21/10/2009,EVENING
4960,12,22,25,27,33,22/10/2009,EVENING
4961,4,16,26,31,35,23/10/2009,EVENING
4962,4,16,17,29,31,24/10/2009,EVENING
4963,17,22,30,35,36,25/10/2009,EVENING
4964,2,17,19,22,34,26/10/2009,EVENING
4965,2,8,16,18,19,27/10/2009,EVENING
4966,8,20,24,25,30,28/10/2009,EVENING
4967,1,2,15,23,29,29/10/2009,EVENING
4968,1,21,24,28,34,30/10/2009,EVENING
4969,4,22,25,26,29,31/10/2009,EVENING
4970,6,9,11,14,34,01/11/2009,EVENING
4971,9,13,14,17,32,02/11/2009,EVENING
4972,7,12,15,18,21,03/11/2009,EVENING
4973,3,9,11,12,19,04/11/2009,EVENING
4974,4,6,9,19,31,05/11/2009,EVENING
4975,2,11,17,24,36,06/11/2009,EVENING
4976,1,2,11,25,28,07/11/2009,EVENING
4977,1,22,24,27,35,08/11/2009,EVENING
4978,14,15,19,28,32,09/11/2009,EVENING
4979,7,12,22,27,34,10/11/2009,EVENING
4980,1,15,18,23,33,11/11/2009,EVENING
4981,7,10,14,20,26,12/11/2009,EVENING
4982,8,9,13,16,35,13/11/2009,EVENING
4983,10,13,20,22,29,14/11/2009,EVENING
4984,1,16,23,25,27,15/11/2009,EVENING
4985,13,21,22,25,26,16/11/2009,EVENING
4986,5,10,15,22,26,17/11/2009,EVENING
4987,7,15,21,23,31,18/11/2009,EVENING
4988,5,7,12,20,33,19/11/2009,EVENING
4989,2,6,19,20,21,20/11/2009,EVENING
4990,1,4,21,26,30,21/11/2009,EVENING
4991,6,7,13,23,35,22/11/2009,EVENING
4992,7,8,15,21,34,23/11/2009,EVENING
4993,2,9,21,30,31,24/11/2009,EVENING
4994,9,14,28,33,34,25/11/2009,EVENING
4995,13,16,22,28,29,26/11/2009,EVENING
4996,7,14,25,33,35,27/11/2009,EVENING
4997,4,6,8,28,30,28/11/2009,EVENING
4998,7,8,21,28,36,29/11/2009,EVENING
4999,1,3,23,31,32,30/11/2009,EVENING
5000,17,19,24,25,35,01/12/2009,EVENING
5001,23,24,26,31,32,02/12/2009,EVENING
5002,3,4,9,10,32,03/12/2009,EVENING
5003,1,8,19,24,25,04/12/2009,EVENING
5004,5,9,12,22,33,05/12/2009,EVENING
5005,3,4,6,15,30,06/12/2009,EVENING
5006,8,25,31,32,34,07/12/2009,EVENING
5007,2,13,22,34,35,08/12/2009,EVENING
5008,6,15,29,33,34,09/12/2009,EVENING
5009,3,5,16,27,31,10/12/2009,EVENING
5010,6,8,21,24,35,11/12/2009,EVENING
5011,5,8,14,30,34,12/12/2009,EVENING
5012,8,12,17,25,26,13/12/2009,EVENING
5013,3,11,12,13,16,14/12/2009,EVENING
5014,3,19,25,27,33,15/12/2009,EVENING
5015,6,8,10,16,33,16/12/2009,EVENING
5016,5,7,9,13,33,17/12/2009,EVENING
5017,2,14,26,30,36,18/12/2009,EVENING
5018,8,11,17,24,36,19/12/2009,EVENING
5019,1,2,6,10,36,20/12/2009,EVENING
5020,8,12,18,25,29,21/12/2009,EVENING
5021,1,2,5,8,36,22/12/2009,EVENING
5022,5,23,28,29,31,23/12/2009,EVENING
5023,6,7,15,18,32,24/12/2009,EVENING
5024,3,7,9,15,21,25/12/2009,EVENING
5025,2,9,13,26,29,26/12/2009,EVENING
5026,2,8,18,28,32,27/12/2009,EVENING
5027,3,11,28,30,31,28/12/2009,EVENING
5028,1,17,19,26,27,29/12/2009,EVENING
5029,4,14,15,28,30,30/12/2009,EVENING
5030,1,4,8,23,31,31/12/2009,EVENING
5031,14,26,30,31,32,01/01/2010,EVENING
5032,13,16,27,28,29,02/01/2010,EVENING
5033,3,7,18,25,34,03/01/2010,EVENING
5034,5,10,11,23,33,04/01/2010,EVENING
5035,6,14,26,31,34,05/01/2010,EVENING
5036,2,12,16,33,35,06/01/2010,EVENING
5037,3,10,26,28,35,07/01/2010,EVENING
5038,2,24,25,27,32,08/01/2010,EVENING
5039,4,9,16,33,36,09/01/2010,EVENING
5040,3,8,30,33,36,10/01/2010,EVENING
5041,5,9,25,31,35,11/01/2010,EVENING
5042,9,11,16,32,35,12/01/2010,EVENING
5043,3,18,20,22,23,13/01/2010,EVENING
5044,2,5,15,23,25,14/01/2010,EVENING
5045,1,12,18,19,32,15/01/2010,EVENING
5046,12,18,22,28,29,16/01/2010,EVENING
5047,27,28,30,31,32,17/01/2010,EVENING
5048,2,6,9,13,17,18/01/2010,EVENING
5049,1,2,7,11,14,19/01/2010,EVENING
5050,2,8,10,22,29,20/01/2010,EVENING
5051,3,10,13,33,34,21/01/2010,EVENING
5052,2,16,20,21,32,22/01/2010,EVENING
5053,7,11,14,17,22,23/01/2010,EVENING
5054,3,4,18,33,36,24/01/2010,EVENING
5055,2,13,19,24,28,25/01/2010,EVENING
5056,1,12,14,26,27,26/01/2010,EVENING
5057,11,17,26,29,32,27/01/2010,EVENING
5058,1,2,5,10,31,28/01/2010,EVENING
5059,1,6,10,14,21,29/01/2010,EVENING
5060,10,19,21,23,32,30/01/2010,EVENING
5061,5,6,8,28,33,31/01/2010,EVENING
5062,18,20,22,27,32,01/02/2010,EVENING
5063,10,13,19,30,35,02/02/2010,EVENING
5064,9,13,20,27,28,03/02/2010,EVENING
5065,4,14,23,35,36,04/02/2010,EVENING
5066,8,12,30,32,33,05/02/2010,EVENING
5067,18,21,31,32,36,06/02/2010,EVENING
5068,10,15,18,21,23,07/02/2010,EVENING
5069,2,15,16,19,26,08/02/2010,EVENING
5070,3,21,23,25,34,09/02/2010,EVENING
5071,2,4,6,11,26,10/02/2010,EVENING
5072,3,5,17,18,19,11/02/2010,EVENING
5073,12,19,22,27,34,12/02/2010,EVENING
5074,9,15,17,28,32,13/02/2010,EVENING
5075,8,11,17,26,32,14/02/2010,EVENING
5076,10,14,25,29,33,15/02/2010,EVENING
5077,13,16,18,19,26,16/02/2010,EVENING
5078,4,7,9,21,23,17/02/2010,EVENING
5079,4,16,19,20,33,18/02/2010,EVENING
5080,1,2,6,7,10,19/02/2010,EVENING
5081,4,6,7,20,31,20/02/2010,EVENING
5082,2,9,24,28,35,21/02/2010,EVENING
5083,8,24,28,30,31,22/02/2010,EVENING
5084,6,12,13,14,35,23/02/2010,EVENING
5085,6,9,10,11,16,24/02/2010,EVENING
5086,2,13,17,23,24,25/02/2010,EVENING
5087,3,6,17,22,33,26/02/2010,EVENING
5088,1,6,12,16,27,27/02/2010,EVENING
5089,12,21,28,32,34,28/02/2010,EVENING
5090,22,27,31,34,35,01/03/2010,EVENING
5091,3,4,8,15,35,02/03/2010,EVENING
5092,3,24,26,29,31,03/03/2010,EVENING
5093,3,8,13,21,33,04/03/2010,EVENING
5094,2,6,8,12,17,05/03/2010,EVENING
5095,8,18,22,24,31,06/03/2010,EVENING
5096,1,4,8,24,25,07/03/2010,EVENING
5097,9,10,13,19,27,08/03/2010,EVENING
5098,7,12,15,20,33,09/03/2010,EVENING
5099,11,16,18,22,31,10/03/2010,EVENING
5100,7,8,23,29,30,11/03/2010,EVENING
5101,5,6,20,26,31,12/03/2010,EVENING
5102,4,7,13,14,35,13/03/2010,EVENING
5103,2,12,21,22,33,14/03/2010,EVENING
5104,5,12,18,24,28,15/03/2010,EVENING
5105,4,18,28,31,36,16/03/2010,EVENING
5106,4,13,20,27,36,17/03/2010,EVENING
5107,15,17,18,35,36,18/03/2010,EVENING
5108,2,20,21,26,33,19/03/2010,EVENING
5109,5,10,13,20,24,20/03/2010,EVENING
5110,6,7,15,22,23,21/03/2010,EVENING
5111,23,26,27,31,35,22/03/2010,EVENING
5112,2,4,11,19,23,23/03/2010,EVENING
5113,11,17,21,25,27,24/03/2010,EVENING
5114,9,18,26,31,34,25/03/2010,EVENING
5115,10,16,22,23,25,26/03/2010,EVENING
5116,3,6,9,22,36,27/03/2010,EVENING
5117,1,16,19,26,28,28/03/2010,EVENING
5118,4,6,25,31,32,29/03/2010,EVENING
5119,2,5,12,20,33,30/03/2010,EVENING
5120,11,14,20,22,34,31/03/2010,EVENING
5121,5,18,21,27,34,01/04/2010,EVENING
5122,4,9,10,26,28,02/04/2010,EVENING
5123,3,13,20,21,27,03/04/2010,EVENING
5124,1,6,13,21,29,04/04/2010,EVENING
5125,3,4,12,13,24,05/04/2010,EVENING
5126,4,12,25,26,34,06/04/2010,EVENING
5127,5,8,11,12,36,07/04/2010,EVENING
5128,10,12,18,27,33,08/04/2010,EVENING
5129,13,21,25,28,36,09/04/2010,EVENING
5130,6,10,24,28,34,10/04/2010,EVENING
5131,3,9,15,20,23,11/04/2010,EVENING
5132,1,9,19,23,32,12/04/2010,EVENING
5133,2,14,22,23,26,13/04/2010,EVENING
5134,5,6,7,16,34,14/04/2010,EVENING
5135,4,15,18,19,22,15/04/2010,EVENING
5136,6,22,26,32,34,16/04/2010,EVENING
5137,10,16,22,24,31,17/04/2010,EVENING
5138,13,23,27,33,36,18/04/2010,EVENING
5139,2,15,17,34,36,19/04/2010,EVENING
5140,6,10,15,24,26,20/04/2010,EVENING
5141,15,23,24,27,28,21/04/2010,EVENING
5142,7,11,13,29,36,22/04/2010,EVENING
5143,9,15,20,29,36,23/04/2010,EVENING
5144,8,9,10,19,29,24/04/2010,EVENING
5145,3,14,19,21,36,25/04/2010,EVENING
5146,1,2,6,29,36,26/04/2010,EVENING
5147,6,20,24,32,36,27/04/2010,EVENING
5148,2,4,18,19,20,28/04/2010,EVENING
5149,15,28,29,32,35,29/04/2010,EVENING
5150,1,10,22,29,33,30/04/2010,EVENING
5151,7,9,14,18,27,01/05/2010,EVENING
5152,1,8,23,24,30,02/05/2010,EVENING
5153,3,8,9,12,16,03/05/2010,EVENING
5154,1,5,9,11,17,04/05/2010,EVENING
5155,6,7,10,11,27,05/05/2010,EVENING
5156,4,8,22,29,35,06/05/2010,EVENING
5157,4,9,19,28,34,07/05/2010,EVENING
5158,1,2,11,26,27,08/05/2010,EVENING
5159,16,17,31,33,35,09/05/2010,EVENING
5160,5,14,15,16,23,10/05/2010,EVENING
5161,2,18,26,32,34,11/05/2010,EVENING
5162,4,13,17,26,32,12/05/2010,EVENING
5163,4,7,9,10,18,13/05/2010,EVENING
5164,4,20,21,32,33,14/05/2010,EVENING
5165,6,11,21,30,36,15/05/2010,EVENING
5166,1,14,22,27,35,16/05/2010,EVENING
5167,3,10,13,27,31,17/05/2010,EVENING
5168,11,15,18,19,32,18/05/2010,EVENING
5169,6,7,10,18,36,19/05/2010,EVENING
5170,1,9,16,23,33,20/05/2010,EVENING
5171,4,14,24,27,30,21/05/2010,EVENING
5172,14,15,19,24,26,22/05/2010,EVENING
5173,13,14,25,32,33,23/05/2010,EVENING
5174,3,8,13,17,30,24/05/2010,EVENING
5175,2,9,19,20,26,25/05/2010,EVENING
5176,5,8,13,18,26,26/05/2010,EVENING
5177,14,23,27,29,32,27/05/2010,EVENING
5178,7,10,15,20,21,28/05/2010,EVENING
5179,4,8,10,27,34,29/05/2010,EVENING
5180,6,26,27,32,35,30/05/2010,EVENING
5181,1,10,11,13,34,31/05/2010,EVENING
5182,12,15,22,25,27,01/06/2010,EVENING
5183,1,10,12,26,32,02/06/2010,EVENING
5184,8,26,28,29,36,03/06/2010,EVENING
5185,6,28,29,32,36,04/06/2010,EVENING
5186,22,24,28,32,36,05/06/2010,EVENING
5187,1,4,15,23,27,06/06/2010,EVENING
5188,1,8,18,25,27,07/06/2010,EVENING
5189,11,15,24,27,34,08/06/2010,EVENING
5190,2,9,10,17,20,09/06/2010,EVENING
5191,1,14,20,22,35,10/06/2010,EVENING
5192,6,18,23,28,32,11/06/2010,EVENING
5193,15,19,21,23,28,12/06/2010,EVENING
5194,1,5,15,18,29,13/06/2010,EVENING
5195,2,14,19,31,35,14/06/2010,EVENING
5196,20,21,25,26,34,15/06/2010,EVENING
5197,6,7,18,25,27,16/06/2010,EVENING
5198,15,16,17,20,34,17/06/2010,EVENING
5199,8,21,23,27,34,18/06/2010,EVENING
5200,2,18,19,28,30,19/06/2010,EVENING
5201,7,11,14,19,32,20/06/2010,EVENING
5202,8,9,14,17,26,21/06/2010,EVENING
5203,10,15,20,24,36,22/06/2010,EVENING
5204,2,14,22,29,31,23/06/2010,EVENING
5205,1,15,22,31,33,24/06/2010,EVENING
5206,6,16,20,32,33,25/06/2010,EVENING
5207,5,8,10,23,32,26/06/2010,EVENING
5208,2,3,6,24,25,27/06/2010,EVENING
5209,9,14,16,17,21,28/06/2010,EVENING
5210,6,16,26,28,33,29/06/2010,EVENING
5211,21,24,27,33,34,30/06/2010,EVENING
5212,7,11,24,25,33,01/07/2010,EVENING
5213,10,18,25,33,35,02/07/2010,EVENING
5214,5,7,14,17,36,03/07/2010,EVENING
5215,1,6,17,31,35,04/07/2010,EVENING
5216,1,6,15,23,26,05/07/2010,EVENING
5217,3,4,23,25,30,06/07/2010,EVENING
5218,5,8,9,11,22,07/07/2010,EVENING
5219,1,9,13,30,32,08/07/2010,EVENING
5220,2,3,4,11,30,09/07/2010,EVENING
5221,6,9,17,21,27,10/07/2010,EVENING
5222,3,9,30,31,36,11/07/2010,EVENING
5223,4,9,10,12,25,12/07/2010,EVENING
5224,4,7,18,23,27,13/07/2010,EVENING
5225,7,15,19,23,24,14/07/2010,EVENING
5226,7,29,30,31,35,15/07/2010,EVENING
5227,4,14,17,20,29,16/07/2010,EVENING
5228,5,6,15,22,35,17/07/2010,EVENING
5229,1,7,11,15,26,18/07/2010,EVENING
5230,3,7,10,26,36,19/07/2010,EVENING
5231,11,16,18,22,30,20/07/2010,EVENING
5232,11,21,32,33,36,21/07/2010,EVENING
5233,2,12,17,21,36,22/07/2010,EVENING
5234,3,4,11,33,34,23/07/2010,EVENING
5235,10,15,22,23,33,24/07/2010,EVENING
5236,5,17,23,24,32,25/07/2010,EVENING
5237,6,12,15,22,27,26/07/2010,EVENING
5238,25,29,30,33,35,27/07/2010,EVENING
5239,7,14,24,27,33,28/07/2010,EVENING
5240,10,21,24,25,27,29/07/2010,EVENING
5241,7,18,22,24,36,30/07/2010,EVENING
5242,19,28,32,33,34,31/07/2010,EVENING
5243,3,7,21,28,35,01/08/2010,EVENING
5244,1,10,16,22,34,02/08/2010,EVENING
5245,4,5,13,22,33,03/08/2010,EVENING
5246,6,15,19,24,33,04/08/2010,EVENING
5247,14,19,21,29,32,05/08/2010,EVENING
5248,8,12,15,16,24,06/08/2010,EVENING
5249,4,21,23,25,33,07/08/2010,EVENING
5250,3,4,6,7,32,08/08/2010,EVENING
5251,2,5,9,18,26,09/08/2010,EVENING
5252,9,10,24,25,34,10/08/2010,EVENING
5253,5,7,16,23,29,11/08/2010,EVENING
5254,3,6,9,27,36,12/08/2010,EVENING
5255,1,3,6,24,29,13/08/2010,EVENING
5256,3,6,28,30,35,14/08/2010,EVENING
5257,1,4,11,21,36,15/08/2010,EVENING
5258,1,13,17,19,22,16/08/2010,EVENING
5259,1,10,13,24,27,17/08/2010,EVENING
5260,3,9,30,34,36,18/08/2010,EVENING
5261,6,7,12,23,27,19/08/2010,EVENING
5262,4,14,28,33,34,20/08/2010,EVENING
5263,5,7,27,32,33,21/08/2010,EVENING
5264,8,15,19,28,29,22/08/2010,EVENING
5265,9,18,20,28,36,23/08/2010,EVENING
5266,1,2,5,9,28,24/08/2010,EVENING
5267,9,21,22,34,36,25/08/2010,EVENING
5268,3,12,14,34,35,26/08/2010,EVENING
5269,1,2,9,10,33,27/08/2010,EVENING
5270,9,11,22,31,33,28/08/2010,EVENING
5271,23,28,29,30,34,29/08/2010,EVENING
5272,6,8,15,21,25,30/08/2010,EVENING
5273,6,17,21,25,35,31/08/2010,EVENING
5274,6,14,18,28,33,01/09/2010,EVENING
5275,1,11,18,20,24,02/09/2010,EVENING
5276,4,5,6,19,23,03/09/2010,EVENING
5277,5,13,14,21,32,04/09/2010,EVENING
5278,3,13,14,29,30,05/09/2010,EVENING
5279,4,7,25,31,34,06/09/2010,EVENING
5280,6,7,23,31,34,07/09/2010,EVENING
5281,7,14,16,26,35,08/09/2010,EVENING
5282,6,21,25,32,34,09/09/2010,EVENING
5283,16,18,20,31,35,10/09/2010,EVENING
5284,13,15,24,28,33,11/09/2010,EVENING
5285,4,11,23,25,33,12/09/2010,EVENING
5286,15,20,26,28,30,13/09/2010,EVENING
5287,1,3,7,25,31,14/09/2010,EVENING
5288,8,22,24,31,33,15/09/2010,EVENING
5289,23,30,33,35,36,16/09/2010,EVENING
5290,1,10,13,16,33,17/09/2010,EVENING
5291,4,20,25,29,30,18/09/2010,EVENING
5292,10,19,22,25,30,19/09/2010,EVENING
5293,12,15,27,28,32,20/09/2010,EVENING
5294,10,13,20,23,29,21/09/2010,EVENING
5295,8,11,29,31,36,22/09/2010,EVENING
5296,18,20,28,32,34,23/09/2010,EVENING
5297,5,25,29,35,36,24/09/2010,EVENING
5298,6,8,18,22,26,25/09/2010,EVENING
5299,3,15,29,30,31,26/09/2010,EVENING
5300,2,15,19,24,31,27/09/2010,EVENING
5301,10,16,18,21,30,28/09/2010,EVENING
5302,1,2,6,7,36,29/09/2010,EVENING
5303,14,15,22,31,35,30/09/2010,EVENING
5304,3,8,19,21,35,01/10/2010,EVENING
5305,7,10,11,18,23,02/10/2010,EVENING
5306,9,11,17,24,27,03/10/2010,EVENING
5307,6,18,20,21,23,04/10/2010,EVENING
5308,8,12,16,22,24,05/10/2010,EVENING
5309,13,19,24,29,34,06/10/2010,EVENING
5310,2,5,25,28,36,07/10/2010,EVENING
5311,11,17,26,28,36,08/10/2010,EVENING
5312,11,20,21,28,32,09/10/2010,EVENING
5313,2,20,25,31,35,10/10/2010,EVENING
5314,3,5,19,27,34,11/10/2010,EVENING
5315,8,12,19,25,36,12/10/2010,EVENING
5316,7,11,20,21,24,13/10/2010,EVENING
5317,3,7,26,32,36,14/10/2010,EVENING
5318,4,21,22,34,35,15/10/2010,EVENING
5319,2,10,12,23,35,16/10/2010,EVENING
5320,2,4,10,18,31,17/10/2010,EVENING
5321,2,21,23,28,30,18/10/2010,EVENING
5322,3,4,5,11,14,19/10/2010,EVENING
5323,9,12,20,23,25,20/10/2010,EVENING
5324,9,17,25,26,36,21/10/2010,EVENING
5325,8,9,22,28,36,22/10/2010,EVENING
5326,8,10,17,33,35,23/10/2010,EVENING
5327,1,4,6,7,27,24/10/2010,EVENING
5328,2,3,6,11,31,25/10/2010,EVENING
5329,11,18,32,35,36,26/10/2010,EVENING
5330,9,14,17,19,21,27/10/2010,EVENING
5331,1,3,10,14,33,28/10/2010,EVENING
5332,9,14,26,28,33,29/10/2010,EVENING
5333,3,4,7,16,18,30/10/2010,EVENING
5334,19,25,26,35,36,31/10/2010,EVENING
5335,4,6,20,25,31,01/11/2010,EVENING
5336,1,2,3,7,16,02/11/2010,EVENING
5337,10,11,25,31,35,03/11/2010,EVENING
5338,1,2,12,29,33,04/11/2010,EVENING
5339,3,17,23,25,26,05/11/2010,EVENING
5340,2,7,10,25,33,06/11/2010,EVENING
5341,1,7,29,32,34,07/11/2010,EVENING
5342,4,7,15,32,35,08/11/2010,EVENING
5343,4,11,14,22,24,09/11/2010,EVENING
5344,1,7,14,19,28,10/11/2010,EVENING
5345,3,17,23,24,26,11/11/2010,EVENING
5346,10,19,20,28,29,12/11/2010,EVENING
5347,5,11,12,22,24,13/11/2010,EVENING
5348,1,22,24,27,36,14/11/2010,EVENING
5349,11,14,19,26,28,15/11/2010,EVENING
5350,8,15,25,26,29,16/11/2010,EVENING
5351,13,19,25,27,32,17/11/2010,EVENING
5352,9,13,15,23,28,18/11/2010,EVENING
5353,2,9,10,14,34,19/11/2010,EVENING
5354,2,6,9,12,28,20/11/2010,EVENING
5355,8,17,21,24,34,21/11/2010,EVENING
5356,16,22,29,30,36,22/11/2010,EVENING
5357,1,5,12,14,25,23/11/2010,EVENING
5358,5,7,10,16,19,24/11/2010,EVENING
5359,6,22,24,26,27,25/11/2010,EVENING
5360,8,10,12,15,21,26/11/2010,EVENING
5361,3,7,14,22,29,27/11/2010,EVENING
5362,3,12,15,23,26,28/11/2010,EVENING
5363,1,11,32,33,36,29/11/2010,EVENING
5364,11,21,22,27,36,30/11/2010,EVENING
5365,2,13,19,32,34,01/12/2010,EVENING
5366,2,14,15,18,35,02/12/2010,EVENING
5367,26,27,28,35,36,03/12/2010,EVENING
5368,11,13,21,28,34,04/12/2010,EVENING
5369,15,22,29,30,31,05/12/2010,EVENING
5370,5,26,28,32,33,06/12/2010,EVENING
5371,1,7,15,25,36,07/12/2010,EVENING
5372,15,21,22,23,31,08/12/2010,EVENING
5373,1,15,20,26,35,09/12/2010,EVENING
5374,5,6,15,31,32,10/12/2010,EVENING
5375,8,10,12,13,14,11/12/2010,EVENING
5376,9,12,17,24,31,12/12/2010,EVENING
5377,10,12,30,32,34,13/12/2010,EVENING
5378,4,18,20,25,29,14/12/2010,EVENING
5379,14,16,17,19,28,15/12/2010,EVENING
5380,12,14,17,25,28,16/12/2010,EVENING
5381,6,16,21,26,30,17/12/2010,EVENING
5382,3,8,20,25,30,18/12/2010,EVENING
5383,5,6,17,22,26,19/12/2010,EVENING
5384,12,14,15,22,25,20/12/2010,EVENING
5385,17,22,23,35,36,21/12/2010,EVENING
5386,3,4,9,24,25,22/12/2010,EVENING
5387,3,7,15,18,27,23/12/2010,EVENING
5388,16,21,26,29,36,24/12/2010,EVENING
5389,1,7,16,22,23,25/12/2010,EVENING
5390,11,14,15,23,31,26/12/2010,EVENING
5391,1,6,12,26,31,27/12/2010,EVENING
5392,2,4,6,8,12,28/12/2010,EVENING
5393,5,8,12,17,26,29/12/2010,EVENING
5394,10,14,19,24,33,30/12/2010,EVENING
5395,7,12,24,31,35,31/12/2010,EVENING
5396,7,9,11,22,23,01/01/2011,EVENING
5397,10,14,26,30,34,02/01/2011,EVENING
5398,2,15,20,24,36,03/01/2011,EVENING
5399,11,12,20,21,27,04/01/2011,EVENING
5400,1,2,5,17,20,05/01/2011,EVENING
5401,2,4,8,14,20,06/01/2011,EVENING
5402,2,10,18,21,36,07/01/2011,EVENING
5403,2,12,13,21,29,08/01/2011,EVENING
5404,12,13,18,32,36,09/01/2011,EVENING
5405,4,9,12,20,34,10/01/2011,EVENING
5406,2,13,18,23,32,11/01/2011,EVENING
5407,3,20,21,27,36,12/01/2011,EVENING
5408,12,17,19,27,33,13/01/2011,EVENING
5409,1,14,15,21,25,14/01/2011,EVENING
5410,5,9,13,16,19,15/01/2011,EVENING
5411,10,19,21,28,30,16/01/2011,EVENING
5412,1,25,27,29,30,17/01/2011,EVENING
5413,1,13,16,18,30,18/01/2011,EVENING
5414,4,6,17,29,35,19/01/2011,EVENING
5415,5,6,8,25,28,20/01/2011,EVENING
5416,5,9,28,29,31,21/01/2011,EVENING
5417,15,20,21,33,34,22/01/2011,EVENING
5418,15,18,21,22,35,23/01/2011,EVENING
5419,14,22,25,31,36,24/01/2011,EVENING
5420,1,8,11,27,33,25/01/2011,EVENING
5421,5,9,16,17,21,26/01/2011,EVENING
5422,12,13,16,28,29,27/01/2011,EVENING
5423,4,6,16,27,32,28/01/2011,EVENING
5424,1,11,24,27,34,29/01/2011,EVENING
5425,6,13,22,23,33,30/01/2011,EVENING
5426,9,13,16,18,26,31/01/2011,EVENING
5427,24,26,27,28,30,01/02/2011,EVENING
5428,4,11,16,23,30,02/02/2011,EVENING
5429,10,16,28,30,36,03/02/2011,EVENING
5430,15,20,26,29,36,04/02/2011,EVENING
5431,5,6,15,16,18,05/02/2011,EVENING
5432,3,22,27,32,33,06/02/2011,EVENING
5433,2,8,15,20,36,07/02/2011,EVENING
5434,13,16,17,26,30,08/02/2011,EVENING
5435,3,7,11,15,24,09/02/2011,EVENING
5436,4,16,21,22,27,10/02/2011,EVENING
5437,13,15,19,20,35,11/02/2011,EVENING
5438,7,15,17,27,35,12/02/2011,EVENING
5439,3,27,31,32,33,13/02/2011,EVENING
5440,3,5,10,17,33,14/02/2011,EVENING
5441,7,8,14,25,33,15/02/2011,EVENING
5442,3,10,17,18,32,16/02/2011,EVENING
5443,4,18,21,33,35,17/02/2011,EVENING
5444,1,8,10,34,36,18/02/2011,EVENING
5445,5,9,14,18,31,19/02/2011,EVENING
5446,7,11,18,29,33,20/02/2011,EVENING
5447,1,4,8,9,32,21/02/2011,EVENING
5448,2,14,17,19,22,22/02/2011,EVENING
5449,12,27,30,32,35,23/02/2011,EVENING
5450,1,5,13,33,35,24/02/2011,EVENING
5451,6,8,15,23,25,25/02/2011,EVENING
5452,2,3,19,20,32,26/02/2011,EVENING
5453,7,17,19,33,36,27/02/2011,EVENING
5454,5,8,10,19,32,28/02/2011,EVENING
5455,18,23,27,28,31,01/03/2011,EVENING
5456,13,23,25,28,33,02/03/2011,EVENING
5457,6,18,26,28,31,03/03/2011,EVENING
5458,2,23,25,28,30,04/03/2011,EVENING
5459,11,15,19,22,31,05/03/2011,EVENING
5460,12,14,22,23,29,06/03/2011,EVENING
5461,2,6,13,21,28,07/03/2011,EVENING
5462,12,17,18,22,27,08/03/2011,EVENING
5463,6,14,29,35,36,09/03/2011,EVENING
5464,1,17,19,21,24,10/03/2011,EVENING
5465,2,3,13,18,19,11/03/2011,EVENING
5466,5,8,16,20,28,12/03/2011,EVENING
5467,4,5,6,15,16,13/03/2011,EVENING
5468,3,4,8,24,26,14/03/2011,EVENING
5469,9,11,13,15,25,15/03/2011,EVENING
5470,4,10,11,18,23,16/03/2011,EVENING
5471,6,25,26,30,31,17/03/2011,EVENING
5472,1,12,18,30,34,18/03/2011,EVENING
5473,8,9,27,29,32,19/03/2011,EVENING
5474,12,14,16,20,35,20/03/2011,EVENING
5475,14,15,16,17,18,21/03/2011,EVENING
5476,3,9,27,28,29,22/03/2011,EVENING
5477,15,19,21,23,32,23/03/2011,EVENING
5478,5,19,34,35,36,24/03/2011,EVENING
5479,1,4,11,14,36,25/03/2011,EVENING
5480,22,24,26,32,36,26/03/2011,EVENING
5481,14,19,30,34,36,27/03/2011,EVENING
5482,1,3,4,23,25,28/03/2011,EVENING
5483,8,15,22,33,35,29/03/2011,EVENING
5484,1,5,10,13,19,30/03/2011,EVENING
5485,10,18,28,29,34,31/03/2011,EVENING
5486,7,8,14,22,27,01/04/2011,EVENING
5487,9,15,17,20,21,02/04/2011,EVENING
5488,19,24,28,31,36,03/04/2011,EVENING
5489,21,25,31,32,33,04/04/2011,EVENING
5490,4,12,26,33,36,05/04/2011,EVENING
5491,3,24,29,34,35,06/04/2011,EVENING
5492,9,13,20,29,34,07/04/2011,EVENING
5493,1,6,28,30,34,08/04/2011,EVENING
5494,21,23,27,31,35,09/04/2011,EVENING
5495,13,14,21,23,24,10/04/2011,EVENING
5496,9,13,18,24,31,11/04/2011,EVENING
5497,9,18,21,22,24,12/04/2011,EVENING
5498,2,7,11,30,33,13/04/2011,EVENING
5499,12,23,29,32,33,14/04/2011,EVENING
5500,13,16,18,26,33,15/04/2011,EVENING
5501,6,11,18,22,24,16/04/2011,EVENING
5502,1,9,21,31,34,17/04/2011,EVENING
5503,1,3,15,18,30,18/04/2011,EVENING
5504,15,16,30,31,35,19/04/2011,EVENING
5505,6,13,17,24,29,20/04/2011,EVENING
5506,1,4,8,28,31,21/04/2011,EVENING
5507,5,7,12,22,34,22/04/2011,EVENING
5508,3,12,13,15,32,23/04/2011,EVENING
5509,3,4,16,22,26,24/04/2011,EVENING
5510,11,16,24,28,31,25/04/2011,EVENING
5511,7,11,16,26,33,26/04/2011,EVENING
5512,11,23,29,33,36,27/04/2011,EVENING
5513,1,17,18,28,34,28/04/2011,EVENING
5514,5,9,28,29,36,29/04/2011,EVENING
5515,3,10,12,16,35,30/04/2011,EVENING
5516,10,11,29,35,36,01/05/2011,EVENING
5517,1,7,9,17,20,02/05/2011,EVENING
5518,4,10,12,17,27,03/05/2011,EVENING
5519,13,23,29,33,35,04/05/2011,EVENING
5520,6,14,20,25,34,05/05/2011,EVENING
5521,5,8,9,22,34,06/05/2011,EVENING
5522,3,15,18,31,35,07/05/2011,EVENING
5523,9,17,29,31,34,08/05/2011,EVENING
5524,9,19,30,32,36,09/05/2011,EVENING
5525,2,7,15,28,31,10/05/2011,EVENING
5526,2,9,22,28,31,11/05/2011,EVENING
5527,3,11,19,23,25,12/05/2011,EVENING
5528,9,13,15,19,23,13/05/2011,EVENING
5529,8,14,26,27,31,14/05/2011,EVENING
5530,16,17,21,26,30,15/05/2011,EVENING
5531,2,11,30,32,34,16/05/2011,EVENING
5532,8,16,27,28,33,17/05/2011,EVENING
5533,18,19,24,30,34,18/05/2011,EVENING
5534,2,5,15,19,28,19/05/2011,EVENING
5535,12,16,27,29,33,20/05/2011,EVENING
5536,1,30,31,33,34,21/05/2011,EVENING
5537,3,10,26,33,34,22/05/2011,EVENING
5538,11,21,25,27,34,23/05/2011,EVENING
5539,2,7,13,16,25,24/05/2011,EVENING
5540,14,15,21,24,31,25/05/2011,EVENING
5541,10,15,20,23,28,26/05/2011,EVENING
5542,4,6,19,27,35,27/05/2011,EVENING
5543,4,7,16,18,35,28/05/2011,EVENING
5544,4,25,29,31,36,29/05/2011,EVENING
5545,2,5,20,29,32,30/05/2011,EVENING
5546,1,21,22,26,34,31/05/2011,EVENING
5547,9,19,23,30,32,01/06/2011,EVENING
5548,3,5,8,16,19,02/06/2011,EVENING
5549,2,4,6,7,16,03/06/2011,EVENING
5550,1,20,21,25,30,04/06/2011,EVENING
5551,7,14,20,22,31,05/06/2011,EVENING
5552,4,7,15,21,24,06/06/2011,EVENING
5553,4,12,14,18,30,07/06/2011,EVENING
5554,4,14,22,34,36,08/06/2011,EVENING
5555,4,10,24,32,34,09/06/2011,EVENING
5556,2,15,16,19,28,10/06/2011,EVENING
5557,7,8,15,22,36,11/06/2011,EVENING
5558,9,16,27,28,35,12/06/2011,EVENING
5559,2,5,12,22,34,13/06/2011,EVENING
5560,1,7,12,19,32,14/06/2011,EVENING
5561,1,7,11,12,17,15/06/2011,EVENING
5562,1,15,17,21,32,16/06/2011,EVENING
5563,6,13,18,25,36,17/06/2011,EVENING
5564,9,12,20,22,35,18/06/2011,EVENING
5565,2,7,12,17,28,19/06/2011,EVENING
5566,3,6,17,21,34,20/06/2011,EVENING
5567,8,10,27,29,33,21/06/2011,EVENING
5568,11,20,21,27,32,22/06/2011,EVENING
5569,1,3,7,11,22,23/06/2011,EVENING
5570,9,19,28,31,36,24/06/2011,EVENING
5571,23,24,26,32,33,25/06/2011,EVENING
5572,4,6,17,19,32,26/06/2011,EVENING
5573,16,22,25,29,36,27/06/2011,EVENING
5574,5,7,22,32,35,28/06/2011,EVENING
5575,1,19,24,26,36,29/06/2011,EVENING
5576,14,15,20,32,35,30/06/2011,EVENING
5577,11,15,22,26,29,01/07/2011,EVENING
5578,2,7,8,15,34,02/07/2011,EVENING
5579,2,16,21,23,29,03/07/2011,EVENING
5580,4,8,31,32,33,04/07/2011,EVENING
5581,11,16,21,22,26,05/07/2011,EVENING
5582,15,16,24,30,36,06/07/2011,EVENING
5583,4,6,11,12,26,07/07/2011,EVENING
5584,6,14,17,22,29,08/07/2011,EVENING
5585,2,18,25,26,28,09/07/2011,EVENING
5586,6,7,9,27,34,10/07/2011,EVENING
5587,7,18,20,22,34,11/07/2011,EVENING
5588,1,17,25,30,35,12/07/2011,EVENING
5589,1,15,24,30,34,13/07/2011,EVENING
5590,18,25,29,30,33,14/07/2011,EVENING
5591,3,9,14,20,21,15/07/2011,EVENING
5592,9,17,18,19,20,16/07/2011,EVENING
5593,3,14,15,32,34,17/07/2011,EVENING
5594,4,5,9,13,34,18/07/2011,EVENING
5595,22,24,26,29,34,19/07/2011,EVENING
5596,22,27,31,32,36,20/07/2011,EVENING
5597,6,11,14,15,24,21/07/2011,EVENING
5598,6,14,17,24,25,22/07/2011,EVENING
5599,1,7,13,20,28,23/07/2011,EVENING
5600,1,6,13,16,22,24/07/2011,EVENING
5601,4,10,11,15,20,25/07/2011,EVENING
5602,5,6,7,10,17,26/07/2011,EVENING
5603,3,5,9,24,30,27/07/2011,EVENING
5604,5,10,15,21,27,28/07/2011,EVENING
5605,3,4,12,23,24,29/07/2011,EVENING
5606,7,15,18,21,33,30/07/2011,EVENING
5607,6,10,11,20,34,31/07/2011,EVENING
5608,1,14,23,34,35,01/08/2011,EVENING
5609,8,12,24,29,31,02/08/2011,EVENING
5610,4,21,22,31,34,03/08/2011,EVENING
5611,15,20,30,34,35,04/08/2011,EVENING
5612,1,5,18,27,36,05/08/2011,EVENING
5613,3,10,15,27,35,06/08/2011,EVENING
5614,4,20,26,29,34,07/08/2011,EVENING
5615,1,2,7,11,21,08/08/2011,EVENING
5616,26,31,33,34,36,09/08/2011,EVENING
5617,7,16,19,29,34,10/08/2011,EVENING
5618,3,11,21,32,33,11/08/2011,EVENING
5619,11,15,32,33,36,12/08/2011,EVENING
5620,6,14,17,30,32,13/08/2011,EVENING
5621,4,7,8,10,35,14/08/2011,EVENING
5622,4,20,26,30,34,15/08/2011,EVENING
5623,15,16,18,22,36,16/08/2011,EVENING
5624,5,11,19,23,26,17/08/2011,EVENING
5625,5,6,8,23,32,18/08/2011,EVENING
5626,4,11,15,21,22,19/08/2011,EVENING
5627,4,14,21,31,34,20/08/2011,EVENING
5628,3,7,17,18,28,21/08/2011,EVENING
5629,4,8,18,26,27,22/08/2011,EVENING
5630,1,12,31,33,34,23/08/2011,EVENING
5631,4,11,18,33,34,24/08/2011,EVENING
5632,5,13,15,18,22,25/08/2011,EVENING
5633,11,14,17,29,35,26/08/2011,EVENING
5634,3,5,6,27,30,27/08/2011,EVENING
5635,3,6,25,29,31,28/08/2011,EVENING
5636,8,20,22,23,36,29/08/2011,EVENING
5637,13,15,17,28,34,30/08/2011,EVENING
5638,9,23,24,25,30,31/08/2011,EVENING
5639,4,11,14,15,25,01/09/2011,EVENING
5640,8,12,21,32,34,02/09/2011,EVENING
5641,3,4,11,14,15,03/09/2011,EVENING
5642,8,9,19,32,33,04/09/2011,EVENING
5643,3,12,19,23,34,05/09/2011,EVENING
5644,10,18,21,30,31,06/09/2011,EVENING
5645,13,15,19,20,29,07/09/2011,EVENING
5646,2,13,16,19,31,08/09/2011,EVENING
5647,1,8,18,21,22,09/09/2011,EVENING
5648,3,7,22,23,33,10/09/2011,EVENING
5649,1,11,12,18,19,11/09/2011,EVENING
5650,15,18,23,24,26,12/09/2011,EVENING
5651,8,10,11,15,16,13/09/2011,EVENING
5652,5,11,14,16,31,14/09/2011,EVENING
5653,1,12,17,26,35,15/09/2011,EVENING
5654,11,18,27,31,36,16/09/2011,EVENING
5655,4,13,14,19,25,17/09/2011,EVENING
5656,4,11,20,24,33,18/09/2011,EVENING
5657,11,15,20,24,29,19/09/2011,EVENING
5658,1,2,16,17,19,20/09/2011,EVENING
5659,3,16,19,28,29,21/09/2011,EVENING
5660,3,16,17,20,34,22/09/2011,EVENING
5661,16,17,18,29,36,23/09/2011,EVENING
5662,2,3,10,20,34,24/09/2011,EVENING
5663,1,11,16,21,34,25/09/2011,EVENING
5664,9,11,12,24,26,26/09/2011,EVENING
5665,10,12,14,18,36,27/09/2011,EVENING
5666,11,12,29,34,36,28/09/2011,EVENING
5667,5,13,18,21,26,29/09/2011,EVENING
5668,3,18,29,30,36,30/09/2011,EVENING
5669,5,9,15,21,30,01/10/2011,EVENING
5670,19,22,27,28,36,02/10/2011,EVENING
5671,16,25,28,31,36,03/10/2011,EVENING
5672,5,21,28,30,36,04/10/2011,EVENING
5673,1,14,16,27,32,05/10/2011,EVENING
5674,3,11,14,25,30,06/10/2011,EVENING
5675,2,4,6,7,33,07/10/2011,EVENING
5676,3,26,28,29,33,08/10/2011,EVENING
5677,5,8,11,19,34,09/10/2011,EVENING
5678,5,7,8,18,19,10/10/2011,EVENING
5679,4,6,10,15,32,11/10/2011,EVENING
5680,6,12,19,31,36,12/10/2011,EVENING
5681,12,13,16,33,35,13/10/2011,EVENING
5682,1,3,21,25,26,14/10/2011,EVENING
5683,3,4,6,15,26,15/10/2011,EVENING
5684,1,21,24,28,30,16/10/2011,EVENING
5685,6,9,10,11,21,17/10/2011,EVENING
5686,2,9,23,25,36,18/10/2011,EVENING
5687,1,9,23,26,36,19/10/2011,EVENING
5688,2,13,15,26,27,20/10/2011,EVENING
5689,13,14,17,20,35,21/10/2011,EVENING
5690,6,8,14,25,26,22/10/2011,EVENING
5691,6,12,26,30,35,23/10/2011,EVENING
5692,11,12,17,31,33,24/10/2011,EVENING
5693,7,15,21,27,35,25/10/2011,EVENING
5694,3,5,10,17,31,26/10/2011,EVENING
5695,6,12,17,18,22,27/10/2011,EVENING
5696,1,7,18,22,28,28/10/2011,EVENING
5697,6,14,19,21,26,29/10/2011,EVENING
5698,2,6,9,25,32,30/10/2011,EVENING
5699,6,23,28,30,34,31/10/2011,EVENING
5700,4,7,19,21,22,01/11/2011,EVENING
5701,10,18,24,31,34,02/11/2011,EVENING
5702,3,11,15,24,36,03/11/2011,EVENING
5703,9,16,26,32,33,04/11/2011,EVENING
5704,10,23,26,28,36,05/11/2011,EVENING
5705,2,10,12,15,28,06/11/2011,EVENING
5706,7,9,20,22,28,07/11/2011,EVENING
5707,3,6,9,19,28,08/11/2011,EVENING
5708,2,5,15,29,31,09/11/2011,EVENING
5709,1,17,18,26,31,10/11/2011,EVENING
5710,17,18,19,24,36,11/11/2011,EVENING
5711,12,14,21,28,35,12/11/2011,EVENING
5712,1,14,21,25,34,13/11/2011,EVENING
5713,12,16,20,21,24,14/11/2011,EVENING
5714,1,2,8,21,23,15/11/2011,EVENING
5715,8,22,27,32,33,16/11/2011,EVENING
5716,9,11,24,26,28,17/11/2011,EVENING
5717,1,4,16,29,30,18/11/2011,EVENING
5718,8,15,18,33,34,19/11/2011,EVENING
5719,10,21,27,28,29,20/11/2011,EVENING
5720,3,4,17,27,29,21/11/2011,EVENING
5721,2,9,28,29,35,22/11/2011,EVENING
5722,7,13,21,26,28,23/11/2011,EVENING
5723,3,9,11,28,33,24/11/2011,EVENING
5724,3,7,13,23,24,25/11/2011,EVENING
5725,5,15,19,29,35,26/11/2011,EVENING
5726,2,11,12,13,28,27/11/2011,EVENING
5727,5,15,18,28,32,28/11/2011,EVENING
5728,5,8,9,23,28,29/11/2011,EVENING
5729,2,25,27,28,30,30/11/2011,EVENING
5730,5,27,28,32,33,01/12/2011,EVENING
5731,1,2,8,13,26,02/12/2011,EVENING
5732,13,19,21,24,30,03/12/2011,EVENING
5733,4,7,13,24,33,04/12/2011,EVENING
5734,1,6,13,15,31,05/12/2011,EVENING
5735,1,6,23,24,26,06/12/2011,EVENING
5736,2,3,4,12,19,07/12/2011,EVENING
5737,6,9,17,25,26,08/12/2011,EVENING
5738,2,9,24,29,33,09/12/2011,EVENING
5739,6,19,28,31,33,10/12/2011,EVENING
5740,9,19,29,32,33,11/12/2011,EVENING
5741,16,20,25,27,35,12/12/2011,EVENING
5742,1,2,12,34,36,13/12/2011,EVENING
5743,2,3,5,6,30,14/12/2011,EVENING
5744,6,16,18,23,33,15/12/2011,EVENING
5745,3,15,18,20,21,16/12/2011,EVENING
5746,6,16,21,24,25,17/12/2011,EVENING
5747,14,16,17,24,36,18/12/2011,EVENING
5748,3,4,8,18,28,19/12/2011,EVENING
5749,8,19,26,35,36,20/12/2011,EVENING
5750,1,3,7,20,29,21/12/2011,EVENING
5751,3,10,15,18,21,22/12/2011,EVENING
5752,7,12,19,27,28,23/12/2011,EVENING
5753,13,14,18,30,32,24/12/2011,EVENING
5754,2,12,23,24,32,25/12/2011,EVENING
5755,24,25,27,29,36,26/12/2011,EVENING
5756,4,9,21,34,36,27/12/2011,EVENING
5757,3,4,7,10,31,28/12/2011,EVENING
5758,2,27,28,31,35,29/12/2011,EVENING
5759,12,17,22,30,32,30/12/2011,EVENING
5760,13,14,19,20,32,31/12/2011,EVENING
5761,8,15,16,24,31,01/01/2012,EVENING
5762,8,13,29,32,34,02/01/2012,EVENING
5763,1,5,8,32,36,03/01/2012,EVENING
5764,9,16,17,21,32,04/01/2012,EVENING
5765,3,9,17,26,36,05/01/2012,EVENING
5766,3,10,22,29,36,06/01/2012,EVENING
5767,5,16,20,23,29,07/01/2012,EVENING
5768,1,5,7,11,23,08/01/2012,EVENING
5769,2,4,12,29,36,09/01/2012,EVENING
5770,9,16,25,26,32,10/01/2012,EVENING
5771,3,7,8,12,30,11/01/2012,EVENING
5772,1,2,13,20,26,12/01/2012,EVENING
5773,1,5,12,16,22,13/01/2012,EVENING
5774,6,11,21,31,34,14/01/2012,EVENING
5775,2,8,12,13,30,15/01/2012,EVENING
5776,8,9,20,23,36,16/01/2012,EVENING
5777,15,16,18,23,24,17/01/2012,EVENING
5778,2,7,9,14,23,18/01/2012,EVENING
5779,11,18,22,29,30,19/01/2012,EVENING
5780,4,14,16,21,36,20/01/2012,EVENING
5781,8,27,33,34,35,21/01/2012,EVENING
5782,8,9,10,14,32,22/01/2012,EVENING
5783,1,14,21,29,30,23/01/2012,EVENING
5784,14,15,17,25,32,24/01/2012,EVENING
5785,7,8,23,34,36,25/01/2012,EVENING
5786,9,13,15,22,30,26/01/2012,EVENING
5787,4,5,14,22,24,27/01/2012,EVENING
5788,17,23,24,32,36,28/01/2012,EVENING
5789,3,6,18,27,34,29/01/2012,EVENING
5790,1,6,18,28,35,30/01/2012,EVENING
5791,3,10,15,28,29,31/01/2012,EVENING
5792,6,19,24,32,36,01/02/2012,EVENING
5793,2,7,19,27,32,02/02/2012,EVENING
5794,3,16,18,28,35,03/02/2012,EVENING
5795,4,10,21,34,36,04/02/2012,EVENING
5796,10,21,23,26,27,05/02/2012,EVENING
5797,5,8,9,13,18,06/02/2012,EVENING
5798,1,4,14,22,29,07/02/2012,EVENING
5799,4,18,30,34,36,08/02/2012,EVENING
5800,10,18,21,30,36,09/02/2012,EVENING
5801,3,20,22,23,30,10/02/2012,EVENING
5802,2,6,9,12,25,11/02/2012,EVENING
5803,6,10,21,28,35,12/02/2012,EVENING
5804,6,18,25,34,35,13/02/2012,EVENING
5805,1,2,5,15,35,14/02/2012,EVENING
5806,3,9,26,29,31,15/02/2012,EVENING
5807,1,10,26,29,30,16/02/2012,EVENING
5808,7,19,22,28,29,17/02/2012,EVENING
5809,1,2,10,23,27,18/02/2012,EVENING
5810,3,7,9,12,27,19/02/2012,EVENING
5811,10,18,27,30,35,20/02/2012,EVENING
5812,6,18,20,23,35,21/02/2012,EVENING
5813,5,21,31,33,34,22/02/2012,EVENING
5814,2,10,20,28,30,23/02/2012,EVENING
5815,13,20,23,28,33,24/02/2012,EVENING
5816,2,15,25,31,34,25/02/2012,EVENING
5817,1,9,13,14,19,26/02/2012,EVENING
5818,1,6,8,19,34,27/02/2012,EVENING
5819,4,11,14,24,30,28/02/2012,EVENING
5820,1,13,17,29,34,29/02/2012,EVENING
5821,1,2,4,16,22,01/03/2012,EVENING
5822,4,6,7,18,28,02/03/2012,EVENING
5823,1,3,7,13,17,03/03/2012,EVENING
5824,10,12,18,24,35,04/03/2012,EVENING
5825,7,11,20,27,28,05/03/2012,EVENING
5826,1,16,19,32,33,06/03/2012,EVENING
5827,1,9,27,29,36,07/03/2012,EVENING
5828,16,27,28,34,35,08/03/2012,EVENING
5829,3,8,11,33,34,09/03/2012,EVENING
5830,11,13,23,31,34,10/03/2012,EVENING
5831,9,14,16,21,29,11/03/2012,EVENING
5832,6,7,12,30,36,12/03/2012,EVENING
5833,5,6,11,28,35,13/03/2012,EVENING
5834,10,12,13,14,25,14/03/2012,EVENING
5835,5,9,24,29,34,15/03/2012,EVENING
5836,1,11,18,19,27,16/03/2012,EVENING
5837,10,14,23,28,29,17/03/2012,EVENING
5838,6,10,16,28,29,18/03/2012,EVENING
5839,8,12,20,23,26,19/03/2012,EVENING
5840,4,5,17,27,32,20/03/2012,EVENING
5841,3,6,18,30,34,21/03/2012,EVENING
5842,8,18,20,23,29,22/03/2012,EVENING
5843,19,23,31,32,33,23/03/2012,EVENING
5844,1,6,11,34,36,24/03/2012,EVENING
5845,2,6,19,21,27,25/03/2012,EVENING
5846,5,12,19,28,29,26/03/2012,EVENING
5847,5,12,13,22,31,27/03/2012,EVENING
5848,10,19,27,31,34,28/03/2012,EVENING
5849,5,6,19,28,30,29/03/2012,EVENING
5850,3,14,17,21,23,30/03/2012,EVENING
5851,4,6,8,12,13,31/03/2012,EVENING
5852,7,19,21,23,26,01/04/2012,EVENING
5853,5,9,17,28,31,02/04/2012,EVENING
5854,6,7,16,17,24,03/04/2012,EVENING
5855,6,8,11,20,34,04/04/2012,EVENING
5856,10,20,23,26,30,05/04/2012,EVENING
5857,4,10,26,29,30,06/04/2012,EVENING
5858,14,16,24,26,36,07/04/2012,EVENING
5859,2,9,21,35,36,08/04/2012,EVENING
5860,4,11,17,21,36,09/04/2012,EVENING
5861,8,14,18,19,22,10/04/2012,EVENING
5862,6,18,20,22,31,11/04/2012,EVENING
5863,4,12,14,26,27,12/04/2012,EVENING
5864,1,18,19,25,34,13/04/2012,EVENING
5865,6,11,12,29,31,14/04/2012,EVENING
5866,4,10,11,13,15,15/04/2012,EVENING
5867,3,6,10,12,30,16/04/2012,EVENING
5868,1,2,9,13,17,17/04/2012,EVENING
5869,7,8,10,13,24,18/04/2012,EVENING
5870,2,12,18,19,20,19/04/2012,EVENING
5871,10,12,16,33,36,20/04/2012,EVENING
5872,3,4,10,18,27,21/04/2012,EVENING
5873,14,18,20,28,30,22/04/2012,EVENING
5874,9,11,20,21,35,23/04/2012,EVENING
5875,3,11,14,23,35,24/04/2012,EVENING
5876,1,10,11,12,16,25/04/2012,EVENING
5877,3,5,8,24,31,26/04/2012,EVENING
5878,3,10,16,24,33,27/04/2012,EVENING
5879,1,12,13,20,34,28/04/2012,EVENING
5880,14,17,20,23,31,29/04/2012,EVENING
5881,13,19,24,28,36,30/04/2012,EVENING
5882,4,14,19,24,30,01/05/2012,EVENING
5883,5,17,20,24,26,02/05/2012,EVENING
5884,8,16,22,29,34,03/05/2012,EVENING
5885,2,4,7,13,30,04/05/2012,EVENING
5886,7,14,16,21,36,05/05/2012,EVENING
5887,13,30,33,34,35,06/05/2012,EVENING
5888,9,20,28,31,33,07/05/2012,EVENING
5889,3,21,23,25,36,08/05/2012,EVENING
5890,3,11,12,26,33,09/05/2012,EVENING
5891,14,16,26,32,34,10/05/2012,EVENING
5892,21,32,33,34,36,11/05/2012,EVENING
5893,4,6,11,16,26,12/05/2012,EVENING
5894,9,14,17,22,27,13/05/2012,EVENING
5895,2,22,32,33,35,14/05/2012,EVENING
5896,4,8,17,18,26,15/05/2012,EVENING
5897,2,5,9,18,34,16/05/2012,EVENING
5898,3,4,5,25,31,17/05/2012,EVENING
5899,7,20,24,32,34,18/05/2012,EVENING
5900,6,13,27,29,31,19/05/2012,EVENING
5901,4,6,7,11,23,20/05/2012,EVENING
5902,4,6,10,13,24,21/05/2012,EVENING
5903,6,9,10,18,20,22/05/2012,EVENING
5904,18,21,26,30,31,23/05/2012,EVENING
5905,1,3,16,20,32,24/05/2012,EVENING
5906,5,8,11,16,34,25/05/2012,EVENING
5907,6,12,17,31,36,26/05/2012,EVENING
5908,6,15,17,30,32,27/05/2012,EVENING
5909,4,13,17,20,28,28/05/2012,EVENING
5910,2,5,20,32,33,29/05/2012,EVENING
5911,5,13,21,27,31,30/05/2012,EVENING
5912,1,3,21,24,33,31/05/2012,EVENING
5913,9,19,23,26,29,01/06/2012,EVENING
5914,5,12,16,24,29,02/06/2012,EVENING
5915,17,21,22,26,34,03/06/2012,EVENING
5916,2,11,28,29,30,04/06/2012,EVENING
5917,1,5,7,19,27,05/06/2012,EVENING
5918,8,13,16,22,24,06/06/2012,EVENING
5919,3,10,11,13,27,07/06/2012,EVENING
5920,2,24,27,29,30,08/06/2012,EVENING
5921,4,19,22,29,34,09/06/2012,EVENING
5922,13,19,20,26,35,10/06/2012,EVENING
5923,2,3,14,15,34,11/06/2012,EVENING
5924,2,10,14,21,33,12/06/2012,EVENING
5925,25,27,28,31,34,13/06/2012,EVENING
5926,16,17,23,33,35,14/06/2012,EVENING
5927,10,21,23,28,36,15/06/2012,EVENING
5928,6,8,17,32,33,16/06/2012,EVENING
5929,2,9,29,30,33,17/06/2012,EVENING
5930,21,22,26,29,32,18/06/2012,EVENING
5931,13,15,22,27,28,19/06/2012,EVENING
5932,2,16,17,28,31,20/06/2012,EVENING
5933,1,4,16,21,22,21/06/2012,EVENING
5934,4,10,13,21,30,22/06/2012,EVENING
5935,3,8,18,30,34,23/06/2012,EVENING
5936,2,14,27,30,35,24/06/2012,EVENING
5937,1,5,7,8,24,25/06/2012,EVENING
5938,9,23,24,26,29,26/06/2012,EVENING
5939,10,14,23,31,34,27/06/2012,EVENING
5940,5,7,18,21,24,28/06/2012,EVENING
5941,1,3,19,26,29,29/06/2012,EVENING
5942,13,16,22,25,30,30/06/2012,EVENING
5943,12,19,21,23,31,01/07/2012,EVENING
5944,20,23,27,28,36,02/07/2012,EVENING
5945,2,5,21,26,35,03/07/2012,EVENING
5946,1,6,10,15,36,04/07/2012,EVENING
5947,7,20,29,31,36,05/07/2012,EVENING
5948,2,17,22,27,33,06/07/2012,EVENING
5949,5,14,21,23,29,07/07/2012,EVENING
5950,2,21,30,31,32,08/07/2012,EVENING
5951,15,21,23,27,29,09/07/2012,EVENING
5952,2,10,14,19,31,10/07/2012,EVENING
5953,9,14,15,29,30,11/07/2012,EVENING
5954,5,11,19,27,36,12/07/2012,EVENING
5955,3,7,17,19,23,13/07/2012,EVENING
5956,1,8,19,26,31,14/07/2012,EVENING
5957,1,6,14,15,34,15/07/2012,EVENING
5958,1,13,19,20,29,16/07/2012,EVENING
5959,10,12,16,17,34,17/07/2012,EVENING
5960,2,17,32,34,35,18/07/2012,EVENING
5961,5,15,16,19,20,19/07/2012,EVENING
5962,2,9,12,28,34,20/07/2012,EVENING
5963,8,10,11,22,27,21/07/2012,EVENING
5964,2,10,11,14,18,22/07/2012,EVENING
5965,6,14,21,29,36,23/07/2012,EVENING
5966,1,6,14,28,33,24/07/2012,EVENING
5967,9,11,22,23,36,25/07/2012,EVENING
5968,7,19,23,27,35,26/07/2012,EVENING
5969,1,5,11,29,32,27/07/2012,EVENING
5970,15,28,32,34,36,28/07/2012,EVENING
5971,16,19,20,23,30,29/07/2012,EVENING
5972,8,19,27,28,30,30/07/2012,EVENING
5973,3,12,20,22,28,31/07/2012,EVENING
5974,1,15,21,26,35,01/08/2012,EVENING
5975,5,14,15,28,29,02/08/2012,EVENING
5976,1,10,14,26,34,03/08/2012,EVENING
5977,5,9,15,30,31,04/08/2012,EVENING
5978,5,11,13,18,22,05/08/2012,EVENING
5979,3,7,22,29,34,06/08/2012,EVENING
5980,4,7,12,23,32,07/08/2012,EVENING
5981,10,14,16,22,32,08/08/2012,EVENING
5982,3,8,9,13,18,09/08/2012,EVENING
5983,2,6,32,33,34,10/08/2012,EVENING
5984,17,18,27,31,34,11/08/2012,EVENING
5985,10,16,17,20,21,12/08/2012,EVENING
5986,20,22,23,31,33,13/08/2012,EVENING
5987,1,7,13,23,32,14/08/2012,EVENING
5988,1,7,18,25,30,15/08/2012,EVENING
5989,1,2,12,19,29,16/08/2012,EVENING
5990,4,9,10,14,25,17/08/2012,EVENING
5991,3,6,14,29,34,18/08/2012,EVENING
5992,9,14,16,21,35,19/08/2012,EVENING
5993,11,12,13,16,21,20/08/2012,EVENING
5994,2,17,20,25,30,21/08/2012,EVENING
5995,8,11,16,20,34,22/08/2012,EVENING
5996,2,8,11,13,29,23/08/2012,EVENING
5997,1,10,17,19,22,24/08/2012,EVENING
5998,9,11,13,29,34,25/08/2012,EVENING
5999,2,14,18,21,35,26/08/2012,EVENING
6000,1,13,19,20,26,27/08/2012,EVENING
6001,1,3,5,7,9,28/08/2012,EVENING
6002,6,20,23,27,30,29/08/2012,EVENING
6003,1,5,16,19,34,30/08/2012,EVENING
6004,2,12,26,27,28,31/08/2012,EVENING
6005,14,18,19,23,33,01/09/2012,EVENING
6006,7,13,31,34,36,02/09/2012,EVENING
6007,2,7,10,27,34,03/09/2012,EVENING
6008,10,20,21,24,26,04/09/2012,EVENING
6009,2,10,13,35,36,05/09/2012,EVENING
6010,12,13,14,23,36,06/09/2012,EVENING
6011,14,22,28,32,34,07/09/2012,EVENING
6012,1,4,6,23,25,08/09/2012,EVENING
6013,3,10,22,25,29,09/09/2012,EVENING
6014,3,5,18,19,21,10/09/2012,EVENING
6015,8,12,18,26,30,11/09/2012,EVENING
6016,13,21,23,29,35,12/09/2012,EVENING
6017,5,12,20,21,27,13/09/2012,EVENING
6018,6,16,20,22,25,14/09/2012,EVENING
6019,2,4,12,21,31,15/09/2012,EVENING
6020,9,10,11,18,35,16/09/2012,EVENING
6021,3,22,27,33,34,17/09/2012,EVENING
6022,5,6,15,33,35,18/09/2012,EVENING
6023,15,18,30,32,35,19/09/2012,EVENING
6024,17,19,20,24,33,20/09/2012,EVENING
6025,9,27,30,33,36,21/09/2012,EVENING
6026,17,20,23,25,33,22/09/2012,EVENING
6027,3,7,13,28,30,23/09/2012,EVENING
6028,4,5,17,26,32,24/09/2012,EVENING
6029,1,12,16,29,30,25/09/2012,EVENING
6030,10,20,24,27,32,26/09/2012,EVENING
6031,1,3,25,29,31,27/09/2012,EVENING
6032,3,11,18,20,30,28/09/2012,EVENING
6033,4,18,21,26,30,29/09/2012,EVENING
6034,4,10,11,15,35,30/09/2012,EVENING
6035,11,20,21,22,33,01/10/2012,EVENING
6036,4,18,19,23,28,02/10/2012,EVENING
6037,2,10,23,27,36,03/10/2012,EVENING
6038,3,7,13,25,35,04/10/2012,EVENING
6039,4,7,16,21,31,05/10/2012,EVENING
6040,4,5,19,27,32,06/10/2012,EVENING
6041,8,25,31,34,36,07/10/2012,EVENING
6042,2,5,10,22,24,08/10/2012,EVENING
6043,5,17,23,28,30,09/10/2012,EVENING
6044,2,10,24,29,34,10/10/2012,EVENING
6045,5,7,12,14,15,11/10/2012,EVENING
6046,11,22,28,30,35,12/10/2012,EVENING
6047,3,25,26,33,36,13/10/2012,EVENING
6048,11,24,26,27,35,14/10/2012,EVENING
6049,9,14,16,23,26,15/10/2012,EVENING
6050,5,9,11,15,36,16/10/2012,EVENING
6051,2,9,11,29,35,17/10/2012,EVENING
6052,16,22,23,25,31,18/10/2012,EVENING
6053,3,10,14,29,32,19/10/2012,EVENING
6054,4,6,8,24,28,20/10/2012,EVENING
6055,2,7,24,27,30,21/10/2012,EVENING
6056,5,6,17,31,34,22/10/2012,EVENING
6057,4,10,24,28,33,23/10/2012,EVENING
6058,6,17,19,24,33,24/10/2012,EVENING
6059,6,8,9,11,17,25/10/2012,EVENING
6060,6,8,17,27,36,26/10/2012,EVENING
6061,1,5,19,28,32,27/10/2012,EVENING
6062,2,5,6,7,31,28/10/2012,EVENING
6063,8,12,22,26,31,29/10/2012,EVENING
6064,10,12,20,33,36,30/10/2012,EVENING
6065,2,11,12,19,27,31/10/2012,EVENING
6066,1,3,23,33,36,01/11/2012,EVENING
6067,23,24,30,33,34,02/11/2012,EVENING
6068,1,7,25,30,33,03/11/2012,EVENING
6069,11,12,13,19,31,04/11/2012,EVENING
6070,5,16,19,21,28,05/11/2012,EVENING
6071,12,23,26,34,35,06/11/2012,EVENING
6072,1,19,25,28,29,07/11/2012,EVENING
6073,2,12,19,31,35,08/11/2012,EVENING
6074,8,10,12,21,31,09/11/2012,EVENING
6075,3,10,19,20,24,10/11/2012,EVENING
6076,5,19,22,29,32,11/11/2012,EVENING
6077,4,11,13,18,35,12/11/2012,EVENING
6078,17,20,21,24,36,13/11/2012,EVENING
6079,6,7,21,26,36,14/11/2012,EVENING
6080,9,16,27,31,36,15/11/2012,EVENING
6081,2,9,10,19,21,16/11/2012,EVENING
6082,2,3,17,33,36,17/11/2012,EVENING
6083,4,7,17,27,29,18/11/2012,EVENING
6084,2,7,24,26,31,19/11/2012,EVENING
6085,13,16,17,28,34,20/11/2012,EVENING
6086,1,22,28,35,36,21/11/2012,EVENING
6087,3,4,29,32,36,22/11/2012,EVENING
6088,16,17,20,25,31,23/11/2012,EVENING
6089,6,17,26,31,34,24/11/2012,EVENING
6090,3,4,8,9,10,25/11/2012,EVENING
6091,11,17,18,27,33,26/11/2012,EVENING
6092,2,4,7,10,17,27/11/2012,EVENING
6093,6,9,11,32,34,28/11/2012,EVENING
6094,1,13,17,25,36,29/11/2012,EVENING
6095,8,18,25,28,34,30/11/2012,EVENING
6096,13,22,26,27,34,01/12/2012,EVENING
6097,3,10,17,26,32,02/12/2012,EVENING
6098,6,10,24,25,29,03/12/2012,EVENING
6099,14,23,26,28,30,04/12/2012,EVENING
6100,3,6,18,19,21,05/12/2012,EVENING
6101,2,11,24,30,31,06/12/2012,EVENING
6102,6,9,18,21,24,07/12/2012,EVENING
6103,9,22,29,30,33,08/12/2012,EVENING
6104,1,7,12,20,24,09/12/2012,EVENING
6105,2,12,24,28,34,10/12/2012,EVENING
6106,1,2,20,32,35,11/12/2012,EVENING
6107,4,7,8,18,34,12/12/2012,EVENING
6108,3,16,22,24,34,13/12/2012,EVENING
6109,9,17,20,22,25,14/12/2012,EVENING
6110,1,6,10,25,31,15/12/2012,EVENING
6111,8,16,17,19,26,16/12/2012,EVENING
6112,7,11,19,28,33,17/12/2012,EVENING
6113,2,5,15,19,23,18/12/2012,EVENING
6114,1,16,19,20,28,19/12/2012,EVENING
6115,7,12,22,27,29,20/12/2012,EVENING
6116,4,11,14,23,25,21/12/2012,EVENING
6117,4,7,8,18,27,22/12/2012,EVENING
6118,1,2,3,13,17,23/12/2012,EVENING
6119,5,14,22,23,28,24/12/2012,EVENING
6120,1,30,32,33,36,25/12/2012,EVENING
6121,13,14,19,33,35,26/12/2012,EVENING
6122,4,14,22,24,27,27/12/2012,EVENING
6123,3,6,16,17,28,28/12/2012,EVENING
6124,4,9,21,25,27,29/12/2012,EVENING
6125,7,16,19,27,33,30/12/2012,EVENING
6126,3,13,14,24,36,31/12/2012,EVENING
6127,9,19,20,22,27,01/01/2013,EVENING
6128,10,11,12,25,32,02/01/2013,EVENING
6129,1,12,19,30,36,03/01/2013,EVENING
6130,1,4,8,10,27,04/01/2013,EVENING
6131,1,4,13,15,19,05/01/2013,EVENING
6132,11,15,20,23,26,06/01/2013,EVENING
6133,2,10,11,14,35,07/01/2013,EVENING
6134,1,17,21,22,28,08/01/2013,EVENING
6135,12,14,16,24,29,09/01/2013,EVENING
6136,6,7,8,27,30,10/01/2013,EVENING
6137,7,25,27,35,36,11/01/2013,EVENING
6138,1,4,13,18,30,12/01/2013,EVENING
6139,4,5,7,19,24,13/01/2013,EVENING
6140,8,14,17,27,34,14/01/2013,EVENING
6141,5,8,13,28,32,15/01/2013,EVENING
6142,6,9,10,12,31,16/01/2013,EVENING
6143,1,25,26,30,35,17/01/2013,EVENING
6144,2,7,11,12,36,18/01/2013,EVENING
6145,9,24,25,27,33,19/01/2013,EVENING
6146,6,12,29,31,33,20/01/2013,EVENING
6147,14,23,27,29,33,21/01/2013,EVENING
6148,15,20,23,29,35,22/01/2013,EVENING
6149,1,19,20,32,35,23/01/2013,EVENING
6150,7,14,18,23,29,24/01/2013,EVENING
6151,8,9,30,35,36,25/01/2013,EVENING
6152,6,7,9,17,24,26/01/2013,EVENING
6153,10,11,13,20,35,27/01/2013,EVENING
6154,12,15,16,27,31,28/01/2013,EVENING
6155,2,3,5,17,24,29/01/2013,EVENING
6156,12,13,14,27,36,30/01/2013,EVENING
6157,3,15,16,29,33,31/01/2013,EVENING
6158,1,9,15,32,35,01/02/2013,EVENING
6159,10,13,25,26,27,02/02/2013,EVENING
6160,1,3,18,21,34,03/02/2013,EVENING
6161,2,7,16,23,32,04/02/2013,EVENING
6162,1,6,10,15,32,05/02/2013,EVENING
6163,8,10,15,20,33,06/02/2013,EVENING
6164,19,26,29,31,32,07/02/2013,EVENING
6165,9,10,12,14,36,08/02/2013,EVENING
6166,1,3,16,18,25,09/02/2013,EVENING
6167,5,9,13,23,30,10/02/2013,EVENING
6168,3,8,9,14,31,11/02/2013,EVENING
6169,8,10,14,19,21,12/02/2013,EVENING
6170,8,18,20,27,30,13/02/2013,EVENING
6171,4,7,13,15,34,14/02/2013,EVENING
6172,6,15,16,23,27,15/02/2013,EVENING
6173,11,26,33,34,36,16/02/2013,EVENING
6174,2,7,8,27,30,17/02/2013,EVENING
6175,13,15,17,20,24,18/02/2013,EVENING
6176,10,25,30,35,36,19/02/2013,EVENING
6177,2,3,14,24,33,20/02/2013,EVENING
6178,3,13,15,28,33,21/02/2013,EVENING
6179,9,22,27,29,31,22/02/2013,EVENING
6180,13,26,28,31,33,23/02/2013,EVENING
6181,3,19,24,32,35,24/02/2013,EVENING
6182,5,21,27,34,35,25/02/2013,EVENING
6183,9,19,27,29,32,26/02/2013,EVENING
6184,4,12,14,25,35,27/02/2013,EVENING
6185,5,6,17,24,30,28/02/2013,EVENING
6186,13,16,23,25,27,01/03/2013,EVENING
6187,5,18,23,24,28,02/03/2013,EVENING
6188,6,13,14,24,27,03/03/2013,EVENING
6189,14,18,20,30,35,04/03/2013,EVENING
6190,16,24,33,35,36,05/03/2013,EVENING
6191,16,26,27,34,35,06/03/2013,EVENING
6192,8,9,18,21,32,07/03/2013,EVENING
6193,13,28,30,32,35,08/03/2013,EVENING
6194,5,7,11,12,27,09/03/2013,EVENING
6195,5,12,13,28,33,10/03/2013,EVENING
6196,5,7,16,29,32,11/03/2013,EVENING
6197,2,17,26,28,31,12/03/2013,EVENING
6198,8,21,25,30,35,13/03/2013,EVENING
6199,7,11,13,16,34,14/03/2013,EVENING
6200,17,18,27,29,30,15/03/2013,EVENING
6201,5,8,20,24,25,16/03/2013,EVENING
6202,1,6,11,21,31,17/03/2013,EVENING
6203,12,20,25,26,30,18/03/2013,EVENING
6204,1,11,13,25,30,19/03/2013,EVENING
6205,15,17,19,23,35,20/03/2013,EVENING
6206,1,6,10,21,26,21/03/2013,EVENING
6207,5,6,7,9,19,22/03/2013,EVENING
6208,2,19,20,30,34,23/03/2013,EVENING
6209,5,12,16,23,27,24/03/2013,EVENING
6210,11,19,22,24,35,25/03/2013,EVENING
6211,4,14,22,32,33,26/03/2013,EVENING
6212,2,10,19,20,21,27/03/2013,EVENING
6213,1,5,6,12,34,28/03/2013,EVENING
6214,10,26,27,29,36,29/03/2013,EVENING
6215,3,29,31,32,34,30/03/2013,EVENING
6216,12,18,19,25,33,31/03/2013,EVENING
6217,16,25,27,28,29,01/04/2013,EVENING
6218,2,13,17,28,35,02/04/2013,EVENING
6219,7,10,17,19,22,03/04/2013,EVENING
6220,8,21,32,33,34,04/04/2013,EVENING
6221,1,11,12,28,30,05/04/2013,EVENING
6222,2,4,15,30,34,06/04/2013,EVENING
6223,6,13,26,31,34,07/04/2013,EVENING
6224,13,17,19,28,32,08/04/2013,EVENING
6225,15,21,23,26,29,09/04/2013,EVENING
6226,9,11,12,18,30,10/04/2013,EVENING
6227,9,20,24,30,36,11/04/2013,EVENING
6228,7,17,20,31,35,12/04/2013,EVENING
6229,7,8,9,17,28,13/04/2013,EVENING
6230,1,17,26,30,36,14/04/2013,EVENING
6231,5,15,29,30,32,15/04/2013,EVENING
6232,3,9,18,21,27,16/04/2013,EVENING
6233,7,8,9,31,32,17/04/2013,EVENING
6234,1,9,24,32,33,18/04/2013,EVENING
6235,12,16,20,24,33,19/04/2013,EVENING
6236,4,9,17,31,32,20/04/2013,EVENING
6237,1,5,7,16,32,21/04/2013,EVENING
6238,1,12,25,29,34,22/04/2013,EVENING
6239,7,10,19,24,31,23/04/2013,EVENING
6240,2,15,17,23,28,24/04/2013,EVENING
6241,5,13,18,21,35,25/04/2013,EVENING
6242,9,10,22,26,32,26/04/2013,EVENING
6243,18,19,22,25,36,27/04/2013,EVENING
6244,4,11,26,29,35,28/04/2013,EVENING
6245,7,9,16,19,32,29/04/2013,EVENING
6246,2,10,12,20,22,30/04/2013,EVENING
6247,10,13,15,24,35,01/05/2013,EVENING
6248,6,12,17,34,35,02/05/2013,EVENING
6249,2,4,12,14,28,03/05/2013,EVENING
6250,12,14,15,27,32,04/05/2013,EVENING
6251,4,5,14,16,20,05/05/2013,EVENING
6252,5,12,13,21,36,06/05/2013,EVENING
6253,3,8,13,15,28,07/05/2013,EVENING
6254,1,7,17,22,23,08/05/2013,EVENING
6255,20,22,24,34,35,09/05/2013,EVENING
6256,10,15,20,33,34,10/05/2013,EVENING
6257,13,19,28,29,33,11/05/2013,EVENING
6258,11,12,13,18,36,12/05/2013,EVENING
6259,13,16,27,33,35,13/05/2013,EVENING
6260,2,4,10,12,29,14/05/2013,EVENING
6261,2,15,21,31,34,15/05/2013,EVENING
6262,6,13,19,27,30,16/05/2013,EVENING
6263,1,5,9,16,29,17/05/2013,EVENING
6264,2,14,17,23,24,18/05/2013,EVENING
6265,5,21,22,27,33,19/05/2013,EVENING
6266,5,9,18,29,32,20/05/2013,EVENING
6267,4,5,6,9,29,21/05/2013,EVENING
6268,12,15,16,28,29,22/05/2013,EVENING
6269,18,22,23,33,36,23/05/2013,EVENING
6270,1,2,10,25,28,24/05/2013,EVENING
6271,3,8,19,28,35,25/05/2013,EVENING
6272,1,15,17,23,28,26/05/2013,EVENING
6273,1,10,19,24,33,27/05/2013,EVENING
6274,6,10,21,25,26,28/05/2013,EVENING
6275,1,5,16,21,34,29/05/2013,EVENING
6276,9,15,17,24,32,30/05/2013,EVENING
6277,19,20,25,27,35,31/05/2013,EVENING
6278,8,12,19,21,27,01/06/2013,EVENING
6279,4,11,15,27,28,02/06/2013,EVENING
6280,13,21,32,35,36,03/06/2013,EVENING
6281,4,11,12,26,31,04/06/2013,EVENING
6282,1,5,7,9,28,05/06/2013,EVENING
6283,7,20,22,26,29,06/06/2013,EVENING
6284,9,11,24,29,31,07/06/2013,EVENING
6285,3,8,9,18,27,08/06/2013,EVENING
6286,3,16,19,27,36,09/06/2013,EVENING
6287,3,14,19,23,26,10/06/2013,EVENING
6288,5,13,24,25,32,11/06/2013,EVENING
6289,7,9,17,18,24,12/06/2013,EVENING
6290,5,15,24,31,33,13/06/2013,EVENING
6291,11,21,22,25,32,14/06/2013,EVENING
6292,15,16,26,32,33,15/06/2013,EVENING
6293,12,13,24,27,28,16/06/2013,EVENING
6294,3,9,10,25,27,17/06/2013,EVENING
6295,5,7,23,29,32,18/06/2013,EVENING
6296,2,11,15,16,31,19/06/2013,EVENING
6297,1,2,4,13,26,20/06/2013,EVENING
6298,1,6,13,27,32,21/06/2013,EVENING
6299,4,16,20,28,34,22/06/2013,EVENING
6300,5,7,12,24,35,23/06/2013,EVENING
6301,21,25,27,31,36,24/06/2013,EVENING
6302,4,8,14,17,30,25/06/2013,EVENING
6303,1,10,13,21,33,26/06/2013,EVENING
6304,1,9,19,28,30,27/06/2013,EVENING
6305,1,8,16,22,25,28/06/2013,EVENING
6306,8,22,24,25,35,29/06/2013,EVENING
6307,3,13,17,25,36,30/06/2013,EVENING
6308,12,13,21,27,32,01/07/2013,EVENING
6309,5,22,27,30,34,02/07/2013,EVENING
6310,4,20,30,31,36,03/07/2013,EVENING
6311,7,12,13,29,34,04/07/2013,EVENING
6312,3,8,9,13,14,05/07/2013,EVENING
6313,16,17,24,25,28,06/07/2013,EVENING
6314,8,17,20,25,31,07/07/2013,EVENING
6315,6,19,27,29,30,08/07/2013,EVENING
6316,7,9,22,28,31,09/07/2013,EVENING
6317,6,11,12,31,33,10/07/2013,EVENING
6318,7,13,17,21,32,11/07/2013,EVENING
6319,1,16,22,23,36,12/07/2013,EVENING
6320,11,16,29,31,33,13/07/2013,EVENING
6321,3,4,5,8,29,14/07/2013,EVENING
6322,7,8,11,28,32,15/07/2013,EVENING
6323,7,8,16,29,36,16/07/2013,EVENING
6324,3,9,11,20,25,17/07/2013,EVENING
6325,7,9,13,22,33,18/07/2013,EVENING
6326,11,20,25,29,36,19/07/2013,EVENING
6327,2,4,18,33,35,20/07/2013,EVENING
6328,1,6,13,23,36,21/07/2013,EVENING
6329,2,8,20,23,29,22/07/2013,EVENING
6330,9,10,12,25,32,23/07/2013,EVENING
6331,2,4,19,28,36,24/07/2013,EVENING
6332,2,12,22,28,31,25/07/2013,EVENING
6333,10,14,15,28,29,26/07/2013,EVENING
6334,6,11,14,18,33,27/07/2013,EVENING
6335,5,8,20,24,29,28/07/2013,EVENING
6336,1,18,21,25,27,29/07/2013,EVENING
6337,13,16,19,34,35,30/07/2013,EVENING
6338,1,6,24,25,35,31/07/2013,EVENING
6339,9,11,12,17,25,01/08/2013,EVENING
6340,5,11,21,24,31,02/08/2013,EVENING
6341,4,11,13,34,36,03/08/2013,EVENING
6342,2,14,17,21,25,04/08/2013,EVENING
6343,1,16,18,22,36,05/08/2013,EVENING
6344,3,8,9,20,25,06/08/2013,EVENING
6345,5,16,24,28,35,07/08/2013,EVENING
6346,14,30,32,34,36,08/08/2013,EVENING
6347,1,3,7,22,24,09/08/2013,EVENING
6348,9,14,18,32,34,10/08/2013,EVENING
6349,12,19,26,29,36,11/08/2013,EVENING
6350,14,19,24,25,32,12/08/2013,EVENING
6351,1,5,23,29,33,13/08/2013,EVENING
6352,1,13,15,18,29,14/08/2013,EVENING
6353,6,13,14,15,26,15/08/2013,EVENING
6354,8,9,10,34,35,16/08/2013,EVENING
6355,5,8,9,15,22,17/08/2013,EVENING
6356,8,16,22,31,33,18/08/2013,EVENING
6357,11,18,21,24,35,19/08/2013,EVENING
6358,8,9,24,26,27,20/08/2013,EVENING
6359,3,19,20,30,33,21/08/2013,EVENING
6360,18,20,26,30,36,22/08/2013,EVENING
6361,4,5,11,18,28,23/08/2013,EVENING
6362,3,4,7,25,27,24/08/2013,EVENING
6363,3,4,24,34,35,25/08/2013,EVENING
6364,6,16,18,20,29,26/08/2013,EVENING
6365,10,12,20,24,35,27/08/2013,EVENING
6366,1,18,25,27,32,28/08/2013,EVENING
6367,3,4,7,9,26,29/08/2013,EVENING
6368,5,13,19,31,35,30/08/2013,EVENING
6369,4,6,21,28,31,31/08/2013,EVENING
6370,14,15,18,27,32,01/09/2013,EVENING
6371,18,19,20,31,32,02/09/2013,EVENING
6372,2,5,9,12,36,03/09/2013,EVENING
6373,6,19,21,23,27,04/09/2013,EVENING
6374,9,11,18,19,20,05/09/2013,EVENING
6375,4,9,11,12,32,06/09/2013,EVENING
6376,17,19,26,29,31,07/09/2013,EVENING
6377,5,10,12,18,31,08/09/2013,EVENING
6378,19,20,23,26,34,09/09/2013,EVENING
6379,3,4,14,16,36,10/09/2013,EVENING
6380,1,17,20,27,29,11/09/2013,EVENING
6381,20,29,30,31,35,12/09/2013,EVENING
6382,1,17,21,28,30,13/09/2013,EVENING
6383,9,11,12,14,26,14/09/2013,EVENING
6384,1,13,14,16,30,15/09/2013,EVENING
6385,11,13,23,31,34,16/09/2013,EVENING
6386,3,15,21,34,36,17/09/2013,EVENING
6387,7,17,25,29,36,18/09/2013,EVENING
6388,7,9,16,17,18,19/09/2013,EVENING
6389,2,10,12,25,29,20/09/2013,EVENING
6390,4,7,31,32,35,21/09/2013,EVENING
6391,9,13,15,18,26,22/09/2013,EVENING
6392,2,10,33,34,35,23/09/2013,EVENING
6393,21,24,25,29,32,24/09/2013,EVENING
6394,2,3,4,11,29,25/09/2013,EVENING
6395,6,11,19,24,32,26/09/2013,EVENING
6396,1,6,7,9,17,27/09/2013,EVENING
6397,8,14,17,27,30,28/09/2013,EVENING
6398,5,16,20,29,34,29/09/2013,EVENING
6399,16,21,24,27,33,30/09/2013,EVENING
6400,10,22,28,29,31,01/10/2013,EVENING
6401,1,8,13,32,33,02/10/2013,EVENING
6402,10,13,25,29,34,03/10/2013,EVENING
6403,14,15,29,32,35,04/10/2013,EVENING
6404,13,20,25,27,29,05/10/2013,EVENING
6405,2,7,8,26,33,06/10/2013,EVENING
6406,1,13,15,23,28,07/10/2013,EVENING
6407,5,8,10,16,36,08/10/2013,EVENING
6408,1,7,8,9,17,09/10/2013,EVENING
6409,10,14,17,24,36,10/10/2013,EVENING
6410,7,17,23,31,36,11/10/2013,EVENING
6411,1,3,5,31,32,12/10/2013,EVENING
6412,11,14,16,24,25,13/10/2013,EVENING
6413,12,18,24,27,33,14/10/2013,EVENING
6414,9,11,14,29,34,15/10/2013,EVENING
6415,10,15,18,22,34,16/10/2013,EVENING
6416,7,8,12,30,33,17/10/2013,EVENING
6417,12,16,17,22,25,18/10/2013,EVENING
6418,2,17,26,27,32,19/10/2013,EVENING
6419,7,9,20,25,27,20/10/2013,EVENING
6420,9,14,21,26,29,21/10/2013,EVENING
6421,4,5,16,27,32,22/10/2013,EVENING
6422,1,12,18,25,32,23/10/2013,EVENING
6423,19,20,28,30,36,24/10/2013,EVENING
6424,3,17,27,31,36,25/10/2013,EVENING
6425,13,17,19,30,36,26/10/2013,EVENING
6426,2,3,12,15,28,27/10/2013,EVENING
6427,8,14,15,16,20,28/10/2013,EVENING
6428,4,13,20,32,34,29/10/2013,EVENING
6429,9,23,30,33,35,30/10/2013,EVENING
6430,1,9,21,27,32,31/10/2013,EVENING
6431,1,9,10,29,35,01/11/2013,EVENING
6432,10,18,22,31,32,02/11/2013,EVENING
6433,7,15,27,30,33,03/11/2013,EVENING
6434,10,16,17,22,23,04/11/2013,EVENING
6435,3,11,14,24,26,05/11/2013,EVENING
6436,17,19,25,28,35,06/11/2013,EVENING
6437,14,26,31,35,36,07/11/2013,EVENING
6438,5,11,19,22,36,08/11/2013,EVENING
6439,19,23,27,31,33,09/11/2013,EVENING
6440,15,23,26,35,36,10/11/2013,EVENING
6441,1,5,16,34,35,11/11/2013,EVENING
6442,8,24,25,30,32,12/11/2013,EVENING
6443,1,7,8,21,23,13/11/2013,EVENING
6444,5,24,28,31,33,14/11/2013,EVENING
6445,4,8,15,23,36,15/11/2013,EVENING
6446,7,15,17,28,35,16/11/2013,EVENING
6447,2,8,16,28,35,17/11/2013,EVENING
6448,1,12,16,25,29,18/11/2013,EVENING
6449,12,16,17,26,33,19/11/2013,EVENING
6450,8,13,26,30,32,20/11/2013,EVENING
6451,11,18,20,24,32,21/11/2013,EVENING
6452,3,5,22,24,33,22/11/2013,EVENING
6453,5,9,14,26,33,23/11/2013,EVENING
6454,4,8,10,16,29,24/11/2013,EVENING
6455,13,20,25,29,30,25/11/2013,EVENING
6456,3,8,11,13,17,26/11/2013,EVENING
6457,2,6,8,11,17,27/11/2013,EVENING
6458,2,5,11,28,29,28/11/2013,EVENING
6459,1,4,17,20,22,29/11/2013,EVENING
6460,4,20,21,22,24,30/11/2013,EVENING
6461,1,16,29,32,36,01/12/2013,EVENING
6462,4,19,24,25,27,02/12/2013,EVENING
6463,2,8,17,24,29,03/12/2013,EVENING
6464,3,8,10,27,30,04/12/2013,EVENING
6465,20,21,27,34,36,05/12/2013,EVENING
6466,6,9,25,32,34,06/12/2013,EVENING
6467,2,8,17,28,33,07/12/2013,EVENING
6468,8,12,29,31,36,08/12/2013,EVENING
6469,1,5,11,12,28,09/12/2013,EVENING
6470,6,8,32,33,36,10/12/2013,EVENING
6471,13,19,22,23,36,11/12/2013,EVENING
6472,10,15,16,19,22,12/12/2013,EVENING
6473,6,30,32,34,35,13/12/2013,EVENING
6474,1,9,10,20,27,14/12/2013,EVENING
6475,1,4,8,24,36,15/12/2013,EVENING
6476,7,15,16,20,34,16/12/2013,EVENING
6477,3,6,18,19,36,17/12/2013,EVENING
6478,8,14,16,20,27,18/12/2013,EVENING
6479,2,10,26,27,33,19/12/2013,EVENING
6480,11,18,23,26,34,20/12/2013,EVENING
6481,6,15,17,31,36,21/12/2013,EVENING
6482,7,12,21,30,31,22/12/2013,EVENING
6483,2,21,25,27,35,23/12/2013,EVENING
6484,11,16,20,34,35,24/12/2013,EVENING
6485,8,24,28,34,36,25/12/2013,EVENING
6486,2,10,17,21,23,26/12/2013,EVENING
6487,1,6,9,22,27,27/12/2013,EVENING
6488,6,17,19,24,29,28/12/2013,EVENING
6489,4,9,10,11,13,29/12/2013,EVENING
6490,6,8,10,12,25,30/12/2013,EVENING
6491,12,16,22,25,32,31/12/2013,EVENING
6492,2,28,31,35,36,01/01/2014,EVENING
6493,2,7,13,16,23,02/01/2014,EVENING
6494,7,16,17,24,33,03/01/2014,EVENING
6495,1,8,17,20,21,04/01/2014,EVENING
6496,4,14,23,25,34,05/01/2014,EVENING
6497,3,7,9,18,26,06/01/2014,EVENING
6498,5,23,27,31,33,07/01/2014,EVENING
6499,5,8,10,19,34,08/01/2014,EVENING
6500,1,7,26,29,33,09/01/2014,EVENING
6501,6,12,18,19,33,10/01/2014,EVENING
6502,1,14,25,27,33,11/01/2014,EVENING
6503,3,14,16,19,34,12/01/2014,EVENING
6504,2,4,8,10,25,13/01/2014,EVENING
6505,8,14,32,33,34,14/01/2014,EVENING
6506,12,16,22,23,29,15/01/2014,EVENING
6507,1,2,10,30,34,16/01/2014,EVENING
6508,2,4,11,17,24,17/01/2014,EVENING
6509,4,8,13,22,23,18/01/2014,EVENING
6510,4,7,14,24,32,19/01/2014,EVENING
6511,10,13,15,18,34,20/01/2014,EVENING
6512,4,5,6,14,18,21/01/2014,EVENING
6513,2,7,12,27,35,22/01/2014,EVENING
6514,21,23,33,35,36,23/01/2014,EVENING
6515,8,20,21,29,32,24/01/2014,EVENING
6516,10,16,20,25,35,25/01/2014,EVENING
6517,1,5,19,30,35,26/01/2014,EVENING
6518,1,9,17,24,36,27/01/2014,EVENING
6519,17,21,24,31,33,28/01/2014,EVENING
6520,6,8,12,24,29,29/01/2014,EVENING
6521,11,14,20,24,29,30/01/2014,EVENING
6522,4,5,9,18,21,31/01/2014,EVENING
6523,2,11,16,23,24,01/02/2014,EVENING
6524,11,16,29,30,33,02/02/2014,EVENING
6525,2,11,13,30,33,03/02/2014,EVENING
6526,6,8,9,25,32,04/02/2014,EVENING
6527,11,19,25,30,31,05/02/2014,EVENING
6528,2,19,26,28,29,06/02/2014,EVENING
6529,8,11,12,20,32,07/02/2014,EVENING
6530,9,16,21,25,27,08/02/2014,EVENING
6531,1,11,13,16,25,09/02/2014,EVENING
6532,4,11,22,29,32,10/02/2014,EVENING
6533,2,9,21,28,29,11/02/2014,EVENING
6534,4,6,15,21,26,12/02/2014,EVENING
6535,2,7,11,13,34,13/02/2014,EVENING
6536,10,20,29,33,34,14/02/2014,EVENING
6537,4,6,17,18,33,15/02/2014,EVENING
6538,7,13,20,31,34,16/02/2014,EVENING
6539,11,20,27,33,35,17/02/2014,EVENING
6540,3,16,21,22,29,18/02/2014,EVENING
6541,15,18,19,23,31,19/02/2014,EVENING
6542,5,7,15,22,23,20/02/2014,EVENING
6543,1,13,27,29,33,21/02/2014,EVENING
6544,5,18,22,25,33,22/02/2014,EVENING
6545,13,15,23,27,35,23/02/2014,EVENING
6546,8,19,25,26,31,24/02/2014,EVENING
6547,14,16,20,32,34,25/02/2014,EVENING
6548,8,11,27,32,33,26/02/2014,EVENING
6549,3,10,11,12,16,27/02/2014,EVENING
6550,1,2,25,28,31,28/02/2014,EVENING
6551,23,27,29,30,33,01/03/2014,EVENING
6552,7,18,20,25,35,02/03/2014,EVENING
6553,5,19,24,26,32,03/03/2014,EVENING
6554,4,16,30,32,36,04/03/2014,EVENING
6555,5,10,11,14,25,05/03/2014,EVENING
6556,1,6,13,14,27,06/03/2014,EVENING
6557,1,5,7,12,21,07/03/2014,EVENING
6558,6,20,21,24,32,08/03/2014,EVENING
6559,7,15,30,31,33,09/03/2014,EVENING
6560,3,13,20,21,34,10/03/2014,EVENING
6561,15,20,27,28,32,11/03/2014,EVENING
6562,4,8,17,28,29,12/03/2014,EVENING
6563,6,7,8,11,28,13/03/2014,EVENING
6564,2,3,4,10,36,14/03/2014,EVENING
6565,5,10,15,17,32,15/03/2014,EVENING
6566,4,8,14,18,29,16/03/2014,EVENING
6567,7,12,20,25,29,17/03/2014,EVENING
6568,6,22,25,26,35,18/03/2014,EVENING
6569,1,19,22,23,27,19/03/2014,EVENING
6570,4,7,16,28,29,20/03/2014,EVENING
6571,3,5,6,8,21,21/03/2014,EVENING
6572,13,19,21,22,36,22/03/2014,EVENING
6573,9,10,15,19,34,23/03/2014,EVENING
6574,5,11,15,28,36,24/03/2014,EVENING
6575,12,15,28,31,32,25/03/2014,EVENING
6576,11,21,23,29,36,26/03/2014,EVENING
6577,2,4,16,20,21,27/03/2014,EVENING
6578,1,5,15,21,30,28/03/2014,EVENING
6579,5,10,15,22,24,29/03/2014,EVENING
6580,9,14,20,21,32,30/03/2014,EVENING
6581,10,11,12,30,33,31/03/2014,EVENING
6582,5,6,19,28,29,01/04/2014,EVENING
6583,3,10,17,18,28,02/04/2014,EVENING
6584,1,6,17,19,35,03/04/2014,EVENING
6585,11,20,22,24,31,04/04/2014,EVENING
6586,8,10,11,24,33,05/04/2014,EVENING
6587,9,13,21,28,31,06/04/2014,EVENING
6588,3,4,13,26,29,07/04/2014,EVENING
6589,2,7,22,24,28,08/04/2014,EVENING
6590,5,8,9,19,27,09/04/2014,EVENING
6591,1,4,20,27,30,10/04/2014,EVENING
6592,10,15,21,24,35,11/04/2014,EVENING
6593,13,15,17,25,34,12/04/2014,EVENING
6594,10,17,20,34,36,13/04/2014,EVENING
6595,4,13,20,21,26,14/04/2014,EVENING
6596,3,6,20,25,30,15/04/2014,EVENING
6597,7,11,13,21,28,16/04/2014,EVENING
6598,12,14,24,25,29,17/04/2014,EVENING
6599,13,22,25,31,36,18/04/2014,EVENING
6600,2,3,12,35,36,19/04/2014,EVENING
6601,10,13,15,19,26,20/04/2014,EVENING
6602,5,14,18,23,32,21/04/2014,EVENING
6603,6,20,21,23,35,22/04/2014,EVENING
6604,19,22,26,31,32,23/04/2014,EVENING
6605,12,17,21,22,27,24/04/2014,EVENING
6606,2,4,11,18,32,25/04/2014,EVENING
6607,3,7,14,21,24,26/04/2014,EVENING
6608,11,18,22,28,31,27/04/2014,EVENING
6609,1,3,8,13,21,28/04/2014,EVENING
6610,3,24,26,29,32,29/04/2014,EVENING
6611,2,11,23,24,29,30/04/2014,EVENING
6612,8,9,14,28,34,01/05/2014,EVENING
6613,7,12,27,28,34,02/05/2014,EVENING
6614,14,19,20,22,35,03/05/2014,EVENING
6615,9,16,22,23,33,04/05/2014,EVENING
6616,12,22,23,24,33,05/05/2014,EVENING
6617,7,14,19,21,28,06/05/2014,EVENING
6618,13,16,23,28,34,07/05/2014,EVENING
6619,6,14,18,20,25,08/05/2014,EVENING
6620,2,21,31,32,35,09/05/2014,EVENING
6621,2,7,18,30,31,10/05/2014,EVENING
6622,11,15,17,26,31,11/05/2014,EVENING
6623,11,20,21,32,36,12/05/2014,EVENING
6624,6,10,13,27,30,13/05/2014,EVENING
6625,4,9,21,29,35,14/05/2014,EVENING
6626,2,10,13,28,31,15/05/2014,EVENING
6627,1,13,27,33,34,16/05/2014,EVENING
6628,7,17,21,27,32,17/05/2014,EVENING
6629,7,10,13,14,31,18/05/2014,EVENING
6630,2,6,8,20,27,19/05/2014,EVENING
6631,16,25,27,29,30,20/05/2014,EVENING
6632,5,6,15,21,30,21/05/2014,EVENING
6633,11,17,19,30,36,22/05/2014,EVENING
6634,3,17,18,19,34,23/05/2014,EVENING
6635,7,19,29,30,34,24/05/2014,EVENING
6636,4,12,19,21,31,25/05/2014,EVENING
6637,2,6,10,25,35,26/05/2014,EVENING
6638,4,9,16,18,33,27/05/2014,EVENING
6639,14,17,26,29,33,28/05/2014,EVENING
6640,3,13,32,34,36,29/05/2014,EVENING
6641,19,23,30,31,34,30/05/2014,EVENING
6642,3,9,11,23,28,31/05/2014,EVENING
6643,2,12,22,28,29,01/06/2014,EVENING
6644,7,12,20,27,35,02/06/2014,EVENING
6645,4,5,11,20,29,03/06/2014,EVENING
6646,5,22,28,29,36,04/06/2014,EVENING
6647,9,10,18,20,26,05/06/2014,EVENING
6648,5,7,21,23,25,06/06/2014,EVENING
6649,2,19,21,30,35,07/06/2014,EVENING
6650,6,11,18,29,33,08/06/2014,EVENING
6651,1,2,22,34,35,09/06/2014,EVENING
6652,3,5,8,26,30,10/06/2014,EVENING
6653,5,10,12,25,34,11/06/2014,EVENING
6654,5,20,24,28,32,12/06/2014,EVENING
6655,2,6,14,15,23,13/06/2014,EVENING
6656,5,22,30,33,35,14/06/2014,EVENING
6657,8,11,14,15,22,15/06/2014,EVENING
6658,6,30,32,33,35,16/06/2014,EVENING
6659,6,10,15,20,31,17/06/2014,EVENING
6660,1,18,19,21,30,18/06/2014,EVENING
6661,1,11,18,28,33,19/06/2014,EVENING
6662,15,22,25,28,32,20/06/2014,EVENING
6663,5,12,17,24,29,21/06/2014,EVENING
6664,6,19,24,31,34,22/06/2014,EVENING
6665,7,18,28,34,36,23/06/2014,EVENING
6666,1,12,20,27,33,24/06/2014,EVENING
6667,3,7,13,28,34,25/06/2014,EVENING
6668,9,11,15,28,30,26/06/2014,EVENING
6669,2,9,15,16,24,27/06/2014,EVENING
6670,12,20,21,28,31,28/06/2014,EVENING
6671,10,12,16,23,28,29/06/2014,EVENING
6672,6,8,12,13,34,30/06/2014,EVENING
6673,8,16,20,24,26,01/07/2014,EVENING
6674,4,5,13,14,16,02/07/2014,EVENING
6675,5,10,16,24,36,03/07/2014,EVENING
6676,10,11,17,28,33,04/07/2014,EVENING
6677,7,23,29,34,35,05/07/2014,EVENING
6678,3,5,8,15,34,06/07/2014,EVENING
6679,13,15,26,28,30,07/07/2014,EVENING
6680,6,8,11,13,22,08/07/2014,EVENING
6681,4,12,20,24,26,09/07/2014,EVENING
6682,2,19,21,27,33,10/07/2014,EVENING
6683,1,21,25,26,34,11/07/2014,EVENING
6684,9,13,18,19,35,12/07/2014,EVENING
6685,2,7,13,16,28,13/07/2014,EVENING
6686,8,9,25,27,29,14/07/2014,EVENING
6687,3,12,15,18,26,15/07/2014,EVENING
6688,1,8,11,17,26,16/07/2014,EVENING
6689,3,8,10,15,26,17/07/2014,EVENING
6690,3,14,29,33,36,18/07/2014,EVENING
6691,9,10,11,24,30,19/07/2014,EVENING
6692,8,10,14,28,33,20/07/2014,EVENING
6693,3,4,21,25,35,21/07/2014,EVENING
6694,17,18,24,32,34,22/07/2014,EVENING
6695,4,17,22,27,34,23/07/2014,EVENING
6696,6,18,19,24,25,24/07/2014,EVENING
6697,5,14,20,25,34,25/07/2014,EVENING
6698,1,7,12,16,30,26/07/2014,EVENING
6699,1,9,15,16,21,27/07/2014,EVENING
6700,3,5,12,13,22,28/07/2014,EVENING
6701,3,6,12,17,31,29/07/2014,EVENING
6702,2,16,21,26,33,30/07/2014,EVENING
6703,2,15,23,25,29,31/07/2014,EVENING
6704,10,12,17,24,34,01/08/2014,EVENING
6705,8,9,10,26,31,02/08/2014,EVENING
6706,2,4,6,14,30,03/08/2014,EVENING
6707,14,19,22,31,35,04/08/2014,EVENING
6708,2,25,30,34,35,05/08/2014,EVENING
6709,17,18,25,27,35,06/08/2014,EVENING
6710,4,8,24,25,28,07/08/2014,EVENING
6711,5,13,15,20,26,08/08/2014,EVENING
6712,1,13,27,28,29,09/08/2014,EVENING
6713,2,7,11,17,21,10/08/2014,EVENING
6714,17,18,19,31,34,11/08/2014,EVENING
6715,7,9,14,15,36,12/08/2014,EVENING
6716,11,16,21,22,36,13/08/2014,EVENING
6717,1,8,18,22,35,14/08/2014,EVENING
6718,8,17,20,34,36,15/08/2014,EVENING
6719,1,11,22,32,36,16/08/2014,EVENING
6720,9,11,25,28,35,17/08/2014,EVENING
6721,14,17,23,28,36,18/08/2014,EVENING
6722,2,5,9,12,30,19/08/2014,EVENING
6723,2,6,14,24,27,20/08/2014,EVENING
6724,10,12,17,23,25,21/08/2014,EVENING
6725,1,3,8,18,25,22/08/2014,EVENING
6726,13,19,20,27,28,23/08/2014,EVENING
6727,7,13,14,15,16,24/08/2014,EVENING
6728,8,15,18,22,33,25/08/2014,EVENING
6729,5,24,27,28,31,26/08/2014,EVENING
6730,3,5,20,24,28,27/08/2014,EVENING
6731,9,11,17,18,28,28/08/2014,EVENING
6732,6,19,21,29,33,29/08/2014,EVENING
6733,16,21,25,28,32,30/08/2014,EVENING
6734,14,21,24,25,35,31/08/2014,EVENING
6735,11,12,13,29,35,01/09/2014,EVENING
6736,3,5,10,14,32,02/09/2014,EVENING
6737,3,12,14,16,30,03/09/2014,EVENING
6738,7,10,14,22,34,04/09/2014,EVENING
6739,9,11,15,25,32,05/09/2014,EVENING
6740,11,16,18,21,31,06/09/2014,EVENING
6741,12,16,22,29,32,07/09/2014,EVENING
6742,3,10,19,31,34,08/09/2014,EVENING
6743,4,6,10,25,28,09/09/2014,EVENING
6744,3,13,21,31,33,10/09/2014,EVENING
6745,11,13,16,31,33,11/09/2014,EVENING
6746,4,8,9,11,25,12/09/2014,EVENING
6747,8,10,13,16,30,13/09/2014,EVENING
6748,9,16,18,22,28,14/09/2014,EVENING
6749,1,4,13,29,36,15/09/2014,EVENING
6750,8,14,15,32,33,16/09/2014,EVENING
6751,1,2,3,5,36,17/09/2014,EVENING
6752,10,12,23,30,36,18/09/2014,EVENING
6753,1,2,10,23,27,19/09/2014,EVENING
6754,4,5,8,21,23,20/09/2014,EVENING
6755,9,14,17,23,34,21/09/2014,EVENING
6756,6,15,22,26,31,22/09/2014,EVENING
6757,1,10,19,22,26,23/09/2014,EVENING
6758,17,30,32,34,36,24/09/2014,EVENING
6759,1,3,4,6,18,25/09/2014,EVENING
6760,7,20,23,28,36,26/09/2014,EVENING
6761,14,21,26,27,36,27/09/2014,EVENING
6762,17,24,25,32,34,28/09/2014,EVENING
6763,6,7,13,24,27,29/09/2014,EVENING
6764,2,4,20,21,32,30/09/2014,EVENING
6765,7,16,18,19,33,01/10/2014,EVENING
6766,20,24,29,33,35,02/10/2014,EVENING
6767,7,19,26,28,32,03/10/2014,EVENING
6768,11,13,16,20,23,04/10/2014,EVENING
6769,4,18,23,31,36,05/10/2014,EVENING
6770,5,7,23,30,34,06/10/2014,EVENING
6771,2,5,21,22,31,07/10/2014,EVENING
6772,1,4,5,15,35,08/10/2014,EVENING
6773,1,13,25,28,31,09/10/2014,EVENING
6774,2,3,9,23,32,10/10/2014,EVENING
6775,5,10,25,30,34,11/10/2014,EVENING
6776,6,7,10,11,21,12/10/2014,EVENING
6777,6,12,16,20,32,13/10/2014,EVENING
6778,9,11,17,23,33,14/10/2014,EVENING
6779,1,2,9,13,35,15/10/2014,EVENING
6780,2,8,10,31,32,16/10/2014,EVENING
6781,8,15,18,21,31,17/10/2014,EVENING
6782,8,16,17,21,30,18/10/2014,EVENING
6783,5,16,23,35,36,19/10/2014,EVENING
6784,1,8,14,29,30,20/10/2014,EVENING
6785,4,7,16,23,32,21/10/2014,EVENING
6786,9,11,15,24,29,22/10/2014,EVENING
6787,9,13,22,24,27,23/10/2014,EVENING
6788,1,4,15,25,32,24/10/2014,EVENING
6789,1,11,13,16,17,25/10/2014,EVENING
6790,7,17,19,22,29,26/10/2014,EVENING
6791,26,28,29,35,36,27/10/2014,EVENING
6792,10,16,20,26,27,28/10/2014,EVENING
6793,4,5,6,25,28,29/10/2014,EVENING
6794,17,20,22,23,33,30/10/2014,EVENING
6795,6,11,16,18,19,31/10/2014,EVENING
6796,10,14,16,17,20,01/11/2014,EVENING
6797,15,25,26,29,31,02/11/2014,EVENING
6798,16,20,22,23,28,03/11/2014,EVENING
6799,9,19,20,24,32,04/11/2014,EVENING
6800,1,16,30,34,36,05/11/2014,EVENING
6801,3,9,15,19,34,06/11/2014,EVENING
6802,3,18,19,20,26,07/11/2014,EVENING
6803,11,16,22,30,31,08/11/2014,EVENING
6804,4,11,21,26,35,09/11/2014,EVENING
6805,17,20,23,31,33,10/11/2014,EVENING
6806,1,7,18,28,30,11/11/2014,EVENING
6807,4,6,25,29,35,12/11/2014,EVENING
6808,11,12,17,21,26,13/11/2014,EVENING
6809,7,12,15,18,26,14/11/2014,EVENING
6810,8,10,14,19,29,15/11/2014,EVENING
6811,3,6,9,15,20,16/11/2014,EVENING
6812,5,10,21,23,25,17/11/2014,EVENING
6813,2,9,12,27,33,18/11/2014,EVENING
6814,10,14,22,27,33,19/11/2014,EVENING
6815,6,7,19,26,28,20/11/2014,EVENING
6816,5,12,18,25,28,21/11/2014,EVENING
6817,2,7,22,24,29,22/11/2014,EVENING
6818,6,10,14,17,32,23/11/2014,EVENING
6819,4,24,25,26,35,24/11/2014,EVENING
6820,3,10,16,25,29,25/11/2014,EVENING
6821,1,9,20,23,27,26/11/2014,EVENING
6822,14,24,25,30,35,27/11/2014,EVENING
6823,3,5,7,20,22,28/11/2014,EVENING
6824,10,21,28,31,36,29/11/2014,EVENING
6825,10,11,15,20,33,30/11/2014,EVENING
6826,1,5,14,16,23,01/12/2014,EVENING
6827,1,11,14,25,35,02/12/2014,EVENING
6828,2,5,8,32,35,03/12/2014,EVENING
6829,1,2,5,34,36,04/12/2014,EVENING
6830,9,11,12,18,28,05/12/2014,EVENING
6831,10,15,23,29,31,06/12/2014,EVENING
6832,1,11,14,16,21,07/12/2014,EVENING
6833,5,10,14,26,27,08/12/2014,EVENING
6834,3,9,14,16,18,09/12/2014,EVENING
6835,1,8,10,30,34,10/12/2014,EVENING
6836,5,10,11,20,36,11/12/2014,EVENING
6837,3,11,18,29,31,12/12/2014,EVENING
6838,7,21,23,27,28,13/12/2014,EVENING
6839,4,14,15,25,26,14/12/2014,EVENING
6840,1,13,18,27,34,15/12/2014,EVENING
6841,1,5,22,26,30,16/12/2014,EVENING
6842,3,14,17,23,26,17/12/2014,EVENING
6843,2,10,16,22,31,18/12/2014,EVENING
6844,3,6,21,29,31,19/12/2014,EVENING
6845,4,6,7,20,30,20/12/2014,EVENING
6846,7,10,16,23,24,21/12/2014,EVENING
6847,10,17,18,31,35,22/12/2014,EVENING
6848,8,16,21,33,35,23/12/2014,EVENING
6849,9,12,13,31,36,24/12/2014,EVENING
6850,3,15,22,24,34,25/12/2014,EVENING
6851,5,9,23,31,36,26/12/2014,EVENING
6852,1,10,19,32,36,27/12/2014,EVENING
6853,1,11,17,25,31,28/12/2014,EVENING
6854,5,20,21,29,34,29/12/2014,EVENING
6855,3,4,18,32,33,30/12/2014,EVENING
6856,7,15,25,27,36,31/12/2014,EVENING
6857,10,13,14,21,34,01/01/2015,EVENING
6858,5,10,14,25,36,02/01/2015,EVENING
6859,6,10,18,32,36,03/01/2015,EVENING
6860,8,11,28,29,34,04/01/2015,EVENING
6861,2,19,23,30,36,05/01/2015,EVENING
6862,7,13,20,21,35,06/01/2015,EVENING
6863,15,20,28,32,34,07/01/2015,EVENING
6864,4,6,13,14,22,08/01/2015,EVENING
6865,10,24,25,26,36,09/01/2015,EVENING
6866,3,16,19,34,35,10/01/2015,EVENING
6867,13,16,21,23,34,11/01/2015,EVENING
6868,7,8,12,30,32,12/01/2015,EVENING
6869,2,7,15,23,32,13/01/2015,EVENING
6870,7,8,19,28,30,14/01/2015,EVENING
6871,1,10,17,30,35,15/01/2015,EVENING
6872,2,9,10,21,34,16/01/2015,EVENING
6873,1,8,19,26,34,17/01/2015,EVENING
6874,2,8,11,16,31,18/01/2015,EVENING
6875,8,22,27,31,34,19/01/2015,EVENING
6876,2,5,6,21,30,20/01/2015,EVENING
6877,2,14,15,32,36,21/01/2015,EVENING
6878,2,9,15,24,33,22/01/2015,EVENING
6879,1,7,12,28,32,23/01/2015,EVENING
6880,10,21,25,31,36,24/01/2015,EVENING
6881,12,19,23,27,30,25/01/2015,EVENING
6882,2,11,17,33,34,26/01/2015,EVENING
6883,2,15,18,22,36,27/01/2015,EVENING
6884,9,14,23,31,32,28/01/2015,EVENING
6885,3,10,11,18,34,29/01/2015,EVENING
6886,4,18,20,26,33,30/01/2015,EVENING
6887,11,12,17,20,30,31/01/2015,EVENING
6888,15,17,19,25,30,01/02/2015,EVENING
6889,1,9,10,18,35,02/02/2015,EVENING
6890,4,8,21,31,32,03/02/2015,EVENING
6891,1,13,16,32,36,04/02/2015,EVENING
6892,10,12,13,28,32,05/02/2015,EVENING
6893,5,7,20,30,35,06/02/2015,EVENING
6894,4,12,13,14,16,07/02/2015,EVENING
6895,9,10,15,22,35,08/02/2015,EVENING
6896,2,6,12,25,34,09/02/2015,EVENING
6897,13,15,21,24,36,10/02/2015,EVENING
6898,1,15,20,21,36,11/02/2015,EVENING
6899,2,15,24,26,35,12/02/2015,EVENING
6900,7,21,23,25,34,13/02/2015,EVENING
6901,1,7,16,17,35,14/02/2015,EVENING
6902,3,5,21,29,32,15/02/2015,EVENING
6903,5,9,10,12,30,16/02/2015,EVENING
6904,1,4,8,33,36,17/02/2015,EVENING
6905,1,5,13,15,34,18/02/2015,EVENING
6906,10,11,16,27,33,19/02/2015,EVENING
6907,1,16,22,23,32,20/02/2015,EVENING
6908,5,16,28,33,36,21/02/2015,EVENING
6909,11,20,28,29,32,22/02/2015,EVENING
6910,3,4,12,25,36,23/02/2015,EVENING
6911,3,19,20,21,32,24/02/2015,EVENING
6912,1,7,16,20,22,25/02/2015,EVENING
6913,7,11,15,18,35,26/02/2015,EVENING
6914,2,16,17,21,29,27/02/2015,EVENING
6915,1,2,3,8,34,28/02/2015,EVENING
6916,8,23,25,30,33,01/03/2015,EVENING
6917,3,5,10,16,27,02/03/2015,EVENING
6918,8,22,27,29,33,03/03/2015,EVENING
6919,8,19,21,25,32,04/03/2015,EVENING
6920,4,10,18,20,32,05/03/2015,EVENING
6921,10,14,22,26,31,06/03/2015,EVENING
6922,5,13,21,30,31,07/03/2015,EVENING
6923,7,12,14,28,31,08/03/2015,EVENING
6924,10,12,15,16,36,09/03/2015,EVENING
6925,12,14,16,22,29,10/03/2015,EVENING
6926,2,5,22,30,35,11/03/2015,EVENING
6927,10,15,22,31,36,12/03/2015,EVENING
6928,11,15,18,19,34,13/03/2015,EVENING
6929,9,12,20,27,29,14/03/2015,EVENING
6930,3,5,10,11,28,15/03/2015,EVENING
6931,7,10,13,16,27,16/03/2015,EVENING
6932,5,8,26,29,33,17/03/2015,EVENING
6933,7,8,12,21,36,18/03/2015,EVENING
6934,2,6,16,17,32,19/03/2015,EVENING
6935,5,7,11,17,26,20/03/2015,EVENING
6936,5,15,20,25,33,21/03/2015,EVENING
6937,3,16,17,21,31,22/03/2015,EVENING
6938,7,17,19,26,31,23/03/2015,EVENING
6939,11,14,18,21,31,24/03/2015,EVENING
6940,13,19,20,28,29,25/03/2015,EVENING
6941,6,22,25,28,34,26/03/2015,EVENING
6942,7,8,24,34,36,27/03/2015,EVENING
6943,2,3,11,26,32,28/03/2015,EVENING
6944,11,17,18,30,36,29/03/2015,EVENING
6945,6,7,12,29,30,30/03/2015,EVENING
6946,7,10,12,29,32,31/03/2015,EVENING
6947,21,29,30,31,33,01/04/2015,EVENING
6948,3,11,23,31,36,02/04/2015,EVENING
6949,2,4,30,33,34,03/04/2015,EVENING
6950,11,12,21,22,26,04/04/2015,EVENING
6951,4,8,18,24,35,05/04/2015,EVENING
6952,2,5,15,23,31,06/04/2015,EVENING
6953,7,12,16,30,36,07/04/2015,EVENING
6954,3,10,14,23,27,08/04/2015,EVENING
6955,9,12,16,31,35,09/04/2015,EVENING
6956,12,14,23,28,34,10/04/2015,EVENING
6957,3,9,10,30,31,11/04/2015,EVENING
6958,2,19,21,27,28,12/04/2015,EVENING
6959,2,5,23,28,35,13/04/2015,EVENING
6960,6,9,17,35,36,14/04/2015,EVENING
6961,1,11,16,32,35,15/04/2015,EVENING
6962,7,18,21,25,33,16/04/2015,EVENING
6963,5,12,15,30,31,17/04/2015,EVENING
6964,4,6,8,26,27,18/04/2015,EVENING
6965,1,3,5,19,27,19/04/2015,EVENING
6966,4,8,14,16,17,20/04/2015,EVENING
6967,4,17,19,20,27,21/04/2015,EVENING
6968,6,7,12,24,29,22/04/2015,EVENING
6969,13,22,27,28,34,23/04/2015,EVENING
6970,15,26,28,34,35,24/04/2015,EVENING
6971,7,12,14,23,28,25/04/2015,EVENING
6972,7,21,25,29,36,26/04/2015,EVENING
6973,4,7,12,22,23,27/04/2015,EVENING
6974,5,8,21,26,27,28/04/2015,EVENING
6975,14,17,21,31,36,29/04/2015,EVENING
6976,4,6,11,14,28,30/04/2015,EVENING
6977,2,13,15,20,29,01/05/2015,EVENING
6978,8,19,22,27,34,02/05/2015,EVENING
6979,4,10,18,19,34,03/05/2015,EVENING
6980,15,19,28,31,35,04/05/2015,EVENING
6981,1,6,10,14,28,05/05/2015,EVENING
6982,4,5,15,19,32,06/05/2015,EVENING
6983,2,5,18,30,35,07/05/2015,EVENING
6984,6,9,15,22,25,08/05/2015,EVENING
6985,1,7,11,15,19,09/05/2015,EVENING
6986,2,7,8,33,35,10/05/2015,EVENING
6987,3,5,12,16,18,11/05/2015,EVENING
6988,13,22,24,27,34,12/05/2015,EVENING
6989,3,9,18,22,34,13/05/2015,EVENING
6990,6,22,30,31,35,14/05/2015,EVENING
6991,2,6,9,18,22,15/05/2015,EVENING
6992,2,12,22,27,32,16/05/2015,EVENING
6993,4,6,16,25,33,17/05/2015,EVENING
6994,1,11,13,19,21,18/05/2015,EVENING
6995,2,14,16,20,33,19/05/2015,EVENING
6996,4,20,23,33,34,20/05/2015,EVENING
6997,1,5,9,13,27,21/05/2015,EVENING
6998,11,18,24,27,28,22/05/2015,EVENING
6999,5,17,29,35,36,23/05/2015,EVENING
7000,3,19,21,32,33,24/05/2015,EVENING
7001,7,30,32,34,35,25/05/2015,EVENING
7002,4,5,25,29,30,26/05/2015,EVENING
7003,5,14,18,20,21,27/05/2015,EVENING
7004,4,12,26,31,34,28/05/2015,EVENING
7005,1,17,23,24,25,29/05/2015,EVENING
7006,12,15,18,26,31,30/05/2015,EVENING
7007,2,3,13,15,25,31/05/2015,EVENING
7008,11,14,17,28,33,01/06/2015,EVENING
7009,4,12,23,29,30,02/06/2015,EVENING
7010,17,18,26,27,35,03/06/2015,EVENING
7011,2,5,11,16,19,04/06/2015,EVENING
7012,5,11,21,35,36,05/06/2015,EVENING
7013,5,12,18,24,25,06/06/2015,EVENING
7014,4,14,19,28,31,07/06/2015,EVENING
7015,5,10,15,21,31,08/06/2015,EVENING
7016,2,12,14,25,27,09/06/2015,EVENING
7017,10,18,22,27,33,10/06/2015,EVENING
7018,1,2,9,11,28,11/06/2015,EVENING
7019,9,10,11,16,32,12/06/2015,EVENING
7020,13,18,21,29,31,13/06/2015,EVENING
7021,9,18,19,31,35,14/06/2015,EVENING
7022,1,9,13,18,31,15/06/2015,EVENING
7023,3,16,18,19,25,16/06/2015,EVENING
7024,8,19,30,33,34,17/06/2015,EVENING
7025,19,22,26,27,36,18/06/2015,EVENING
7026,10,12,13,17,18,19/06/2015,EVENING
7027,7,20,25,31,35,20/06/2015,EVENING
7028,1,6,25,26,27,21/06/2015,EVENING
7029,2,22,23,26,33,22/06/2015,EVENING
7030,1,11,13,21,23,23/06/2015,EVENING
7031,1,22,23,29,34,24/06/2015,EVENING
7032,7,12,30,33,35,25/06/2015,EVENING
7033,15,25,26,28,35,26/06/2015,EVENING
7034,2,10,11,17,34,27/06/2015,EVENING
7035,4,17,20,28,34,28/06/2015,EVENING
7036,3,6,11,27,36,29/06/2015,EVENING
7037,2,5,17,22,23,30/06/2015,EVENING
7038,17,20,24,26,33,01/07/2015,EVENING
7039,10,20,23,29,34,02/07/2015,EVENING
7040,2,25,29,33,34,03/07/2015,EVENING
7041,9,22,27,28,34,04/07/2015,EVENING
7042,10,16,19,20,29,05/07/2015,EVENING
7043,1,12,24,25,29,06/07/2015,EVENING
7044,5,9,13,14,32,07/07/2015,EVENING
7045,1,4,12,24,31,08/07/2015,EVENING
7046,15,16,19,25,26,09/07/2015,EVENING
7047,2,5,13,20,30,10/07/2015,EVENING
7048,5,8,10,21,33,11/07/2015,EVENING
7049,1,16,24,26,32,12/07/2015,EVENING
7050,8,10,19,22,26,13/07/2015,EVENING
7051,12,24,28,30,33,14/07/2015,EVENING
7052,12,16,22,27,33,15/07/2015,EVENING
7053,4,9,17,32,33,16/07/2015,EVENING
7054,4,12,14,19,29,17/07/2015,EVENING
7055,9,30,31,32,36,18/07/2015,EVENING
7056,9,11,18,25,27,19/07/2015,EVENING
7057,4,9,21,23,27,20/07/2015,EVENING
7058,5,11,16,19,36,21/07/2015,EVENING
7059,5,17,29,33,34,22/07/2015,EVENING
7060,22,23,24,27,36,23/07/2015,EVENING
7061,2,9,16,17,33,24/07/2015,EVENING
7062,2,7,15,20,28,25/07/2015,EVENING
7063,13,21,23,28,30,26/07/2015,EVENING
7064,5,7,16,30,32,27/07/2015,EVENING
7065,10,14,16,20,25,28/07/2015,EVENING
7066,7,8,11,27,32,29/07/2015,EVENING
7067,2,6,28,30,35,30/07/2015,EVENING
7068,6,8,10,11,25,31/07/2015,EVENING
7069,6,10,16,26,32,01/08/2015,EVENING
7070,12,14,21,22,29,02/08/2015,EVENING
7071,6,13,14,16,18,03/08/2015,EVENING
7072,9,13,27,29,32,04/08/2015,EVENING
7073,16,18,30,35,36,05/08/2015,EVENING
7074,6,11,25,30,32,06/08/2015,EVENING
7075,10,11,12,27,35,07/08/2015,EVENING
7076,1,3,13,19,26,08/08/2015,EVENING
7077,9,11,13,30,36,09/08/2015,EVENING
7078,7,18,21,25,35,10/08/2015,EVENING
7079,6,17,25,32,34,11/08/2015,EVENING
7080,7,13,31,33,35,12/08/2015,EVENING
7081,1,2,15,24,32,13/08/2015,EVENING
7082,2,4,7,27,29,14/08/2015,EVENING
7083,2,11,12,23,29,15/08/2015,EVENING
7084,8,11,31,32,34,16/08/2015,EVENING
7085,7,14,17,24,33,17/08/2015,EVENING
7086,2,5,15,25,35,18/08/2015,EVENING
7087,19,23,30,31,36,19/08/2015,EVENING
7088,14,16,21,25,27,20/08/2015,EVENING
7089,15,18,19,27,28,21/08/2015,EVENING
7090,17,21,25,26,34,22/08/2015,EVENING
7091,10,12,14,16,17,23/08/2015,EVENING
7092,1,11,28,29,32,24/08/2015,EVENING
7093,2,5,7,24,27,25/08/2015,EVENING
7094,3,6,17,30,36,26/08/2015,EVENING
7095,1,4,20,26,27,27/08/2015,EVENING
7096,13,16,18,24,30,28/08/2015,EVENING
7097,8,9,18,25,36,29/08/2015,EVENING
7098,5,12,13,27,33,30/08/2015,EVENING
7099,10,21,24,25,26,31/08/2015,EVENING
7100,14,16,17,26,28,01/09/2015,EVENING
7101,5,13,20,21,22,02/09/2015,EVENING
7102,1,11,12,15,28,03/09/2015,EVENING
7103,17,18,25,29,30,04/09/2015,EVENING
7104,3,5,25,32,36,05/09/2015,EVENING
7105,2,3,6,17,32,06/09/2015,EVENING
7106,5,12,16,17,21,07/09/2015,EVENING
7107,3,9,10,21,29,08/09/2015,EVENING
7108,7,12,21,23,31,09/09/2015,EVENING
7109,1,3,30,32,35,10/09/2015,EVENING
7110,3,8,10,19,32,11/09/2015,EVENING
7111,1,7,8,29,33,12/09/2015,EVENING
7112,2,8,22,28,36,13/09/2015,EVENING
7113,6,8,10,19,34,14/09/2015,EVENING
7114,2,18,19,32,35,15/09/2015,EVENING
7115,4,5,8,29,31,16/09/2015,EVENING
7116,7,9,10,30,35,17/09/2015,EVENING
7117,7,12,25,31,36,18/09/2015,EVENING
7118,6,13,16,27,35,19/09/2015,EVENING
7119,2,3,5,11,12,20/09/2015,EVENING
7120,7,15,18,21,25,21/09/2015,EVENING
7121,4,13,18,21,33,22/09/2015,EVENING
7122,10,15,20,29,32,23/09/2015,EVENING
7123,7,11,23,28,31,24/09/2015,EVENING
7124,12,13,20,27,31,25/09/2015,EVENING
7125,3,7,27,30,32,26/09/2015,EVENING
7126,10,21,25,29,35,27/09/2015,EVENING
7127,3,9,13,23,24,28/09/2015,EVENING
7128,5,10,15,18,32,29/09/2015,EVENING
7129,14,20,27,29,30,30/09/2015,EVENING
7130,3,11,24,25,33,01/10/2015,EVENING
7131,11,23,26,29,33,02/10/2015,EVENING
7132,4,5,13,15,21,03/10/2015,EVENING
7133,4,26,27,32,35,04/10/2015,EVENING
7134,1,8,16,34,35,05/10/2015,EVENING
7135,14,15,21,27,36,06/10/2015,EVENING
7136,1,14,16,23,31,07/10/2015,EVENING
7137,1,2,3,6,27,08/10/2015,EVENING
7138,2,5,6,15,22,09/10/2015,EVENING
7139,1,3,25,31,33,10/10/2015,EVENING
7140,8,9,10,18,23,11/10/2015,EVENING
7141,5,9,26,31,35,12/10/2015,EVENING
7142,14,15,21,29,35,13/10/2015,EVENING
7143,2,8,18,30,32,14/10/2015,EVENING
7144,5,6,20,35,36,15/10/2015,EVENING
7145,6,26,29,30,33,16/10/2015,EVENING
7146,7,21,22,23,35,17/10/2015,EVENING
7147,8,11,27,30,32,18/10/2015,EVENING
7148,9,10,13,21,35,19/10/2015,EVENING
7149,24,29,30,33,34,20/10/2015,EVENING
7150,8,10,15,26,32,21/10/2015,EVENING
7151,6,16,20,31,34,22/10/2015,EVENING
7152,7,22,31,33,36,23/10/2015,EVENING
7153,1,20,22,30,36,24/10/2015,EVENING
7154,1,10,14,20,24,25/10/2015,EVENING
7155,10,19,20,22,32,26/10/2015,EVENING
7156,2,6,20,26,32,27/10/2015,EVENING
7157,5,6,21,33,34,28/10/2015,EVENING
7158,8,16,27,32,36,29/10/2015,EVENING
7159,3,4,19,26,29,30/10/2015,EVENING
7160,3,4,11,16,23,31/10/2015,EVENING
7161,3,14,17,26,27,01/11/2015,EVENING
7162,1,9,12,19,30,02/11/2015,EVENING
7163,12,21,25,29,33,03/11/2015,EVENING
7164,1,11,16,17,27,04/11/2015,EVENING
7165,2,10,12,25,30,05/11/2015,EVENING
7166,12,15,30,33,36,06/11/2015,EVENING
7167,6,20,23,25,30,07/11/2015,EVENING
7168,2,16,24,28,35,08/11/2015,EVENING
7169,1,26,28,29,31,09/11/2015,EVENING
7170,2,8,26,27,33,10/11/2015,EVENING
7171,3,25,27,32,34,11/11/2015,EVENING
7172,7,10,13,26,30,12/11/2015,EVENING
7173,9,15,23,27,35,13/11/2015,EVENING
7174,2,7,16,18,27,14/11/2015,EVENING
7175,3,10,26,28,30,15/11/2015,EVENING
7176,1,18,19,24,32,16/11/2015,EVENING
7177,1,8,21,27,33,17/11/2015,EVENING
7178,7,9,14,23,32,18/11/2015,EVENING
7179,7,11,24,31,32,19/11/2015,EVENING
7180,1,3,6,9,27,20/11/2015,EVENING
7181,10,12,14,15,28,21/11/2015,EVENING
7182,1,10,11,18,30,22/11/2015,EVENING
7183,2,12,15,19,25,23/11/2015,EVENING
7184,3,17,22,32,34,24/11/2015,EVENING
7185,8,13,20,25,34,25/11/2015,EVENING
7186,2,5,15,25,30,26/11/2015,EVENING
7187,2,3,11,19,23,27/11/2015,EVENING
7188,5,9,11,16,19,28/11/2015,EVENING
7189,3,6,13,35,36,29/11/2015,EVENING
7190,7,21,22,26,29,30/11/2015,EVENING
7191,1,4,14,16,28,01/12/2015,EVENING
7192,5,14,16,25,26,02/12/2015,EVENING
7193,8,12,21,28,33,03/12/2015,EVENING
7194,2,3,4,6,30,04/12/2015,EVENING
7195,5,15,17,20,23,05/12/2015,EVENING
7196,2,6,12,28,32,06/12/2015,EVENING
7197,3,10,22,25,26,07/12/2015,EVENING
7198,12,13,19,31,35,08/12/2015,EVENING
7199,14,17,21,35,36,09/12/2015,EVENING
7200,3,8,27,34,35,10/12/2015,EVENING
7201,4,6,9,20,29,11/12/2015,EVENING
7202,5,8,16,28,32,12/12/2015,EVENING
7203,1,2,22,33,34,13/12/2015,EVENING
7204,4,11,28,32,36,14/12/2015,EVENING
7205,2,11,14,17,24,15/12/2015,EVENING
7206,1,8,13,14,22,16/12/2015,EVENING
7207,3,6,17,25,26,17/12/2015,EVENING
7208,4,5,14,21,32,18/12/2015,EVENING
7209,5,13,15,17,25,19/12/2015,EVENING
7210,3,16,29,30,34,20/12/2015,EVENING
7211,1,4,9,24,27,21/12/2015,EVENING
7212,7,13,22,23,30,22/12/2015,EVENING
7213,12,16,23,25,30,23/12/2015,EVENING
7214,11,12,19,24,35,24/12/2015,EVENING
7215,5,6,11,18,33,25/12/2015,EVENING
7216,12,22,26,27,35,26/12/2015,EVENING
7217,8,12,16,18,24,27/12/2015,EVENING
7218,5,14,25,30,33,28/12/2015,EVENING
7219,3,15,29,32,35,29/12/2015,EVENING
7220,8,14,17,19,30,30/12/2015,EVENING
7221,13,19,20,29,30,31/12/2015,EVENING
7222,21,22,26,27,34,01/01/2016,EVENING
7223,9,10,26,29,31,02/01/2016,EVENING
7224,8,9,10,12,28,03/01/2016,EVENING
7225,8,10,24,25,26,04/01/2016,EVENING
7226,5,19,22,26,27,05/01/2016,EVENING
7227,22,23,31,32,36,06/01/2016,EVENING
7228,1,4,6,7,27,07/01/2016,EVENING
7229,3,15,18,28,33,08/01/2016,EVENING
7230,3,11,12,17,34,09/01/2016,EVENING
7231,3,7,15,18,33,10/01/2016,EVENING
7232,2,3,10,17,23,11/01/2016,EVENING
7233,1,7,8,15,34,12/01/2016,EVENING
7234,17,22,24,28,29,13/01/2016,EVENING
7235,3,10,16,28,31,14/01/2016,EVENING
7236,11,12,24,31,33,15/01/2016,EVENING
7237,7,10,14,19,33,16/01/2016,EVENING
7238,3,4,13,34,35,17/01/2016,EVENING
7239,11,20,21,25,29,18/01/2016,EVENING
7240,1,6,13,26,33,19/01/2016,EVENING
7241,4,10,30,32,34,20/01/2016,EVENING
7242,3,4,10,16,28,21/01/2016,EVENING
7243,2,7,9,12,22,22/01/2016,EVENING
7244,9,17,21,23,30,23/01/2016,EVENING
7245,5,9,16,18,34,24/01/2016,EVENING
7246,4,8,15,24,36,25/01/2016,EVENING
7247,2,7,9,18,36,26/01/2016,EVENING
7248,6,10,22,32,36,27/01/2016,EVENING
7249,5,13,14,18,20,28/01/2016,EVENING
7250,9,14,23,34,36,29/01/2016,EVENING
7251,6,10,11,27,36,30/01/2016,EVENING
7252,4,7,13,17,29,31/01/2016,EVENING
7253,8,21,23,25,35,01/02/2016,EVENING
7254,8,19,25,27,32,02/02/2016,EVENING
7255,3,9,12,24,26,03/02/2016,EVENING
7256,5,8,18,29,34,04/02/2016,EVENING
7257,5,7,11,32,35,05/02/2016,EVENING
7258,13,15,16,27,30,06/02/2016,EVENING
7259,1,4,6,27,30,07/02/2016,EVENING
7260,5,9,11,26,31,08/02/2016,EVENING
7261,10,12,24,28,34,09/02/2016,EVENING
7262,2,17,21,26,34,10/02/2016,EVENING
7263,3,17,24,27,33,11/02/2016,EVENING
7264,12,15,21,29,33,12/02/2016,EVENING
7265,5,22,28,32,33,13/02/2016,EVENING
7266,4,7,9,18,32,14/02/2016,EVENING
7267,5,14,22,24,32,15/02/2016,EVENING
7268,14,16,19,20,22,16/02/2016,EVENING
7269,8,12,19,31,36,17/02/2016,EVENING
7270,18,22,25,28,29,18/02/2016,EVENING
7271,4,7,9,28,35,19/02/2016,EVENING
7272,7,13,15,17,19,20/02/2016,EVENING
7273,4,5,10,15,19,21/02/2016,EVENING
7274,9,15,26,34,35,22/02/2016,EVENING
7275,9,10,15,21,34,23/02/2016,EVENING
7276,6,19,23,30,36,24/02/2016,EVENING
7277,7,12,14,17,29,25/02/2016,EVENING
7278,1,7,14,27,34,26/02/2016,EVENING
7279,11,12,14,23,34,27/02/2016,EVENING
7280,4,22,23,29,30,28/02/2016,EVENING
7281,8,11,28,35,36,29/02/2016,EVENING
7282,4,21,23,27,31,01/03/2016,EVENING
7283,2,12,21,27,29,02/03/2016,EVENING
7284,5,11,14,15,31,03/03/2016,EVENING
7285,5,13,16,19,28,04/03/2016,EVENING
7286,3,6,20,33,35,05/03/2016,EVENING
7287,17,19,21,35,36,06/03/2016,EVENING
7288,1,4,14,28,36,07/03/2016,EVENING
7289,2,8,19,21,31,08/03/2016,EVENING
7290,6,9,12,13,31,09/03/2016,EVENING
7291,1,4,21,30,35,10/03/2016,EVENING
7292,2,18,21,30,33,11/03/2016,EVENING
7293,3,19,23,27,31,12/03/2016,EVENING
7294,3,18,19,32,34,13/03/2016,EVENING
7295,1,8,12,20,31,14/03/2016,EVENING
7296,11,18,21,24,26,15/03/2016,EVENING
7297,13,27,28,30,36,16/03/2016,EVENING
7298,5,28,29,33,35,17/03/2016,EVENING
7299,13,25,29,33,34,18/03/2016,EVENING
7300,8,11,17,19,27,19/03/2016,EVENING
7301,1,2,18,22,24,20/03/2016,EVENING
7302,2,20,30,32,33,21/03/2016,EVENING
7303,1,2,3,26,29,22/03/2016,EVENING
7304,6,7,10,13,28,23/03/2016,EVENING
7305,11,14,25,34,35,24/03/2016,EVENING
7306,3,4,6,26,32,25/03/2016,EVENING
7307,9,15,24,28,35,26/03/2016,EVENING
7308,24,25,28,31,33,27/03/2016,EVENING
7309,3,12,13,15,25,28/03/2016,EVENING
7310,8,9,20,21,34,29/03/2016,EVENING
7311,1,7,9,15,24,30/03/2016,EVENING
7312,1,9,14,27,28,31/03/2016,EVENING
7313,1,2,5,8,11,01/04/2016,EVENING
7314,9,18,22,26,30,02/04/2016,EVENING
7315,2,17,19,26,27,03/04/2016,EVENING
7316,6,13,18,28,32,04/04/2016,EVENING
7317,6,9,13,23,26,05/04/2016,EVENING
7318,1,21,24,26,29,06/04/2016,EVENING
7319,4,7,15,18,29,07/04/2016,EVENING
7320,9,23,24,27,34,08/04/2016,EVENING
7321,8,13,23,33,34,09/04/2016,EVENING
7322,9,18,19,27,30,10/04/2016,EVENING
7323,11,13,27,31,36,11/04/2016,EVENING
7324,4,8,28,31,35,12/04/2016,EVENING
7325,7,12,25,28,36,13/04/2016,EVENING
7326,1,4,18,24,30,14/04/2016,EVENING
7327,11,23,32,35,36,15/04/2016,EVENING
7328,1,10,12,20,21,16/04/2016,EVENING
7329,1,5,23,31,35,17/04/2016,EVENING
7330,7,24,26,29,31,18/04/2016,EVENING
7331,6,7,11,24,34,19/04/2016,EVENING
7332,4,7,21,25,30,20/04/2016,EVENING
7333,5,7,13,34,36,21/04/2016,EVENING
7334,15,25,28,29,33,22/04/2016,EVENING
7335,5,13,15,29,34,23/04/2016,EVENING
7336,5,7,10,19,24,24/04/2016,EVENING
7337,2,24,27,29,32,25/04/2016,EVENING
7338,4,7,13,20,21,26/04/2016,EVENING
7339,2,15,18,23,26,27/04/2016,EVENING
7340,3,9,13,28,36,28/04/2016,EVENING
7341,1,2,10,15,30,29/04/2016,EVENING
7342,13,29,30,31,34,30/04/2016,EVENING
7343,4,13,14,29,30,01/05/2016,EVENING
7344,1,4,8,19,31,02/05/2016,EVENING
7345,4,8,11,15,32,03/05/2016,EVENING
7346,5,12,21,22,24,04/05/2016,EVENING
7347,11,15,29,30,35,05/05/2016,EVENING
7348,4,10,25,30,34,06/05/2016,EVENING
7349,3,18,20,22,23,07/05/2016,EVENING
7350,1,8,10,14,27,08/05/2016,EVENING
7351,9,11,13,23,32,09/05/2016,EVENING
7352,6,11,16,20,36,10/05/2016,EVENING
7353,5,7,8,21,26,11/05/2016,EVENING
7354,4,7,9,14,25,12/05/2016,EVENING
7355,5,18,20,31,34,13/05/2016,EVENING
7356,3,8,17,22,33,14/05/2016,EVENING
7357,10,15,16,29,33,15/05/2016,EVENING
7358,10,11,12,24,34,16/05/2016,EVENING
7359,3,15,20,32,35,17/05/2016,EVENING
7360,11,25,28,32,36,18/05/2016,EVENING
7361,2,5,7,14,24,19/05/2016,EVENING
7362,5,7,10,29,32,20/05/2016,EVENING
7363,3,4,7,34,35,21/05/2016,EVENING
7364,13,17,20,23,27,22/05/2016,EVENING
7365,4,16,21,30,33,23/05/2016,EVENING
7366,1,4,14,31,35,24/05/2016,EVENING
7367,4,12,13,32,33,25/05/2016,EVENING
7368,1,8,18,30,36,26/05/2016,EVENING
7369,1,6,25,30,35,27/05/2016,EVENING
7370,13,19,22,25,30,28/05/2016,EVENING
7371,2,8,14,26,30,29/05/2016,EVENING
7372,2,5,17,33,35,30/05/2016,EVENING
7373,12,18,25,27,32,31/05/2016,EVENING
7374,1,11,18,21,36,01/06/2016,EVENING
7375,18,21,27,31,36,02/06/2016,EVENING
7376,6,19,20,35,36,03/06/2016,EVENING
7377,18,19,25,26,28,04/06/2016,EVENING
7378,5,7,10,13,30,05/06/2016,EVENING
7379,8,9,18,19,27,06/06/2016,EVENING
7380,8,10,13,20,28,07/06/2016,EVENING
7381,1,20,26,29,33,08/06/2016,EVENING
7382,3,4,8,10,24,09/06/2016,EVENING
7383,1,5,8,14,20,10/06/2016,EVENING
7384,12,21,27,33,34,11/06/2016,EVENING
7385,2,14,28,31,35,12/06/2016,EVENING
7386,11,14,23,24,35,13/06/2016,EVENING
7387,2,14,17,27,32,14/06/2016,EVENING
7388,1,4,5,27,30,15/06/2016,EVENING
7389,13,21,25,26,28,16/06/2016,EVENING
7390,21,26,31,32,36,17/06/2016,EVENING
7391,9,12,20,25,29,18/06/2016,EVENING
7392,4,8,11,20,27,19/06/2016,EVENING
7393,9,11,17,20,22,20/06/2016,EVENING
7394,2,4,9,13,28,21/06/2016,EVENING
7395,1,11,21,31,36,22/06/2016,EVENING
7396,6,7,28,29,34,23/06/2016,EVENING
7397,12,16,17,20,30,24/06/2016,EVENING
7398,1,4,8,26,33,25/06/2016,EVENING
7399,2,13,28,31,36,26/06/2016,EVENING
7400,17,19,20,25,31,27/06/2016,EVENING
7401,1,8,11,30,35,28/06/2016,EVENING
7402,19,21,30,34,36,29/06/2016,EVENING
7403,9,12,15,28,34,30/06/2016,EVENING
7404,7,22,27,33,36,01/07/2016,EVENING
7405,3,9,10,29,30,02/07/2016,EVENING
7406,3,11,15,19,26,03/07/2016,EVENING
7407,4,15,24,29,31,04/07/2016,EVENING
7408,3,5,6,10,31,05/07/2016,EVENING
7409,2,5,16,26,31,06/07/2016,EVENING
7410,1,17,20,27,33,07/07/2016,EVENING
7411,1,3,17,20,36,08/07/2016,EVENING
7412,4,15,16,18,28,09/07/2016,EVENING
7413,4,11,13,19,33,10/07/2016,EVENING
7414,19,22,28,31,34,11/07/2016,EVENING
7415,5,15,25,30,36,12/07/2016,EVENING
7416,1,2,13,15,23,13/07/2016,EVENING
7417,14,20,27,28,30,14/07/2016,EVENING
7418,2,7,9,26,30,15/07/2016,EVENING
7419,1,25,30,31,33,16/07/2016,EVENING
7420,3,6,8,22,32,17/07/2016,EVENING
7421,3,27,34,35,36,18/07/2016,EVENING
7422,6,8,23,33,35,19/07/2016,EVENING
7423,9,26,32,34,36,20/07/2016,EVENING
7424,8,19,23,31,36,21/07/2016,EVENING
7425,7,20,21,30,31,22/07/2016,EVENING
7426,11,13,25,31,32,23/07/2016,EVENING
7427,5,19,26,27,32,24/07/2016,EVENING
7428,1,14,29,31,36,25/07/2016,EVENING
7429,1,18,19,30,34,26/07/2016,EVENING
7430,1,9,24,26,32,27/07/2016,EVENING
7431,2,13,23,24,35,28/07/2016,EVENING
7432,2,3,7,29,36,29/07/2016,EVENING
7433,14,15,25,33,34,30/07/2016,EVENING
7434,1,11,17,28,33,31/07/2016,EVENING
7435,3,7,17,25,34,01/08/2016,EVENING
7436,21,28,30,31,32,02/08/2016,EVENING
7437,7,16,25,33,36,03/08/2016,EVENING
7438,18,19,23,31,32,04/08/2016,EVENING
7439,1,9,13,28,36,05/08/2016,EVENING
7440,7,14,27,29,36,06/08/2016,EVENING
7441,6,12,18,30,31,07/08/2016,EVENING
7442,12,16,20,23,35,08/08/2016,EVENING
7443,3,23,25,33,34,09/08/2016,EVENING
7444,2,5,25,27,32,10/08/2016,EVENING
7445,4,13,17,27,30,11/08/2016,EVENING
7446,1,2,14,22,26,12/08/2016,EVENING
7447,16,19,22,33,34,13/08/2016,EVENING
7448,6,20,27,30,36,14/08/2016,EVENING
7449,1,9,12,26,29,15/08/2016,EVENING
7450,5,14,20,28,31,16/08/2016,EVENING
7451,2,6,16,27,29,17/08/2016,EVENING
7452,1,5,7,9,14,18/08/2016,EVENING
7453,3,12,17,24,30,19/08/2016,EVENING
7454,3,8,17,26,34,20/08/2016,EVENING
7455,13,18,23,35,36,21/08/2016,EVENING
7456,5,12,15,18,28,22/08/2016,EVENING
7457,3,4,7,12,31,23/08/2016,EVENING
7458,3,15,21,24,30,24/08/2016,EVENING
7459,4,8,10,26,34,25/08/2016,EVENING
7460,11,14,15,20,34,26/08/2016,EVENING
7461,2,3,18,20,27,27/08/2016,EVENING
7462,20,23,30,33,35,28/08/2016,EVENING
7463,5,7,9,10,18,29/08/2016,EVENING
7464,3,5,15,16,34,30/08/2016,EVENING
7465,5,6,8,15,23,31/08/2016,EVENING
7466,2,8,21,23,27,01/09/2016,EVENING
7467,1,4,6,16,32,02/09/2016,EVENING
7468,16,20,29,30,31,03/09/2016,EVENING
7469,1,9,13,16,29,04/09/2016,EVENING
7470,5,7,31,33,36,05/09/2016,EVENING
7471,3,16,22,25,34,06/09/2016,EVENING
7472,3,5,7,18,19,07/09/2016,EVENING
7473,11,21,25,28,36,08/09/2016,EVENING
7474,1,13,14,16,26,09/09/2016,EVENING
7475,4,5,16,31,33,10/09/2016,EVENING
7476,2,3,26,30,32,11/09/2016,EVENING
7477,6,8,9,19,23,12/09/2016,EVENING
7478,4,6,14,17,28,13/09/2016,EVENING
7479,4,8,10,25,28,14/09/2016,EVENING
7480,10,12,23,29,33,15/09/2016,EVENING
7481,2,4,9,21,35,16/09/2016,EVENING
7482,3,19,21,22,31,17/09/2016,EVENING
7483,11,16,21,24,27,18/09/2016,EVENING
7484,19,23,25,30,35,19/09/2016,EVENING
7485,13,16,17,27,31,20/09/2016,EVENING
7486,3,5,10,11,16,21/09/2016,EVENING
7487,5,11,18,28,36,22/09/2016,EVENING
7488,8,10,11,13,20,23/09/2016,EVENING
7489,12,13,23,25,30,24/09/2016,EVENING
7490,9,15,18,23,35,25/09/2016,EVENING
7491,1,4,11,24,36,26/09/2016,EVENING
7492,10,12,19,28,32,27/09/2016,EVENING
7493,1,2,22,32,35,28/09/2016,EVENING
7494,3,7,25,34,36,29/09/2016,EVENING
7495,5,10,20,30,33,30/09/2016,EVENING
7496,1,7,18,25,32,01/10/2016,EVENING
7497,7,13,21,25,30,02/10/2016,EVENING
7498,17,20,26,33,34,03/10/2016,EVENING
7499,6,11,16,20,31,04/10/2016,EVENING
7500,10,14,18,24,29,05/10/2016,EVENING
7501,11,15,21,22,34,06/10/2016,EVENING
7502,1,22,25,28,32,07/10/2016,EVENING
7503,3,8,17,27,36,08/10/2016,EVENING
7504,6,9,23,32,35,09/10/2016,EVENING
7505,8,25,27,31,35,10/10/2016,EVENING
7506,1,7,22,33,35,11/10/2016,EVENING
7507,6,12,18,29,33,12/10/2016,EVENING
7508,2,17,19,20,26,13/10/2016,EVENING
7509,21,22,25,31,33,14/10/2016,EVENING
7510,8,12,16,24,25,15/10/2016,EVENING
7511,8,10,23,31,32,16/10/2016,EVENING
7512,11,20,22,24,28,17/10/2016,EVENING
7513,15,17,22,27,33,18/10/2016,EVENING
7514,1,7,9,12,26,19/10/2016,EVENING
7515,4,12,20,22,35,20/10/2016,EVENING
7516,4,8,16,23,32,21/10/2016,EVENING
7517,6,9,13,22,26,22/10/2016,EVENING
7518,1,4,16,20,21,23/10/2016,EVENING
7519,2,15,18,23,28,24/10/2016,EVENING
7520,5,11,14,20,29,25/10/2016,EVENING
7521,2,9,13,21,27,26/10/2016,EVENING
7522,4,10,23,29,32,27/10/2016,EVENING
7523,7,8,10,16,25,28/10/2016,EVENING
7524,7,11,18,20,22,29/10/2016,EVENING
7525,6,10,13,33,34,30/10/2016,EVENING
7526,5,13,17,20,22,31/10/2016,EVENING
7527,5,8,10,14,28,01/11/2016,EVENING
7528,4,8,13,14,36,02/11/2016,EVENING
7529,9,11,24,29,32,03/11/2016,EVENING
7530,6,23,27,28,33,04/11/2016,EVENING
7531,5,9,15,20,27,05/11/2016,EVENING
7532,5,12,17,18,27,06/11/2016,EVENING
7533,4,7,15,21,22,07/11/2016,EVENING
7534,6,9,16,25,27,08/11/2016,EVENING
7535,8,9,12,21,28,09/11/2016,EVENING
7536,1,4,10,11,24,10/11/2016,EVENING
7537,9,11,20,22,35,11/11/2016,EVENING
7538,3,5,12,19,35,12/11/2016,EVENING
7539,6,8,17,29,34,13/11/2016,EVENING
7540,1,16,18,26,31,14/11/2016,EVENING
7541,6,20,24,28,30,15/11/2016,EVENING
7542,3,16,24,27,36,16/11/2016,EVENING
7543,2,11,13,20,28,17/11/2016,EVENING
7544,2,6,9,20,25,18/11/2016,EVENING
7545,12,14,25,26,32,19/11/2016,EVENING
7546,13,19,22,24,31,20/11/2016,EVENING
7547,1,5,8,18,23,21/11/2016,EVENING
7548,14,16,19,24,26,22/11/2016,EVENING
7549,10,19,26,32,33,23/11/2016,EVENING
7550,7,24,28,32,34,24/11/2016,EVENING
7551,3,4,17,20,27,25/11/2016,EVENING
7552,3,17,26,29,36,26/11/2016,EVENING
7553,6,7,18,25,26,27/11/2016,EVENING
7554,12,19,29,32,34,28/11/2016,EVENING
7555,1,2,5,9,19,29/11/2016,EVENING
7556,2,20,23,25,35,30/11/2016,EVENING
7557,1,3,5,31,32,01/12/2016,EVENING
7558,16,20,23,28,33,02/12/2016,EVENING
7559,3,8,21,25,33,03/12/2016,EVENING
7560,3,15,27,29,35,04/12/2016,EVENING
7561,4,12,18,20,29,05/12/2016,EVENING
7562,3,6,26,29,30,06/12/2016,EVENING
7563,11,15,22,28,33,07/12/2016,EVENING
7564,10,25,27,28,35,08/12/2016,EVENING
7565,3,17,19,29,32,09/12/2016,EVENING
7566,4,6,16,18,32,10/12/2016,EVENING
7567,1,6,17,29,35,11/12/2016,EVENING
7568,4,6,27,34,35,12/12/2016,EVENING
7569,4,7,12,14,32,13/12/2016,EVENING
7570,4,25,26,28,33,14/12/2016,EVENING
7571,8,19,20,27,32,15/12/2016,EVENING
7572,4,7,8,9,29,16/12/2016,EVENING
7573,2,7,9,11,13,17/12/2016,EVENING
7574,7,10,14,22,29,18/12/2016,EVENING
7575,1,2,7,28,35,19/12/2016,EVENING
7576,7,10,22,24,35,20/12/2016,EVENING
7577,2,6,14,15,30,21/12/2016,EVENING
7578,7,18,20,24,28,22/12/2016,EVENING
7579,9,10,20,24,33,23/12/2016,EVENING
7580,8,13,25,27,35,24/12/2016,EVENING
7581,8,10,23,28,29,25/12/2016,EVENING
7582,13,26,30,33,36,26/12/2016,EVENING
7583,5,9,13,15,17,27/12/2016,EVENING
7584,7,14,22,34,35,28/12/2016,EVENING
7585,3,5,13,23,36,29/12/2016,EVENING
7586,3,14,17,25,36,30/12/2016,EVENING
7587,2,10,24,27,29,31/12/2016,EVENING
7588,4,16,25,32,34,01/01/2017,EVENING
7589,3,9,17,20,35,02/01/2017,EVENING
7590,5,8,11,28,31,03/01/2017,EVENING
7591,8,9,22,25,30,04/01/2017,EVENING
7592,8,10,14,27,35,05/01/2017,EVENING
7593,3,8,11,28,31,06/01/2017,EVENING
7594,6,10,13,22,23,07/01/2017,EVENING
7595,3,19,25,26,31,08/01/2017,EVENING
7596,3,10,16,18,20,09/01/2017,EVENING
7597,10,11,13,15,24,10/01/2017,EVENING
7598,5,14,18,26,31,11/01/2017,EVENING
7599,5,9,17,20,27,12/01/2017,EVENING
7600,3,24,27,29,31,13/01/2017,EVENING
7601,20,24,27,31,32,14/01/2017,EVENING
7602,5,9,13,35,36,15/01/2017,EVENING
7603,1,16,17,22,30,16/01/2017,EVENING
7604,3,5,9,31,32,17/01/2017,EVENING
7605,23,27,28,33,36,18/01/2017,EVENING
7606,3,5,24,34,36,19/01/2017,EVENING
7607,4,15,17,19,34,20/01/2017,EVENING
7608,9,16,21,25,33,21/01/2017,EVENING
7609,16,23,29,32,35,22/01/2017,EVENING
7610,1,12,26,27,28,23/01/2017,EVENING
7611,1,9,12,15,21,24/01/2017,EVENING
7612,4,9,19,32,33,25/01/2017,EVENING
7613,13,16,24,28,29,26/01/2017,EVENING
7614,4,5,22,24,25,27/01/2017,EVENING
7615,2,22,25,27,31,28/01/2017,EVENING
7616,7,30,34,35,36,29/01/2017,EVENING
7617,1,11,16,26,32,30/01/2017,EVENING
7618,1,2,21,23,26,31/01/2017,EVENING
7619,7,12,19,21,28,01/02/2017,EVENING
7620,1,5,11,24,32,02/02/2017,EVENING
7621,1,2,22,25,33,03/02/2017,EVENING
7622,2,16,19,34,36,04/02/2017,EVENING
7623,4,11,15,19,33,05/02/2017,EVENING
7624,11,23,29,34,35,06/02/2017,EVENING
7625,12,16,20,31,34,07/02/2017,EVENING
7626,11,17,26,29,30,08/02/2017,EVENING
7627,8,15,21,25,32,09/02/2017,EVENING
7628,10,19,20,28,29,10/02/2017,EVENING
7629,8,10,11,17,28,11/02/2017,EVENING
7630,4,11,12,24,33,12/02/2017,EVENING
7631,6,14,15,19,30,13/02/2017,EVENING
7632,1,2,9,23,25,14/02/2017,EVENING
7633,5,15,18,27,35,15/02/2017,EVENING
7634,6,7,17,30,34,16/02/2017,EVENING
7635,9,11,26,27,31,17/02/2017,EVENING
7636,9,13,15,34,35,18/02/2017,EVENING
7637,5,15,26,31,32,19/02/2017,EVENING
7638,8,18,22,23,32,20/02/2017,EVENING
7639,6,15,22,27,32,21/02/2017,EVENING
7640,1,6,13,23,25,22/02/2017,EVENING
7641,7,8,23,28,29,23/02/2017,EVENING
7642,2,16,26,32,35,24/02/2017,EVENING
7643,2,13,31,33,35,25/02/2017,EVENING
7644,13,15,22,24,35,26/02/2017,EVENING
7645,1,3,15,19,27,27/02/2017,EVENING
7646,2,3,5,15,34,28/02/2017,EVENING
7647,4,18,22,32,34,01/03/2017,EVENING
7648,4,8,16,18,29,02/03/2017,EVENING
7649,9,17,22,23,33,03/03/2017,EVENING
7650,2,3,8,16,36,04/03/2017,EVENING
7651,2,8,9,10,33,05/03/2017,EVENING
7652,6,7,18,22,30,06/03/2017,EVENING
7653,2,5,10,22,25,07/03/2017,EVENING
7654,6,20,22,30,33,08/03/2017,EVENING
7655,9,20,25,29,30,09/03/2017,EVENING
7656,11,26,31,33,36,10/03/2017,EVENING
7657,4,6,10,15,35,11/03/2017,EVENING
7658,1,4,5,7,19,12/03/2017,EVENING
7659,11,13,15,19,29,13/03/2017,EVENING
7660,2,12,15,28,31,14/03/2017,EVENING
7661,2,15,17,18,27,15/03/2017,EVENING
7662,6,8,17,19,29,16/03/2017,EVENING
7663,2,4,7,12,25,17/03/2017,EVENING
7664,14,15,20,22,33,18/03/2017,EVENING
7665,2,8,12,15,30,19/03/2017,EVENING
7666,5,11,16,24,25,20/03/2017,EVENING
7667,14,19,21,28,34,21/03/2017,EVENING
7668,17,19,30,31,36,22/03/2017,EVENING
7669,1,14,17,20,35,23/03/2017,EVENING
7670,3,19,23,24,36,24/03/2017,EVENING
7671,3,5,7,8,12,25/03/2017,EVENING
7672,1,3,7,23,27,26/03/2017,EVENING
7673,14,24,25,27,33,27/03/2017,EVENING
7674,1,5,10,16,19,28/03/2017,EVENING
7675,3,10,19,20,25,29/03/2017,EVENING
7676,1,2,11,16,29,30/03/2017,EVENING
7677,2,8,9,18,23,31/03/2017,EVENING
7678,2,13,21,25,26,01/04/2017,EVENING
7679,6,8,16,25,34,02/04/2017,EVENING
7680,2,3,7,23,27,03/04/2017,EVENING
7681,8,9,12,19,24,04/04/2017,EVENING
7682,2,13,14,22,32,05/04/2017,EVENING
7683,8,11,15,22,27,06/04/2017,EVENING
7684,3,4,9,27,31,07/04/2017,EVENING
7685,13,14,18,23,31,08/04/2017,EVENING
7686,9,11,13,30,31,09/04/2017,EVENING
7687,2,19,20,22,29,10/04/2017,EVENING
7688,3,5,6,9,10,11/04/2017,EVENING
7689,1,10,16,26,32,12/04/2017,EVENING
7690,5,12,15,32,34,13/04/2017,EVENING
7691,19,22,25,26,33,14/04/2017,EVENING
7692,3,13,26,33,35,15/04/2017,EVENING
7693,9,11,17,29,35,16/04/2017,EVENING
7694,2,9,10,25,30,17/04/2017,EVENING
7695,24,28,30,31,34,18/04/2017,EVENING
7696,7,10,12,17,30,19/04/2017,EVENING
7697,1,14,18,20,30,20/04/2017,EVENING
7698,10,16,23,30,31,21/04/2017,EVENING
7699,14,15,27,28,34,22/04/2017,EVENING
7700,1,8,19,21,24,23/04/2017,EVENING
7701,23,31,33,35,36,24/04/2017,EVENING
7702,6,14,18,19,26,25/04/2017,EVENING
7703,11,12,26,29,35,26/04/2017,EVENING
7704,6,18,30,32,36,27/04/2017,EVENING
7705,1,3,11,15,19,28/04/2017,EVENING
7706,4,6,13,14,23,29/04/2017,EVENING
7707,10,19,21,27,31,30/04/2017,EVENING
7708,2,5,11,20,26,01/05/2017,EVENING
7709,6,8,13,31,36,02/05/2017,EVENING
7710,5,16,22,24,28,03/05/2017,EVENING
7711,6,9,19,23,36,04/05/2017,EVENING
7712,8,14,15,16,34,05/05/2017,EVENING
7713,13,16,28,33,35,06/05/2017,EVENING
7714,4,11,16,21,23,07/05/2017,EVENING
7715,1,4,17,19,33,08/05/2017,EVENING
7716,2,10,18,22,29,09/05/2017,EVENING
7717,3,9,11,20,31,10/05/2017,EVENING
7718,12,18,22,29,33,11/05/2017,EVENING
7719,3,9,18,25,36,12/05/2017,EVENING
7720,2,22,23,24,36,13/05/2017,EVENING
7721,1,5,9,10,16,14/05/2017,EVENING
7722,15,23,26,29,33,15/05/2017,EVENING
7723,10,20,24,34,35,16/05/2017,EVENING
7724,11,14,15,23,25,17/05/2017,EVENING
7725,4,7,12,20,21,18/05/2017,EVENING
7726,11,12,13,25,28,19/05/2017,EVENING
7727,2,18,19,25,34,20/05/2017,EVENING
7728,12,13,23,26,36,21/05/2017,EVENING
7729,1,8,22,26,32,22/05/2017,EVENING
7730,1,3,4,28,32,23/05/2017,EVENING
7731,1,5,9,17,21,24/05/2017,EVENING
7732,5,11,15,22,27,25/05/2017,EVENING
7733,11,22,27,30,36,26/05/2017,EVENING
7734,15,17,18,22,25,27/05/2017,EVENING
7735,8,9,20,23,29,28/05/2017,EVENING
7736,3,8,14,29,31,29/05/2017,EVENING
7737,6,9,12,23,33,30/05/2017,EVENING
7738,5,22,25,34,35,31/05/2017,EVENING
7739,2,8,22,29,31,01/06/2017,EVENING
7740,4,5,14,16,29,02/06/2017,EVENING
7741,8,14,26,27,33,03/06/2017,EVENING
7742,18,20,22,28,31,04/06/2017,EVENING
7743,3,4,13,16,24,05/06/2017,EVENING
7744,1,19,23,28,29,06/06/2017,EVENING
7745,7,10,16,20,21,07/06/2017,EVENING
7746,3,13,21,23,31,08/06/2017,EVENING
7747,10,22,24,29,34,09/06/2017,EVENING
7748,5,7,11,23,26,10/06/2017,EVENING
7749,2,8,23,28,34,11/06/2017,EVENING
7750,9,13,24,32,34,12/06/2017,EVENING
7751,4,8,23,25,27,13/06/2017,EVENING
7752,1,7,14,16,30,14/06/2017,EVENING
7753,7,14,26,27,33,15/06/2017,EVENING
7754,2,5,8,27,36,16/06/2017,EVENING
7755,17,20,21,26,28,17/06/2017,EVENING
7756,4,5,19,25,34,18/06/2017,EVENING
7757,13,17,26,27,30,19/06/2017,EVENING
7758,13,15,16,24,31,20/06/2017,EVENING
7759,4,15,19,33,35,21/06/2017,EVENING
7760,2,18,22,25,33,22/06/2017,EVENING
7761,8,17,18,24,27,23/06/2017,EVENING
7762,2,3,13,23,26,24/06/2017,EVENING
7763,1,5,20,23,36,25/06/2017,EVENING
7764,7,16,23,26,33,26/06/2017,EVENING
7765,5,6,13,20,30,27/06/2017,EVENING
7766,7,9,18,26,32,28/06/2017,EVENING
7767,4,6,13,14,22,29/06/2017,EVENING
7768,1,4,6,8,11,30/06/2017,EVENING
7769,10,13,15,18,20,01/07/2017,EVENING
7770,3,18,20,24,33,02/07/2017,EVENING
7771,2,10,12,27,30,03/07/2017,EVENING
7772,2,14,24,27,33,04/07/2017,EVENING
7773,4,5,11,21,32,05/07/2017,EVENING
7774,3,4,13,18,25,06/07/2017,EVENING
7775,3,7,22,23,25,07/07/2017,EVENING
7776,2,3,17,18,28,08/07/2017,EVENING
7777,3,12,19,31,35,09/07/2017,EVENING
7778,15,16,21,27,30,10/07/2017,EVENING
7779,6,11,14,19,31,11/07/2017,EVENING
7780,1,3,21,28,33,12/07/2017,EVENING
7781,15,30,31,32,36,13/07/2017,EVENING
7782,9,19,25,32,33,14/07/2017,EVENING
7783,7,12,16,23,25,15/07/2017,EVENING
7784,15,18,30,31,33,16/07/2017,EVENING
7785,11,12,21,23,35,17/07/2017,EVENING
7786,5,18,21,30,35,18/07/2017,EVENING
7787,5,17,18,22,33,19/07/2017,EVENING
7788,9,14,30,33,36,20/07/2017,EVENING
7789,6,7,14,15,27,21/07/2017,EVENING
7790,3,6,8,25,29,22/07/2017,EVENING
7791,1,6,7,14,36,23/07/2017,EVENING
7792,2,14,22,27,32,24/07/2017,EVENING
7793,2,4,5,27,35,25/07/2017,EVENING
7794,1,11,22,35,36,26/07/2017,EVENING
7795,14,15,32,33,35,27/07/2017,EVENING
7796,1,24,26,28,35,28/07/2017,EVENING
7797,2,14,16,25,30,29/07/2017,EVENING
7798,3,27,32,35,36,30/07/2017,EVENING
7799,2,9,19,21,25,31/07/2017,EVENING
7800,6,8,13,20,27,01/08/2017,EVENING
7801,4,9,18,22,25,02/08/2017,EVENING
7802,4,13,27,31,35,03/08/2017,EVENING
7803,5,8,10,19,20,04/08/2017,EVENING
7804,1,3,8,15,33,05/08/2017,EVENING
7805,12,15,22,24,29,06/08/2017,EVENING
7806,1,9,11,12,14,07/08/2017,EVENING
7807,4,9,18,27,34,08/08/2017,EVENING
7808,5,12,17,19,27,09/08/2017,EVENING
7809,1,6,19,34,36,10/08/2017,EVENING
7810,2,6,10,21,27,11/08/2017,EVENING
7811,14,16,18,26,27,12/08/2017,EVENING
7812,20,24,25,33,36,13/08/2017,EVENING
7813,6,25,27,28,34,14/08/2017,EVENING
7814,3,15,22,26,29,15/08/2017,EVENING
7815,9,22,26,30,34,16/08/2017,EVENING
7816,6,10,19,22,31,17/08/2017,EVENING
7817,1,9,10,29,34,18/08/2017,EVENING
7818,1,4,5,20,34,19/08/2017,EVENING
7819,15,21,23,33,36,20/08/2017,EVENING
7820,8,11,16,19,21,21/08/2017,EVENING
7821,4,22,24,28,30,22/08/2017,EVENING
7822,8,9,11,21,33,23/08/2017,EVENING
7823,15,27,28,34,35,24/08/2017,EVENING
7824,6,18,19,32,35,25/08/2017,EVENING
7825,4,5,21,28,34,26/08/2017,EVENING
7826,20,31,32,34,35,27/08/2017,EVENING
7827,5,13,16,28,33,28/08/2017,EVENING
7828,1,16,23,26,33,29/08/2017,EVENING
7829,10,12,19,28,31,30/08/2017,EVENING
7830,2,9,11,19,21,31/08/2017,EVENING
7831,1,14,18,25,30,01/09/2017,EVENING
7832,11,12,13,22,28,02/09/2017,EVENING
7833,2,12,14,24,27,03/09/2017,EVENING
7834,5,10,17,21,34,04/09/2017,EVENING
7835,11,12,16,26,36,05/09/2017,EVENING
7836,5,9,27,29,31,06/09/2017,EVENING
7837,10,18,22,26,28,07/09/2017,EVENING
7838,15,22,26,31,33,08/09/2017,EVENING
7839,4,12,15,25,30,09/09/2017,EVENING
7840,1,4,20,25,32,10/09/2017,EVENING
7841,1,15,25,28,31,11/09/2017,EVENING
7842,15,18,25,33,36,12/09/2017,EVENING
7843,6,7,17,24,28,13/09/2017,EVENING
7844,5,9,19,27,36,14/09/2017,EVENING
7845,9,16,19,23,34,15/09/2017,EVENING
7846,2,7,14,23,31,16/09/2017,EVENING
7847,4,16,18,19,36,17/09/2017,EVENING
7848,3,9,16,17,24,18/09/2017,EVENING
7849,6,17,23,26,36,19/09/2017,EVENING
7850,2,17,23,27,32,20/09/2017,EVENING
7851,3,12,19,22,26,21/09/2017,EVENING
7852,5,11,14,19,31,22/09/2017,EVENING
7853,1,2,4,25,27,23/09/2017,EVENING
7854,3,13,14,20,32,24/09/2017,EVENING
7855,5,14,20,26,28,25/09/2017,EVENING
7856,2,16,19,22,28,26/09/2017,EVENING
7857,7,15,18,23,35,27/09/2017,EVENING
7858,10,14,15,18,31,28/09/2017,EVENING
7859,1,5,7,13,18,29/09/2017,EVENING
7860,9,18,19,23,24,30/09/2017,EVENING
7861,6,7,22,30,34,01/10/2017,EVENING
7862,1,9,17,24,30,02/10/2017,EVENING
7863,9,10,16,25,28,03/10/2017,EVENING
7864,8,17,18,19,22,04/10/2017,EVENING
7865,9,14,22,25,34,05/10/2017,EVENING
7866,7,16,19,24,27,06/10/2017,EVENING
7867,2,13,15,20,29,07/10/2017,EVENING
7868,6,9,12,15,21,08/10/2017,EVENING
7869,2,3,12,16,18,09/10/2017,EVENING
7870,2,14,22,23,28,10/10/2017,EVENING
7871,2,14,22,25,29,11/10/2017,EVENING
7872,9,19,20,28,30,12/10/2017,EVENING
7873,8,12,13,15,18,13/10/2017,EVENING
7874,2,5,16,22,36,14/10/2017,EVENING
7875,2,14,15,24,32,15/10/2017,EVENING
7876,2,7,25,32,36,16/10/2017,EVENING
7877,8,12,15,30,35,17/10/2017,EVENING
7878,1,4,9,10,18,18/10/2017,EVENING
7879,7,11,16,26,30,19/10/2017,EVENING
7880,3,5,7,11,23,20/10/2017,EVENING
7881,6,14,18,20,26,21/10/2017,EVENING
7882,4,7,30,33,36,22/10/2017,EVENING
7883,8,14,18,23,34,23/10/2017,EVENING
7884,2,5,7,12,34,24/10/2017,EVENING
7885,4,10,16,25,29,25/10/2017,EVENING
7886,14,17,19,29,32,26/10/2017,EVENING
7887,9,18,27,35,36,27/10/2017,EVENING
7888,13,18,25,28,30,28/10/2017,EVENING
7889,9,12,15,18,22,29/10/2017,EVENING
7890,5,14,16,19,26,30/10/2017,EVENING
7891,8,13,19,24,26,31/10/2017,EVENING
7892,1,12,15,24,25,01/11/2017,EVENING
7893,20,27,28,33,36,02/11/2017,EVENING
7894,4,9,15,21,27,03/11/2017,EVENING
7895,5,14,20,22,30,04/11/2017,EVENING
7896,2,23,24,26,34,05/11/2017,EVENING
7897,1,10,17,24,29,06/11/2017,EVENING
7898,1,16,27,34,35,07/11/2017,EVENING
7899,3,7,12,26,29,08/11/2017,EVENING
7900,16,18,20,28,33,09/11/2017,EVENING
7901,1,5,15,30,34,10/11/2017,EVENING
7902,1,11,24,25,35,11/11/2017,EVENING
7903,1,22,24,25,26,12/11/2017,EVENING
7904,2,13,16,18,24,13/11/2017,EVENING
7905,9,11,23,26,34,14/11/2017,EVENING
7906,3,8,18,22,24,15/11/2017,EVENING
7907,2,7,17,20,21,16/11/2017,EVENING
7908,7,8,25,31,34,17/11/2017,EVENING
7909,11,19,25,28,35,18/11/2017,EVENING
7910,3,9,26,27,36,19/11/2017,EVENING
7911,6,9,23,24,31,20/11/2017,EVENING
7912,6,8,16,23,35,21/11/2017,EVENING
7913,2,11,22,25,35,22/11/2017,EVENING
7914,12,13,20,32,34,23/11/2017,EVENING
7915,1,13,15,20,36,24/11/2017,EVENING
7916,6,7,10,18,33,25/11/2017,EVENING
7917,4,9,14,20,29,26/11/2017,EVENING
7918,4,8,11,35,36,27/11/2017,EVENING
7919,3,5,6,27,33,28/11/2017,EVENING
7920,19,20,27,29,30,29/11/2017,EVENING
7921,5,6,13,17,24,30/11/2017,EVENING
7922,12,28,32,35,36,01/12/2017,EVENING
7923,20,21,28,29,32,02/12/2017,EVENING
7924,5,9,18,29,32,03/12/2017,EVENING
7925,2,6,18,31,32,04/12/2017,EVENING
7926,6,8,19,29,30,05/12/2017,EVENING
7927,2,10,14,15,20,06/12/2017,EVENING
7928,1,2,6,8,29,07/12/2017,EVENING
7929,13,20,23,25,30,08/12/2017,EVENING
7930,1,5,6,18,20,09/12/2017,EVENING
7931,15,18,19,23,34,10/12/2017,EVENING
7932,6,17,23,29,30,11/12/2017,EVENING
7933,1,3,20,32,33,12/12/2017,EVENING
7934,12,21,32,35,36,13/12/2017,EVENING
7935,3,10,12,20,27,14/12/2017,EVENING
7936,16,23,30,34,35,15/12/2017,EVENING
7937,1,11,16,21,32,16/12/2017,EVENING
7938,5,9,14,17,19,17/12/2017,EVENING
7939,2,8,9,12,27,18/12/2017,EVENING
7940,7,9,18,27,35,19/12/2017,EVENING
7941,5,21,22,23,35,20/12/2017,EVENING
7942,11,13,18,24,28,21/12/2017,EVENING
7943,5,12,20,26,32,22/12/2017,EVENING
7944,13,21,27,29,30,23/12/2017,EVENING
7945,10,15,17,27,35,24/12/2017,EVENING
7946,1,9,21,29,33,25/12/2017,EVENING
7947,1,4,8,20,23,26/12/2017,EVENING
7948,3,18,21,24,25,27/12/2017,EVENING
7949,3,6,7,27,33,28/12/2017,EVENING
7950,11,20,23,33,36,29/12/2017,EVENING
7951,6,11,17,31,33,30/12/2017,EVENING
7952,8,10,16,23,31,31/12/2017,EVENING
7953,11,16,17,22,33,01/01/2018,EVENING
7954,2,11,18,21,28,02/01/2018,EVENING
7955,6,9,13,16,23,03/01/2018,EVENING
7956,2,7,8,22,31,04/01/2018,EVENING
7957,2,3,13,28,32,05/01/2018,EVENING
7958,1,3,9,31,35,06/01/2018,EVENING
7959,1,3,12,24,36,07/01/2018,EVENING
7960,10,12,14,16,19,08/01/2018,EVENING
7961,18,19,26,29,35,09/01/2018,EVENING
7962,5,10,15,18,29,10/01/2018,EVENING
7963,2,13,19,27,28,11/01/2018,EVENING
7964,12,14,23,29,34,12/01/2018,EVENING
7965,11,14,16,19,32,13/01/2018,EVENING
7966,17,23,27,28,34,14/01/2018,EVENING
7967,6,12,24,27,28,15/01/2018,EVENING
7968,12,18,31,32,36,16/01/2018,EVENING
7969,4,8,15,32,33,17/01/2018,EVENING
7970,9,12,17,20,34,18/01/2018,EVENING
7971,19,20,23,24,32,19/01/2018,EVENING
7972,13,14,15,24,35,20/01/2018,EVENING
7973,4,6,8,24,30,21/01/2018,EVENING
7974,5,9,13,14,16,22/01/2018,EVENING
7975,2,5,7,24,32,23/01/2018,EVENING
7976,3,4,18,19,23,24/01/2018,EVENING
7977,5,31,32,35,36,25/01/2018,EVENING
7978,6,22,23,26,34,26/01/2018,EVENING
7979,4,5,6,24,32,27/01/2018,EVENING
7980,10,15,28,30,33,28/01/2018,EVENING
7981,4,5,13,17,33,29/01/2018,EVENING
7982,3,6,11,12,35,30/01/2018,EVENING
7983,6,13,14,20,26,31/01/2018,EVENING
7984,9,12,20,25,28,01/02/2018,EVENING
7985,1,9,16,25,33,02/02/2018,EVENING
7986,9,15,17,29,32,03/02/2018,EVENING
7987,6,10,27,33,35,04/02/2018,EVENING
7988,2,7,9,15,35,05/02/2018,EVENING
7989,2,23,25,26,31,06/02/2018,EVENING
7990,12,19,23,32,34,07/02/2018,EVENING
7991,3,9,24,29,31,08/02/2018,EVENING
7992,7,10,14,18,36,09/02/2018,EVENING
7993,3,5,10,12,32,10/02/2018,EVENING
7994,4,7,9,20,32,11/02/2018,EVENING
7995,4,12,13,18,35,12/02/2018,EVENING
7996,3,4,16,20,22,13/02/2018,EVENING
7997,7,22,24,32,33,14/02/2018,EVENING
7998,4,11,14,19,25,15/02/2018,EVENING
7999,9,15,16,18,34,16/02/2018,EVENING
8000,7,16,25,29,30,17/02/2018,EVENING
8001,25,27,29,32,33,18/02/2018,EVENING
8002,4,17,18,19,28,19/02/2018,EVENING
8003,3,13,17,19,36,20/02/2018,EVENING
8004,17,22,28,34,36,21/02/2018,EVENING
8005,1,7,17,22,25,22/02/2018,EVENING
8006,4,17,29,32,36,23/02/2018,EVENING
8007,3,8,19,21,28,24/02/2018,EVENING
8008,4,13,17,22,30,25/02/2018,EVENING
8009,4,6,9,30,35,26/02/2018,EVENING
8010,1,4,5,11,14,27/02/2018,EVENING
8011,1,12,14,20,32,28/02/2018,EVENING
8012,3,4,12,21,22,01/03/2018,EVENING
8013,1,8,25,26,29,02/03/2018,EVENING
8014,12,20,22,34,35,03/03/2018,EVENING
8015,4,12,16,26,36,04/03/2018,EVENING
8016,5,13,18,25,35,05/03/2018,EVENING
8017,2,4,13,19,33,06/03/2018,EVENING
8018,9,12,22,26,32,07/03/2018,EVENING
8019,1,2,4,12,13,08/03/2018,EVENING
8020,3,16,27,32,35,09/03/2018,EVENING
8021,8,10,15,21,31,10/03/2018,EVENING
8022,3,5,20,26,32,11/03/2018,EVENING
8023,8,11,17,21,34,12/03/2018,EVENING
8024,17,20,32,35,36,13/03/2018,EVENING
8025,10,21,25,28,32,14/03/2018,EVENING
8026,9,30,31,32,33,15/03/2018,EVENING
8027,12,25,28,29,34,16/03/2018,EVENING
8028,6,8,25,27,34,17/03/2018,EVENING
8029,2,10,11,32,33,18/03/2018,EVENING
8030,3,6,8,13,28,19/03/2018,EVENING
8031,7,14,25,26,27,20/03/2018,EVENING
8032,3,4,9,14,32,21/03/2018,EVENING
8033,8,9,16,24,33,22/03/2018,EVENING
8034,7,8,10,32,36,23/03/2018,EVENING
8035,13,14,17,22,26,24/03/2018,EVENING
8036,10,12,16,28,32,25/03/2018,EVENING
8037,6,15,17,33,34,26/03/2018,EVENING
8038,12,13,16,23,27,27/03/2018,EVENING
8039,1,7,8,13,18,28/03/2018,EVENING
8040,3,5,17,18,35,29/03/2018,EVENING
8041,14,26,29,31,36,30/03/2018,EVENING
8042,21,25,30,32,36,31/03/2018,EVENING
8043,4,9,13,16,34,01/04/2018,EVENING
8044,3,8,22,24,26,02/04/2018,EVENING
8045,7,11,15,26,31,03/04/2018,EVENING
8046,14,16,20,22,30,04/04/2018,EVENING
8047,7,17,19,22,27,05/04/2018,EVENING
8048,6,13,17,30,36,06/04/2018,EVENING
8049,12,15,19,23,25,07/04/2018,EVENING
8050,6,18,19,28,32,08/04/2018,EVENING
8051,25,27,30,33,34,09/04/2018,EVENING
8052,5,8,24,27,35,10/04/2018,EVENING
8053,21,22,23,35,36,11/04/2018,EVENING
8054,7,17,20,23,30,12/04/2018,EVENING
8055,2,15,16,27,34,13/04/2018,EVENING
8056,7,8,10,27,32,14/04/2018,EVENING
8057,14,21,22,26,28,15/04/2018,EVENING
8058,10,17,18,19,24,16/04/2018,EVENING
8059,1,21,23,30,35,17/04/2018,EVENING
8060,6,9,10,30,31,18/04/2018,EVENING
8061,7,11,13,16,20,19/04/2018,EVENING
8062,1,13,17,19,20,20/04/2018,EVENING
8063,15,17,18,21,34,21/04/2018,EVENING
8064,1,7,9,14,25,22/04/2018,EVENING
8065,7,16,24,25,26,23/04/2018,EVENING
8066,1,9,13,25,33,24/04/2018,EVENING
8067,4,7,8,13,22,25/04/2018,EVENING
8068,6,12,13,24,26,26/04/2018,EVENING
8069,6,14,24,28,35,27/04/2018,EVENING
8070,3,4,23,27,28,28/04/2018,EVENING
8071,18,23,24,26,31,29/04/2018,EVENING
8072,10,11,15,21,30,30/04/2018,EVENING
8073,14,17,26,29,31,01/05/2018,EVENING
8074,7,8,11,13,14,02/05/2018,EVENING
8075,11,26,32,33,36,03/05/2018,EVENING
8076,4,5,13,15,21,04/05/2018,EVENING
8077,5,11,13,23,32,05/05/2018,EVENING
8078,8,12,21,28,30,06/05/2018,EVENING
8079,1,2,5,11,23,07/05/2018,EVENING
8080,12,16,19,21,36,08/05/2018,EVENING
8081,2,8,13,29,34,09/05/2018,EVENING
8082,9,16,29,32,33,10/05/2018,EVENING
8083,1,2,14,30,32,11/05/2018,EVENING
8084,12,13,23,27,31,12/05/2018,EVENING
8085,3,21,29,31,36,13/05/2018,EVENING
8086,6,7,14,21,30,14/05/2018,EVENING
8087,11,15,22,29,31,15/05/2018,EVENING
8088,8,11,19,20,22,16/05/2018,EVENING
8089,10,11,17,20,22,17/05/2018,EVENING
8090,15,16,17,32,36,18/05/2018,EVENING
8091,6,23,33,34,36,19/05/2018,EVENING
8092,7,18,22,23,34,20/05/2018,EVENING
8093,7,11,13,22,33,21/05/2018,EVENING
8094,9,22,26,27,32,22/05/2018,EVENING
8095,3,9,28,32,36,23/05/2018,EVENING
8096,12,14,21,26,32,24/05/2018,EVENING
8097,7,18,20,23,32,25/05/2018,EVENING
8098,10,12,17,18,25,26/05/2018,EVENING
8099,8,10,17,21,34,27/05/2018,EVENING
8100,6,14,19,21,33,28/05/2018,EVENING
8101,6,25,32,34,35,29/05/2018,EVENING
8102,6,16,17,21,31,30/05/2018,EVENING
8103,8,11,19,29,36,31/05/2018,EVENING
8104,3,14,15,18,33,01/06/2018,EVENING
8105,1,8,25,28,34,02/06/2018,EVENING
8106,3,4,10,24,34,03/06/2018,EVENING
8107,1,2,4,14,24,04/06/2018,EVENING
8108,19,21,22,28,35,05/06/2018,EVENING
8109,3,19,27,30,31,06/06/2018,EVENING
8110,2,5,9,23,35,07/06/2018,EVENING
8111,12,16,28,29,30,08/06/2018,EVENING
8112,10,16,19,25,31,09/06/2018,EVENING
8113,4,10,16,20,22,10/06/2018,EVENING
8114,6,8,10,12,22,11/06/2018,EVENING
8115,3,4,19,31,34,12/06/2018,EVENING
8116,2,6,13,28,32,13/06/2018,EVENING
8117,2,7,22,26,32,14/06/2018,EVENING
8118,7,10,16,20,30,15/06/2018,EVENING
8119,3,21,26,27,36,16/06/2018,EVENING
8120,4,9,11,12,14,17/06/2018,EVENING
8121,3,9,15,28,34,18/06/2018,EVENING
8122,2,17,19,22,26,19/06/2018,EVENING
8123,8,25,28,30,35,20/06/2018,EVENING
8124,15,24,26,31,32,21/06/2018,EVENING
8125,9,12,18,30,35,22/06/2018,EVENING
8126,2,14,16,35,36,23/06/2018,EVENING
8127,3,4,6,28,36,24/06/2018,EVENING
8128,8,13,19,22,30,25/06/2018,EVENING
8129,8,11,22,25,26,26/06/2018,EVENING
8130,6,18,26,31,34,27/06/2018,EVENING
8131,2,11,19,25,26,28/06/2018,EVENING
8132,9,10,18,22,30,29/06/2018,EVENING
8133,5,11,17,30,35,30/06/2018,EVENING
8134,5,12,16,22,27,01/07/2018,EVENING
8135,2,11,33,35,36,02/07/2018,EVENING
8136,12,27,28,29,36,03/07/2018,EVENING
8137,4,7,21,30,36,04/07/2018,EVENING
8138,1,19,21,23,36,05/07/2018,EVENING
8139,3,12,14,24,33,06/07/2018,EVENING
8140,2,11,12,32,36,07/07/2018,EVENING
8141,6,13,21,23,36,08/07/2018,EVENING
8142,2,3,10,24,32,09/07/2018,EVENING
8143,2,5,7,12,28,10/07/2018,EVENING
8144,6,18,23,27,34,11/07/2018,EVENING
8145,11,18,20,29,36,12/07/2018,EVENING
8146,14,19,20,27,34,13/07/2018,EVENING
8147,12,14,19,22,23,14/07/2018,EVENING
8148,3,8,10,13,30,15/07/2018,EVENING
8149,3,4,22,25,27,16/07/2018,EVENING
8150,7,12,14,22,32,17/07/2018,EVENING
8151,4,10,22,25,32,18/07/2018,EVENING
8152,3,22,30,32,33,19/07/2018,EVENING
8153,2,7,19,20,33,20/07/2018,EVENING
8154,2,13,18,26,30,21/07/2018,EVENING
8155,2,9,11,14,16,22/07/2018,EVENING
8156,6,7,11,29,35,23/07/2018,EVENING
8157,2,7,12,18,19,24/07/2018,EVENING
8158,1,7,18,19,33,25/07/2018,EVENING
8159,9,10,17,21,30,26/07/2018,EVENING
8160,1,2,5,19,24,27/07/2018,EVENING
8161,7,12,18,25,34,28/07/2018,EVENING
8162,14,20,25,26,36,29/07/2018,EVENING
8163,2,3,9,19,28,30/07/2018,EVENING
8164,8,15,18,25,30,31/07/2018,EVENING
8165,16,22,24,27,33,01/08/2018,EVENING
8166,12,15,22,23,26,02/08/2018,EVENING
8167,3,5,10,22,32,03/08/2018,EVENING
8168,8,9,22,32,35,04/08/2018,EVENING
8169,7,22,26,30,31,05/08/2018,EVENING
8170,5,7,17,29,35,06/08/2018,EVENING
8171,11,12,17,30,36,07/08/2018,EVENING
8172,1,3,18,21,29,08/08/2018,EVENING
8173,1,6,11,13,33,09/08/2018,EVENING
8174,7,11,15,18,34,10/08/2018,EVENING
8175,4,7,9,12,25,11/08/2018,EVENING
8176,14,19,26,29,31,12/08/2018,EVENING
8177,15,18,26,31,34,13/08/2018,EVENING
8178,15,24,28,35,36,14/08/2018,EVENING
8179,2,4,5,7,20,15/08/2018,EVENING
8180,14,16,24,28,33,16/08/2018,EVENING
8181,7,11,18,30,31,17/08/2018,EVENING
8182,5,19,28,29,34,18/08/2018,EVENING
8183,2,4,15,23,31,19/08/2018,EVENING
8184,1,8,21,33,36,20/08/2018,EVENING
8185,8,15,19,23,28,21/08/2018,EVENING
8186,2,12,16,29,32,22/08/2018,EVENING
8187,3,7,11,15,34,23/08/2018,EVENING
8188,2,4,10,22,36,24/08/2018,EVENING
8189,13,16,20,27,29,25/08/2018,EVENING
8190,2,21,26,33,36,26/08/2018,EVENING
8191,6,9,25,34,36,27/08/2018,EVENING
8192,9,20,22,30,32,28/08/2018,EVENING
8193,6,16,17,19,27,29/08/2018,EVENING
8194,16,23,24,32,34,30/08/2018,EVENING
8195,1,3,8,16,20,31/08/2018,EVENING
8196,18,24,25,27,30,01/09/2018,EVENING
8197,1,7,11,21,29,02/09/2018,EVENING
8198,12,13,20,31,34,03/09/2018,EVENING
8199,1,6,13,30,36,04/09/2018,EVENING
8200,8,13,16,30,32,05/09/2018,EVENING
8201,7,17,23,25,28,06/09/2018,EVENING
8202,4,10,16,24,36,07/09/2018,EVENING
8203,16,21,26,30,31,08/09/2018,EVENING
8204,1,2,12,27,30,09/09/2018,EVENING
8205,3,10,25,30,31,10/09/2018,EVENING
8206,4,7,8,13,15,11/09/2018,EVENING
8207,14,15,22,29,36,12/09/2018,EVENING
8208,1,3,9,17,29,13/09/2018,EVENING
8209,8,15,19,21,26,14/09/2018,EVENING
8210,4,5,8,13,30,15/09/2018,EVENING
8211,10,14,21,26,35,16/09/2018,EVENING
8212,1,7,24,32,35,17/09/2018,EVENING
8213,3,6,18,23,27,18/09/2018,EVENING
8214,5,17,18,23,25,19/09/2018,EVENING
8215,1,6,25,35,36,20/09/2018,EVENING
8216,2,5,16,27,36,21/09/2018,EVENING
8217,2,5,6,13,17,22/09/2018,EVENING
8218,6,19,22,24,30,23/09/2018,EVENING
8219,1,8,13,26,30,24/09/2018,EVENING
8220,8,17,18,23,36,25/09/2018,EVENING
8221,2,7,22,29,30,26/09/2018,EVENING
8222,9,12,24,30,33,27/09/2018,EVENING
8223,7,23,24,28,35,28/09/2018,EVENING
8224,1,12,13,14,33,29/09/2018,EVENING
8225,10,12,16,20,36,30/09/2018,EVENING
8226,1,5,20,24,25,01/10/2018,EVENING
8227,7,14,19,23,31,02/10/2018,EVENING
8228,4,6,15,29,31,03/10/2018,EVENING
8229,11,14,18,20,35,04/10/2018,EVENING
8230,1,15,16,19,24,05/10/2018,EVENING
8231,2,8,12,18,28,06/10/2018,EVENING
8232,21,23,25,26,31,07/10/2018,EVENING
8233,9,20,22,33,34,08/10/2018,EVENING
8234,3,6,12,17,29,09/10/2018,EVENING
8235,6,21,24,33,36,10/10/2018,EVENING
8236,2,3,11,20,31,11/10/2018,EVENING
8237,8,9,28,31,35,12/10/2018,EVENING
8238,8,22,23,30,33,13/10/2018,EVENING
8239,9,10,12,13,35,14/10/2018,EVENING
8240,2,15,16,17,32,15/10/2018,EVENING
8241,4,6,9,20,23,16/10/2018,EVENING
8242,2,5,9,30,32,17/10/2018,EVENING
8243,9,10,11,17,31,18/10/2018,EVENING
8244,3,4,10,24,34,19/10/2018,EVENING
8245,10,15,17,18,33,20/10/2018,EVENING
8246,7,12,29,31,32,21/10/2018,EVENING
8247,6,8,12,24,32,22/10/2018,EVENING
8248,4,17,24,29,33,23/10/2018,EVENING
8249,1,20,25,32,34,24/10/2018,EVENING
8250,10,17,19,28,34,25/10/2018,EVENING
8251,3,8,24,25,28,26/10/2018,EVENING
8252,1,17,28,30,35,27/10/2018,EVENING
8253,5,9,15,23,32,28/10/2018,EVENING
8254,11,14,22,26,35,29/10/2018,EVENING
8255,11,17,20,26,29,30/10/2018,EVENING
8256,7,11,15,16,31,31/10/2018,EVENING
8257,5,7,11,23,33,01/11/2018,EVENING
8258,7,15,18,27,30,02/11/2018,EVENING
8259,9,15,24,25,36,03/11/2018,EVENING
8260,13,20,23,27,29,04/11/2018,EVENING
8261,10,18,19,24,35,05/11/2018,EVENING
8262,4,7,18,28,29,06/11/2018,EVENING
8263,1,13,24,28,29,07/11/2018,EVENING
8264,13,21,25,34,35,08/11/2018,EVENING
8265,7,17,18,22,26,09/11/2018,EVENING
8266,5,6,12,17,32,10/11/2018,EVENING
8267,6,9,13,19,29,11/11/2018,EVENING
8268,2,9,17,22,32,12/11/2018,EVENING
8269,2,4,6,14,25,13/11/2018,EVENING
8270,8,9,11,22,34,14/11/2018,EVENING
8271,1,7,9,22,32,15/11/2018,EVENING
8272,1,8,11,30,32,16/11/2018,EVENING
8273,11,17,33,34,35,17/11/2018,EVENING
8274,6,10,13,22,32,18/11/2018,EVENING
8275,9,10,26,31,35,19/11/2018,EVENING
8276,9,11,14,25,27,20/11/2018,EVENING
8277,1,8,13,14,15,21/11/2018,EVENING
8278,8,20,22,33,36,22/11/2018,EVENING
8279,2,11,22,29,31,23/11/2018,EVENING
8280,4,9,16,17,23,24/11/2018,EVENING
8281,8,9,13,19,30,25/11/2018,EVENING
8282,6,18,19,27,33,26/11/2018,EVENING
8283,2,4,9,14,29,27/11/2018,EVENING
8284,7,16,19,23,28,28/11/2018,EVENING
8285,7,8,22,23,34,29/11/2018,EVENING
8286,1,5,9,11,25,30/11/2018,EVENING
8287,11,12,17,33,36,01/12/2018,EVENING
8288,2,10,11,28,33,02/12/2018,EVENING
8289,2,6,8,26,29,03/12/2018,EVENING
8290,5,12,24,27,29,04/12/2018,EVENING
8291,10,14,20,24,32,05/12/2018,EVENING
8292,11,12,17,29,33,06/12/2018,EVENING
8293,19,24,26,32,33,07/12/2018,EVENING
8294,6,13,31,33,35,08/12/2018,EVENING
8295,6,8,11,16,25,09/12/2018,EVENING
8296,1,3,6,15,18,10/12/2018,EVENING
8297,5,6,16,19,36,11/12/2018,EVENING
8298,9,11,19,21,33,12/12/2018,EVENING
8299,1,3,24,25,29,13/12/2018,EVENING
8300,10,11,13,24,33,14/12/2018,EVENING
8301,2,16,29,31,35,15/12/2018,EVENING
8302,8,11,21,29,30,16/12/2018,EVENING
8303,20,25,27,30,36,17/12/2018,EVENING
8304,6,8,24,27,33,18/12/2018,EVENING
8305,6,18,23,25,31,19/12/2018,EVENING
8306,10,16,23,29,30,20/12/2018,EVENING
8307,6,9,11,16,30,21/12/2018,EVENING
8308,9,13,22,24,26,22/12/2018,EVENING
8309,12,14,27,31,34,23/12/2018,EVENING
8310,3,6,9,14,22,24/12/2018,EVENING
8311,6,9,19,21,30,25/12/2018,EVENING
8312,2,7,10,17,35,26/12/2018,EVENING
8313,1,4,11,27,33,27/12/2018,EVENING
8314,4,19,21,29,35,28/12/2018,EVENING
8315,5,6,22,27,33,29/12/2018,EVENING
8316,15,16,19,30,34,30/12/2018,EVENING
8317,6,7,29,32,35,31/12/2018,EVENING
8318,6,8,24,30,35,01/01/2019,EVENING
8319,3,20,23,34,36,02/01/2019,EVENING
8320,12,24,28,32,33,03/01/2019,EVENING
8321,4,19,24,26,34,04/01/2019,EVENING
8322,2,14,24,33,34,05/01/2019,EVENING
8323,6,14,15,28,34,06/01/2019,EVENING
8324,3,6,7,25,27,07/01/2019,EVENING
8325,6,16,20,26,27,08/01/2019,EVENING
8326,1,11,21,26,32,09/01/2019,EVENING
8327,9,23,25,29,34,10/01/2019,EVENING
8328,1,3,13,23,34,11/01/2019,EVENING
8329,2,8,24,25,30,12/01/2019,EVENING
8330,2,15,16,21,31,13/01/2019,EVENING
8331,7,11,22,27,33,14/01/2019,EVENING
8332,1,2,7,30,32,15/01/2019,EVENING
8333,9,14,19,26,35,16/01/2019,EVENING
8334,1,5,7,10,22,17/01/2019,EVENING
8335,1,3,8,11,29,18/01/2019,EVENING
8336,10,24,26,27,31,19/01/2019,EVENING
8337,5,10,11,15,23,20/01/2019,EVENING
8338,2,11,19,28,35,21/01/2019,EVENING
8339,6,7,11,21,29,22/01/2019,EVENING
8340,3,7,15,18,36,23/01/2019,EVENING
8341,1,3,12,27,30,24/01/2019,EVENING
8342,7,10,12,14,32,25/01/2019,EVENING
8343,4,10,19,23,27,26/01/2019,EVENING
8344,1,4,5,26,36,27/01/2019,EVENING
8345,8,9,13,16,25,28/01/2019,EVENING
8346,9,13,28,31,35,29/01/2019,EVENING
8347,6,10,18,23,25,30/01/2019,EVENING
8348,1,3,5,8,9,31/01/2019,EVENING
8349,2,10,12,26,35,01/02/2019,EVENING
8350,4,14,27,31,35,02/02/2019,EVENING
8351,12,13,21,27,31,03/02/2019,EVENING
8352,5,10,12,35,36,04/02/2019,EVENING
8353,6,16,17,20,31,05/02/2019,EVENING
8354,5,10,11,12,28,06/02/2019,EVENING
8355,11,15,23,24,29,07/02/2019,EVENING
8356,9,14,20,34,35,08/02/2019,EVENING
8357,4,11,14,18,25,09/02/2019,EVENING
8358,9,12,18,27,34,10/02/2019,EVENING
8359,2,13,19,30,33,11/02/2019,EVENING
8360,10,17,22,32,35,12/02/2019,EVENING
8361,4,24,28,29,34,13/02/2019,EVENING
8362,9,12,22,33,34,14/02/2019,EVENING
8363,4,11,13,21,34,15/02/2019,EVENING
8364,11,12,16,26,36,16/02/2019,EVENING
8365,20,25,32,33,35,17/02/2019,EVENING
8366,5,21,22,26,29,18/02/2019,EVENING
8367,2,9,10,16,20,19/02/2019,EVENING
8368,5,9,14,19,26,20/02/2019,EVENING
8369,5,20,24,26,34,21/02/2019,EVENING
8370,3,25,34,35,36,22/02/2019,EVENING
8371,3,8,11,17,34,23/02/2019,EVENING
8372,2,6,21,24,28,24/02/2019,EVENING
8373,2,5,8,15,30,25/02/2019,EVENING
8374,10,11,25,28,31,26/02/2019,EVENING
8375,4,11,15,24,27,27/02/2019,EVENING
8376,7,10,15,26,30,28/02/2019,EVENING
8377,16,17,22,23,30,01/03/2019,EVENING
8378,1,4,5,13,21,02/03/2019,EVENING
8379,3,13,26,31,32,03/03/2019,EVENING
8380,3,4,11,15,18,04/03/2019,EVENING
8381,1,15,16,29,34,05/03/2019,EVENING
8382,5,7,11,18,29,06/03/2019,EVENING
8383,2,5,27,32,36,07/03/2019,EVENING
8384,8,12,33,35,36,08/03/2019,EVENING
8385,5,11,16,18,22,09/03/2019,EVENING
8386,8,11,20,27,32,10/03/2019,EVENING
8387,4,8,10,12,16,11/03/2019,EVENING
8388,5,6,17,25,32,12/03/2019,EVENING
8389,14,25,26,27,36,13/03/2019,EVENING
8390,2,6,13,14,31,14/03/2019,EVENING
8391,7,15,19,22,27,15/03/2019,EVENING
8392,2,4,6,9,24,16/03/2019,EVENING
8393,4,6,10,15,36,17/03/2019,EVENING
8394,8,11,23,30,36,18/03/2019,EVENING
8395,4,7,15,28,36,19/03/2019,EVENING
8396,1,19,26,35,36,20/03/2019,EVENING
8397,5,6,9,23,27,21/03/2019,EVENING
8398,5,16,17,28,29,22/03/2019,EVENING
8399,5,11,19,25,34,23/03/2019,EVENING
8400,12,17,26,27,33,24/03/2019,EVENING
8401,10,21,27,31,36,25/03/2019,EVENING
8402,6,7,16,17,25,26/03/2019,EVENING
8403,6,7,13,19,33,27/03/2019,EVENING
8404,9,10,18,20,26,28/03/2019,EVENING
8405,9,18,26,29,32,29/03/2019,EVENING
8406,1,6,9,11,20,30/03/2019,EVENING
8407,6,19,31,34,36,31/03/2019,EVENING
8408,1,9,11,15,33,01/04/2019,EVENING
8409,3,16,20,21,26,02/04/2019,EVENING
8410,1,3,4,12,28,03/04/2019,EVENING
8411,8,15,22,26,33,04/04/2019,EVENING
8412,2,8,18,27,30,05/04/2019,EVENING
8413,5,11,19,29,30,06/04/2019,EVENING
8414,15,23,27,31,32,07/04/2019,EVENING
8415,9,14,18,24,25,08/04/2019,EVENING
8416,5,14,15,17,35,09/04/2019,EVENING
8417,5,13,17,28,35,10/04/2019,EVENING
8418,5,8,17,22,29,11/04/2019,EVENING
8419,15,22,26,30,34,12/04/2019,EVENING
8420,6,11,20,31,36,13/04/2019,EVENING
8421,4,10,16,20,24,14/04/2019,EVENING
8422,3,6,13,23,30,15/04/2019,EVENING
8423,6,12,20,28,34,16/04/2019,EVENING
8424,14,15,21,26,32,17/04/2019,EVENING
8425,3,5,7,32,35,18/04/2019,EVENING
8426,9,16,22,24,33,19/04/2019,EVENING
8427,9,16,24,28,29,20/04/2019,EVENING
8428,9,10,11,22,27,21/04/2019,EVENING
8429,10,12,21,33,36,22/04/2019,EVENING
8430,9,12,21,32,34,23/04/2019,EVENING
8431,2,4,9,18,33,24/04/2019,EVENING
8432,9,14,22,25,30,25/04/2019,EVENING
8433,12,13,16,34,35,26/04/2019,EVENING
8434,1,10,13,17,33,27/04/2019,EVENING
8435,1,2,30,32,35,28/04/2019,EVENING
8436,2,3,28,33,35,29/04/2019,EVENING
8437,3,6,18,34,35,30/04/2019,EVENING
8438,12,13,24,29,35,01/05/2019,EVENING
8439,18,20,27,28,30,02/05/2019,EVENING
8440,16,17,24,31,34,03/05/2019,EVENING
8441,6,24,27,29,36,04/05/2019,EVENING
8442,7,13,18,21,26,05/05/2019,EVENING
8443,7,9,19,29,34,06/05/2019,EVENING
8444,6,7,14,20,35,07/05/2019,EVENING
8445,2,14,19,23,36,08/05/2019,EVENING
8446,6,19,20,32,35,09/05/2019,EVENING
8447,6,8,18,23,35,10/05/2019,EVENING
8448,13,16,31,33,35,11/05/2019,EVENING
8449,2,5,8,14,30,12/05/2019,EVENING
8450,7,13,20,25,35,13/05/2019,EVENING
8451,4,7,14,16,24,14/05/2019,EVENING
8452,8,11,16,17,34,15/05/2019,EVENING
8453,11,14,20,26,29,16/05/2019,EVENING
8454,5,7,8,24,27,17/05/2019,EVENING
8455,8,21,22,30,35,18/05/2019,EVENING
8456,4,11,29,31,35,19/05/2019,EVENING
8457,4,5,10,13,34,20/05/2019,EVENING
8458,2,4,10,33,36,21/05/2019,EVENING
8459,12,18,26,27,28,22/05/2019,EVENING
8460,3,4,7,12,23,23/05/2019,EVENING
8461,1,3,19,32,35,24/05/2019,EVENING
8462,4,5,6,13,33,25/05/2019,EVENING
8463,17,20,23,32,35,26/05/2019,EVENING
8464,1,22,28,30,34,27/05/2019,EVENING
8465,1,8,26,33,34,28/05/2019,EVENING
8466,12,28,31,33,36,29/05/2019,EVENING
8467,8,17,19,24,26,30/05/2019,EVENING
8468,4,8,14,22,31,31/05/2019,EVENING
8469,2,5,10,18,36,01/06/2019,EVENING
8470,11,14,19,29,31,02/06/2019,EVENING
8471,2,11,27,29,33,03/06/2019,EVENING
8472,2,3,7,23,36,04/06/2019,EVENING
8473,17,23,25,35,36,05/06/2019,EVENING
8474,20,25,27,30,34,06/06/2019,EVENING
8475,13,29,30,32,36,07/06/2019,EVENING
8476,9,12,14,21,26,08/06/2019,EVENING
8477,4,11,16,19,20,09/06/2019,EVENING
8478,7,17,18,20,35,10/06/2019,EVENING
8479,5,11,14,29,31,11/06/2019,EVENING
8480,10,16,24,31,35,12/06/2019,EVENING
8481,5,12,17,28,29,13/06/2019,EVENING
8482,7,13,18,27,36,14/06/2019,EVENING
8483,19,20,26,34,35,15/06/2019,EVENING
8484,17,18,19,22,24,16/06/2019,EVENING
8485,2,4,9,15,32,17/06/2019,EVENING
8486,5,13,22,24,31,18/06/2019,EVENING
8487,3,4,22,26,27,19/06/2019,EVENING
8488,10,18,25,30,33,20/06/2019,EVENING
8489,1,3,4,18,35,21/06/2019,EVENING
8490,6,20,25,29,36,22/06/2019,EVENING
8491,4,20,26,27,33,23/06/2019,EVENING
8492,2,7,25,29,36,24/06/2019,EVENING
8493,5,16,18,21,35,25/06/2019,EVENING
8494,5,7,14,27,32,26/06/2019,EVENING
8495,19,23,24,26,27,27/06/2019,EVENING
8496,4,15,16,30,36,28/06/2019,EVENING
8497,4,12,16,20,21,29/06/2019,EVENING
8498,6,17,22,25,31,30/06/2019,EVENING
8499,3,9,17,22,31,01/07/2019,EVENING
8500,5,14,24,30,35,02/07/2019,EVENING
8501,6,17,22,24,28,03/07/2019,EVENING
8502,2,3,13,17,33,04/07/2019,EVENING
8503,5,7,17,19,26,05/07/2019,EVENING
8504,6,11,13,27,33,06/07/2019,EVENING
8505,3,8,16,22,24,07/07/2019,EVENING
8506,9,16,21,23,35,08/07/2019,EVENING
8507,22,26,28,29,36,09/07/2019,EVENING
8508,23,29,30,33,35,10/07/2019,EVENING
8509,18,26,29,32,33,11/07/2019,EVENING
8510,2,4,18,26,29,12/07/2019,EVENING
8511,9,20,21,26,28,13/07/2019,EVENING
8512,1,3,13,26,31,14/07/2019,EVENING
8513,2,13,25,27,29,15/07/2019,EVENING
8514,15,25,26,31,34,16/07/2019,EVENING
8515,8,10,12,27,33,17/07/2019,EVENING
8516,8,16,23,25,29,18/07/2019,EVENING
8517,11,14,16,19,22,19/07/2019,EVENING
8518,3,7,8,19,28,20/07/2019,EVENING
8519,2,10,12,25,28,21/07/2019,EVENING
8520,2,5,11,18,34,22/07/2019,EVENING
8521,1,29,30,33,34,23/07/2019,EVENING
8522,18,21,25,33,34,24/07/2019,EVENING
8523,7,12,14,23,32,25/07/2019,EVENING
8524,2,3,27,31,32,26/07/2019,EVENING
8525,12,18,20,28,35,27/07/2019,EVENING
8526,6,16,24,28,35,28/07/2019,EVENING
8527,7,8,31,35,36,29/07/2019,EVENING
8528,8,17,25,30,31,30/07/2019,EVENING
8529,7,8,16,19,20,31/07/2019,EVENING
8530,2,12,23,30,34,01/08/2019,EVENING
8531,3,18,21,35,36,02/08/2019,EVENING
8532,3,12,14,30,36,03/08/2019,EVENING
8533,13,18,19,29,31,04/08/2019,EVENING
8534,1,3,18,23,31,05/08/2019,EVENING
8535,11,21,29,30,35,06/08/2019,EVENING
8536,2,4,5,19,27,07/08/2019,EVENING
8537,8,11,14,28,35,08/08/2019,EVENING
8538,12,14,20,30,35,09/08/2019,EVENING
8539,2,14,16,19,34,10/08/2019,EVENING
8540,5,22,24,31,33,11/08/2019,EVENING
8541,11,13,24,25,36,12/08/2019,EVENING
8542,4,22,23,33,35,13/08/2019,EVENING
8543,3,10,18,21,35,14/08/2019,EVENING
8544,7,12,29,30,31,15/08/2019,EVENING
8545,1,2,3,16,23,16/08/2019,EVENING
8546,12,13,19,20,23,17/08/2019,EVENING
8547,6,10,12,14,20,18/08/2019,EVENING
8548,3,10,13,32,34,19/08/2019,EVENING
8549,4,5,16,24,35,20/08/2019,EVENING
8550,10,17,23,24,25,21/08/2019,EVENING
8551,15,19,20,28,33,22/08/2019,EVENING
8552,5,11,26,30,32,23/08/2019,EVENING
8553,17,18,27,30,34,24/08/2019,EVENING
8554,3,4,20,29,31,25/08/2019,EVENING
8555,10,17,18,29,34,26/08/2019,EVENING
8556,4,23,25,31,32,27/08/2019,EVENING
8557,1,5,14,17,27,28/08/2019,EVENING
8558,19,22,24,28,34,29/08/2019,EVENING
8559,4,9,24,26,28,30/08/2019,EVENING
8560,9,16,24,26,34,31/08/2019,EVENING
8561,10,18,22,25,34,01/09/2019,EVENING
8562,8,12,17,19,28,02/09/2019,EVENING
8563,1,6,17,24,28,03/09/2019,EVENING
8564,4,6,17,29,34,04/09/2019,EVENING
8565,8,10,13,16,35,05/09/2019,EVENING
8566,6,8,9,18,19,06/09/2019,EVENING
8567,5,7,16,21,33,07/09/2019,EVENING
8568,4,9,15,33,36,08/09/2019,EVENING
8569,1,7,19,25,34,09/09/2019,EVENING
8570,2,4,7,25,26,10/09/2019,EVENING
8571,3,15,20,24,34,11/09/2019,EVENING
8572,8,23,25,27,36,12/09/2019,EVENING
8573,7,8,11,16,31,13/09/2019,EVENING
8574,7,24,29,31,36,14/09/2019,EVENING
8575,10,16,21,29,35,15/09/2019,EVENING
8576,1,13,33,34,36,16/09/2019,EVENING
8577,15,17,20,21,30,17/09/2019,EVENING
8578,1,11,17,30,32,18/09/2019,EVENING
8579,3,5,14,31,32,19/09/2019,EVENING
8580,10,23,25,28,31,20/09/2019,EVENING
8581,1,2,6,8,18,21/09/2019,EVENING
8582,2,4,21,24,32,22/09/2019,EVENING
8583,6,7,11,14,32,23/09/2019,EVENING
8584,7,10,17,20,26,24/09/2019,EVENING
8585,3,7,25,32,36,25/09/2019,EVENING
8586,11,21,24,29,31,26/09/2019,EVENING
8587,5,8,15,21,25,27/09/2019,EVENING
8588,2,3,17,21,35,28/09/2019,EVENING
8589,11,17,20,27,32,29/09/2019,EVENING
8590,2,4,7,29,33,30/09/2019,EVENING
8591,2,5,18,24,32,01/10/2019,EVENING
8592,2,7,12,15,35,02/10/2019,EVENING
8593,8,12,27,33,35,03/10/2019,EVENING
8594,7,15,24,29,35,04/10/2019,EVENING
8595,8,12,20,21,25,05/10/2019,EVENING
8596,2,5,13,23,29,06/10/2019,EVENING
8597,3,4,8,20,29,07/10/2019,EVENING
8598,2,9,10,23,30,08/10/2019,EVENING
8599,6,18,25,32,33,09/10/2019,EVENING
8600,6,19,20,21,23,10/10/2019,EVENING
8601,1,11,19,26,29,11/10/2019,EVENING
8602,2,17,21,35,36,12/10/2019,EVENING
8603,9,11,23,26,27,13/10/2019,EVENING
8604,5,17,27,31,32,14/10/2019,EVENING
8605,3,6,7,26,29,15/10/2019,EVENING
8606,11,13,22,28,32,16/10/2019,EVENING
8607,1,5,6,16,20,17/10/2019,EVENING
8608,6,22,26,34,35,18/10/2019,EVENING
8609,9,18,29,32,33,19/10/2019,EVENING
8610,6,14,22,27,30,20/10/2019,EVENING
8611,5,14,18,26,33,21/10/2019,EVENING
8612,4,16,17,19,34,22/10/2019,EVENING
8613,9,13,16,33,34,23/10/2019,EVENING
8614,3,5,11,22,29,24/10/2019,EVENING
8615,2,10,17,25,28,25/10/2019,EVENING
8616,1,11,12,15,30,26/10/2019,EVENING
8617,5,10,12,27,28,27/10/2019,EVENING
8618,8,17,20,22,25,28/10/2019,EVENING
8619,2,7,12,20,33,29/10/2019,EVENING
8620,4,5,21,34,35,30/10/2019,EVENING
8621,8,17,22,25,32,31/10/2019,EVENING
8622,1,17,24,34,35,01/11/2019,EVENING
8623,15,18,21,23,30,02/11/2019,EVENING
8624,2,5,11,14,33,03/11/2019,EVENING
8625,2,7,12,16,33,04/11/2019,EVENING
8626,4,6,9,17,25,05/11/2019,EVENING
8627,4,16,17,22,24,06/11/2019,EVENING
8628,6,11,12,15,31,07/11/2019,EVENING
8629,5,9,18,19,36,08/11/2019,EVENING
8630,16,23,25,29,31,09/11/2019,EVENING
8631,4,7,32,35,36,10/11/2019,EVENING
8632,10,21,25,33,35,11/11/2019,EVENING
8633,12,17,19,28,36,12/11/2019,EVENING
8634,2,20,23,24,28,13/11/2019,EVENING
8635,6,7,15,21,27,14/11/2019,EVENING
8636,4,6,15,21,27,15/11/2019,EVENING
8637,8,14,23,26,29,16/11/2019,EVENING
8638,13,14,21,24,25,17/11/2019,EVENING
8639,2,4,20,33,34,18/11/2019,EVENING
8640,4,7,15,16,18,19/11/2019,EVENING
8641,4,6,13,25,29,20/11/2019,EVENING
8642,2,18,22,30,31,21/11/2019,EVENING
8643,14,16,21,26,31,22/11/2019,EVENING
8644,2,4,12,14,34,23/11/2019,EVENING
8645,5,8,13,26,27,24/11/2019,EVENING
8646,2,9,17,21,34,25/11/2019,EVENING
8647,5,15,21,29,34,26/11/2019,EVENING
8648,1,16,24,31,32,27/11/2019,EVENING
8649,6,16,20,22,34,28/11/2019,EVENING
8650,1,13,15,26,27,29/11/2019,EVENING
8651,2,13,22,24,25,30/11/2019,EVENING
8652,4,7,13,20,31,01/12/2019,EVENING
8653,8,17,21,23,32,02/12/2019,EVENING
8654,4,21,25,29,35,03/12/2019,EVENING
8655,16,19,24,27,29,04/12/2019,EVENING
8656,5,19,26,32,36,05/12/2019,EVENING
8657,1,5,22,24,36,06/12/2019,EVENING
8658,9,31,33,34,36,07/12/2019,EVENING
8659,16,19,20,21,29,08/12/2019,EVENING
8660,9,10,14,16,32,09/12/2019,EVENING
8661,9,19,21,25,35,10/12/2019,EVENING
8662,8,15,17,24,31,11/12/2019,EVENING
8663,2,10,17,35,36,12/12/2019,EVENING
8664,9,21,24,27,29,13/12/2019,EVENING
8665,1,19,24,27,35,14/12/2019,EVENING
8666,6,9,12,24,25,15/12/2019,EVENING
8667,3,6,7,20,32,16/12/2019,EVENING
8668,2,19,21,29,31,17/12/2019,EVENING
8669,2,13,22,29,30,18/12/2019,EVENING
8670,2,6,25,32,34,19/12/2019,EVENING
8671,8,12,15,26,30,20/12/2019,EVENING
8672,14,19,24,26,27,21/12/2019,EVENING
8673,7,14,22,29,31,22/12/2019,EVENING
8674,5,15,23,26,31,23/12/2019,EVENING
8675,15,19,23,25,31,24/12/2019,EVENING
8676,7,17,18,23,31,25/12/2019,EVENING
8677,6,9,15,24,26,26/12/2019,EVENING
8678,7,11,12,24,35,27/12/2019,EVENING
8679,3,23,24,32,35,28/12/2019,EVENING
8680,10,11,12,22,30,29/12/2019,EVENING
8681,1,2,4,7,34,30/12/2019,EVENING
8682,3,10,14,15,17,31/12/2019,EVENING
8683,3,5,6,22,23,01/01/2020,EVENING
8684,3,9,17,23,26,02/01/2020,EVENING
8685,5,6,13,24,29,03/01/2020,EVENING
8686,12,18,22,23,33,04/01/2020,EVENING
8687,12,15,21,28,30,05/01/2020,EVENING
8688,5,6,19,31,33,06/01/2020,EVENING
8689,14,21,25,29,32,07/01/2020,EVENING
8690,19,23,25,27,30,08/01/2020,EVENING
8691,2,3,19,24,27,09/01/2020,EVENING
8692,4,10,14,27,29,10/01/2020,EVENING
8693,1,10,20,24,36,11/01/2020,EVENING
8694,9,17,24,30,35,12/01/2020,EVENING
8695,3,4,5,9,24,13/01/2020,EVENING
8696,5,10,17,20,22,14/01/2020,EVENING
8697,1,7,9,22,26,15/01/2020,EVENING
8698,8,9,10,30,33,16/01/2020,EVENING
8699,4,10,11,26,32,17/01/2020,EVENING
8700,1,5,19,28,34,18/01/2020,EVENING
8701,3,10,17,28,36,19/01/2020,EVENING
8702,7,9,26,32,34,20/01/2020,EVENING
8703,2,6,10,15,17,21/01/2020,EVENING
8704,3,4,8,14,18,22/01/2020,EVENING
8705,13,15,16,21,35,23/01/2020,EVENING
8706,12,13,17,20,34,24/01/2020,EVENING
8707,5,14,21,22,35,25/01/2020,EVENING
8708,11,17,18,31,35,26/01/2020,EVENING
8709,1,14,22,27,35,27/01/2020,EVENING
8710,14,16,19,22,31,28/01/2020,EVENING
8711,10,13,17,21,23,29/01/2020,EVENING
8712,1,13,14,16,18,30/01/2020,EVENING
8713,5,8,17,25,34,31/01/2020,EVENING
8714,3,5,11,17,24,01/02/2020,EVENING
8715,10,21,27,35,36,02/02/2020,EVENING
8716,6,7,11,29,31,03/02/2020,EVENING
8717,21,23,24,33,35,04/02/2020,EVENING
8718,3,9,13,14,35,05/02/2020,EVENING
8719,4,16,19,22,26,06/02/2020,EVENING
8720,8,11,22,23,35,07/02/2020,EVENING
8721,2,3,4,6,9,08/02/2020,EVENING
8722,12,18,22,23,29,09/02/2020,EVENING
8723,4,15,17,25,34,10/02/2020,EVENING
8724,9,10,14,29,32,11/02/2020,EVENING
8725,2,6,13,19,22,12/02/2020,EVENING
8726,3,11,15,23,27,13/02/2020,EVENING
8727,2,7,8,25,28,14/02/2020,EVENING
8728,4,13,17,18,19,15/02/2020,EVENING
8729,1,15,22,29,31,16/02/2020,EVENING
8730,9,13,18,27,36,17/02/2020,EVENING
8731,2,8,14,19,33,18/02/2020,EVENING
8732,3,21,22,26,34,19/02/2020,EVENING
8733,9,17,28,29,35,20/02/2020,EVENING
8734,1,5,14,15,29,21/02/2020,EVENING
8735,2,24,26,27,36,22/02/2020,EVENING
8736,20,23,32,34,35,23/02/2020,EVENING
8737,10,14,17,19,36,24/02/2020,EVENING
8738,13,14,17,26,33,25/02/2020,EVENING
8739,2,7,10,16,26,26/02/2020,EVENING
8740,1,2,10,18,30,27/02/2020,EVENING
8741,4,5,15,24,33,28/02/2020,EVENING
8742,3,15,16,20,25,29/02/2020,EVENING
8743,11,12,15,16,21,01/03/2020,EVENING
8744,14,22,25,35,36,02/03/2020,EVENING
8745,4,11,14,17,32,03/03/2020,EVENING
8746,3,10,25,29,33,04/03/2020,EVENING
8747,20,21,25,26,28,05/03/2020,EVENING
8748,15,17,19,25,27,06/03/2020,EVENING
8749,8,10,18,25,31,07/03/2020,EVENING
8750,1,4,8,9,21,08/03/2020,EVENING
8751,10,11,19,30,34,09/03/2020,EVENING
8752,19,22,23,26,33,10/03/2020,EVENING
8753,4,5,13,14,32,11/03/2020,EVENING
8754,3,5,15,24,28,12/03/2020,EVENING
8755,7,25,26,29,34,13/03/2020,EVENING
8756,11,14,26,28,30,14/03/2020,EVENING
8757,1,15,16,23,24,15/03/2020,EVENING
8758,3,8,10,14,29,16/03/2020,EVENING
8759,3,12,21,31,36,17/03/2020,EVENING
8760,2,7,9,17,24,18/03/2020,EVENING
8761,5,17,19,21,35,19/03/2020,EVENING
8762,1,3,6,16,17,20/03/2020,EVENING
8763,14,22,24,29,32,21/03/2020,EVENING
8764,3,14,24,30,32,22/03/2020,EVENING
8765,1,9,10,15,34,23/03/2020,EVENING
8766,2,26,29,30,33,24/03/2020,EVENING
8767,4,15,28,30,31,25/03/2020,EVENING
8768,3,14,20,21,35,26/03/2020,EVENING
8769,1,13,15,17,26,27/03/2020,EVENING
8770,14,26,29,30,33,28/03/2020,EVENING
8771,8,19,22,28,33,29/03/2020,EVENING
8772,10,11,16,17,26,30/03/2020,EVENING
8773,2,12,19,27,35,31/03/2020,EVENING
8774,3,4,32,34,36,01/04/2020,EVENING
8775,7,14,25,26,35,02/04/2020,EVENING
8776,3,12,25,34,36,03/04/2020,EVENING
8777,1,13,17,33,35,04/04/2020,EVENING
8778,17,20,27,33,34,05/04/2020,EVENING
8779,1,6,13,22,24,06/04/2020,EVENING
8780,4,5,12,25,33,07/04/2020,EVENING
8781,2,14,16,32,35,08/04/2020,EVENING
8782,12,13,15,28,33,09/04/2020,EVENING
8783,6,8,31,32,33,10/04/2020,EVENING
8784,2,7,8,13,16,11/04/2020,EVENING
8785,3,5,7,23,32,12/04/2020,EVENING
8786,2,13,25,32,33,13/04/2020,EVENING
8787,10,18,24,25,30,14/04/2020,EVENING
8788,1,6,12,15,18,15/04/2020,EVENING
8789,1,2,7,14,19,16/04/2020,EVENING
8790,5,13,16,21,28,17/04/2020,EVENING
8791,13,15,23,31,35,18/04/2020,EVENING
8792,9,11,16,32,35,19/04/2020,EVENING
8793,3,4,16,35,36,20/04/2020,EVENING
8794,3,11,15,22,35,21/04/2020,EVENING
8795,2,10,11,20,25,22/04/2020,EVENING
8796,12,22,24,29,33,23/04/2020,EVENING
8797,1,4,20,23,32,24/04/2020,EVENING
8798,4,26,33,34,35,25/04/2020,EVENING
8799,1,10,17,25,27,26/04/2020,EVENING
8800,2,11,17,22,23,27/04/2020,EVENING
8801,3,5,10,26,32,28/04/2020,EVENING
8802,4,5,14,15,33,29/04/2020,EVENING
8803,6,19,23,24,27,30/04/2020,EVENING
8804,16,17,19,22,35,01/05/2020,EVENING
8805,3,7,9,11,27,02/05/2020,EVENING
8806,9,16,23,28,30,03/05/2020,EVENING
8807,6,11,14,15,35,04/05/2020,EVENING
8808,5,9,17,24,25,05/05/2020,EVENING
8809,6,11,21,33,35,06/05/2020,EVENING
8810,1,6,11,20,21,07/05/2020,EVENING
8811,6,14,16,20,24,08/05/2020,EVENING
8812,3,8,19,20,27,09/05/2020,EVENING
8813,5,7,8,14,25,10/05/2020,EVENING
8814,4,6,10,25,29,11/05/2020,EVENING
8815,16,20,26,35,36,12/05/2020,EVENING
8816,14,18,25,29,30,13/05/2020,EVENING
8817,15,21,23,34,36,14/05/2020,EVENING
8818,5,9,11,26,29,15/05/2020,EVENING
8819,14,17,19,28,30,16/05/2020,EVENING
8820,5,17,26,34,35,17/05/2020,EVENING
8821,7,15,17,22,29,18/05/2020,EVENING
8822,4,12,13,15,23,19/05/2020,EVENING
8823,13,20,32,33,34,20/05/2020,EVENING
8824,13,24,29,35,36,21/05/2020,EVENING
8825,6,13,14,18,35,22/05/2020,EVENING
8826,10,16,27,31,35,23/05/2020,EVENING
8827,10,12,17,23,27,24/05/2020,EVENING
8828,1,10,11,13,15,25/05/2020,EVENING
8829,7,24,26,27,32,26/05/2020,EVENING
8830,6,11,22,26,30,27/05/2020,EVENING
8831,4,18,25,26,33,28/05/2020,EVENING
8832,12,24,26,27,32,29/05/2020,EVENING
8833,8,18,25,32,33,30/05/2020,EVENING
8834,3,13,17,20,34,31/05/2020,EVENING
8835,10,23,30,33,34,01/06/2020,EVENING
8836,12,14,28,29,33,02/06/2020,EVENING
8837,2,16,18,20,24,03/06/2020,EVENING
8838,6,12,18,22,24,04/06/2020,EVENING
8839,4,11,14,28,29,05/06/2020,EVENING
8840,3,11,23,26,35,06/06/2020,EVENING
8841,9,16,19,23,29,07/06/2020,EVENING
8842,10,16,22,33,34,08/06/2020,EVENING
8843,2,5,19,24,34,09/06/2020,EVENING
8844,8,17,26,33,34,10/06/2020,EVENING
8845,2,6,9,14,15,11/06/2020,EVENING
8846,4,8,15,22,34,12/06/2020,EVENING
8847,11,12,15,24,31,13/06/2020,EVENING
8848,2,6,8,13,26,14/06/2020,EVENING
8849,7,10,23,28,30,15/06/2020,EVENING
8850,4,8,9,27,31,16/06/2020,EVENING
8851,2,7,14,33,34,17/06/2020,EVENING
8852,1,3,5,29,31,18/06/2020,EVENING
8853,2,5,8,16,20,19/06/2020,EVENING
8854,7,18,24,26,34,20/06/2020,EVENING
8855,3,9,18,22,26,21/06/2020,EVENING
8856,6,11,22,29,34,22/06/2020,EVENING
8857,4,6,9,14,31,23/06/2020,EVENING
8858,5,9,10,28,31,24/06/2020,EVENING
8859,7,12,13,26,29,25/06/2020,EVENING
8860,2,5,12,24,31,26/06/2020,EVENING
8861,1,8,18,23,26,27/06/2020,EVENING
8862,3,8,18,23,28,28/06/2020,EVENING
8863,1,6,17,20,28,29/06/2020,EVENING
8864,7,8,19,24,35,30/06/2020,EVENING
8865,3,7,15,23,31,01/07/2020,EVENING
8866,3,20,30,34,36,02/07/2020,EVENING
8867,3,4,11,31,36,03/07/2020,EVENING
8868,2,12,25,33,36,04/07/2020,EVENING
8869,1,3,15,24,35,05/07/2020,EVENING
8870,13,19,20,21,31,06/07/2020,EVENING
8871,10,11,19,22,36,07/07/2020,EVENING
8872,6,8,13,21,22,08/07/2020,EVENING
8873,16,19,26,30,33,09/07/2020,EVENING
8874,1,6,22,25,28,10/07/2020,EVENING
8875,4,11,23,27,33,11/07/2020,EVENING
8876,3,8,16,31,36,12/07/2020,EVENING
8877,10,15,21,23,33,13/07/2020,EVENING
8878,9,18,20,30,34,14/07/2020,EVENING
8879,6,18,23,27,29,15/07/2020,EVENING
8880,4,17,22,24,30,16/07/2020,EVENING
8881,3,14,16,18,20,17/07/2020,EVENING
8882,9,14,15,18,31,18/07/2020,EVENING
8883,3,4,14,28,32,19/07/2020,EVENING
8884,11,22,26,30,31,20/07/2020,EVENING
8885,2,14,19,23,24,21/07/2020,EVENING
8886,3,18,19,23,33,22/07/2020,EVENING
8887,15,19,22,25,31,23/07/2020,EVENING
8888,9,10,15,33,35,24/07/2020,EVENING
8889,3,9,21,22,34,25/07/2020,EVENING
8890,6,9,14,23,24,26/07/2020,EVENING
8891,1,3,21,30,32,27/07/2020,EVENING
8892,25,31,32,35,36,28/07/2020,EVENING
8893,2,10,25,28,29,29/07/2020,EVENING
8894,4,6,17,22,31,30/07/2020,EVENING
8895,9,14,15,29,35,31/07/2020,EVENING
8896,6,9,15,28,32,01/08/2020,EVENING
8897,5,17,26,29,35,02/08/2020,EVENING
8898,8,27,29,34,35,03/08/2020,EVENING
8899,5,13,15,26,33,04/08/2020,EVENING
8900,14,17,18,24,27,05/08/2020,EVENING
8901,2,10,13,17,35,06/08/2020,EVENING
8902,3,4,17,33,36,07/08/2020,EVENING
8903,6,21,28,32,36,08/08/2020,EVENING
8904,4,8,15,25,34,09/08/2020,EVENING
8905,14,19,27,30,33,10/08/2020,EVENING
8906,11,15,27,30,35,11/08/2020,EVENING
8907,7,15,17,32,36,12/08/2020,EVENING
8908,1,7,10,13,21,13/08/2020,EVENING
8909,13,24,32,33,35,14/08/2020,EVENING
8910,11,15,21,23,34,15/08/2020,EVENING
8911,10,13,32,35,36,16/08/2020,EVENING
8912,6,32,33,34,36,17/08/2020,EVENING
8913,5,9,12,18,28,18/08/2020,EVENING
8914,12,16,19,29,34,19/08/2020,EVENING
8915,6,10,15,17,34,20/08/2020,EVENING
8916,15,19,28,30,33,21/08/2020,EVENING
8917,12,17,21,25,36,22/08/2020,EVENING
8918,7,11,17,26,29,23/08/2020,EVENING
8919,6,8,14,31,34,24/08/2020,EVENING
8920,13,21,24,32,36,25/08/2020,EVENING
8921,3,8,18,21,24,26/08/2020,EVENING
8922,4,19,22,25,28,27/08/2020,EVENING
8923,4,8,10,22,23,28/08/2020,EVENING
8924,2,6,13,15,32,29/08/2020,EVENING
8925,7,18,19,27,30,30/08/2020,EVENING
8926,2,24,26,28,30,31/08/2020,EVENING
8927,7,12,23,26,31,01/09/2020,EVENING
8928,9,13,15,23,33,02/09/2020,EVENING
8929,9,10,12,18,32,03/09/2020,EVENING
8930,13,17,23,25,33,04/09/2020,EVENING
8931,2,20,25,28,30,05/09/2020,EVENING
8932,4,5,13,28,29,06/09/2020,EVENING
8933,9,12,16,19,27,07/09/2020,EVENING
8934,5,7,11,22,26,08/09/2020,EVENING
8935,6,17,20,23,26,09/09/2020,EVENING
8936,1,5,19,31,35,10/09/2020,EVENING
8937,5,10,21,32,35,11/09/2020,EVENING
8938,2,3,7,16,17,12/09/2020,EVENING
8939,11,25,27,28,33,13/09/2020,EVENING
8940,7,11,23,30,33,14/09/2020,EVENING
8941,1,11,19,23,29,15/09/2020,EVENING
8942,11,19,21,28,31,16/09/2020,EVENING
8943,8,15,19,25,35,17/09/2020,EVENING
8944,7,11,13,26,29,18/09/2020,EVENING
8945,3,5,14,23,26,19/09/2020,EVENING
8946,4,15,16,18,19,20/09/2020,EVENING
8947,5,6,7,24,34,21/09/2020,EVENING
8948,15,16,24,31,35,22/09/2020,EVENING
8949,5,20,21,31,35,23/09/2020,EVENING
8950,4,12,27,31,36,24/09/2020,EVENING
8951,3,9,25,29,31,25/09/2020,EVENING
8952,8,13,14,21,36,26/09/2020,EVENING
8953,3,9,10,12,25,27/09/2020,EVENING
8954,17,24,25,27,34,28/09/2020,EVENING
8955,8,17,24,29,32,29/09/2020,EVENING
8956,4,5,6,25,28,30/09/2020,EVENING
8957,12,13,23,29,34,01/10/2020,EVENING
8958,4,22,23,34,36,02/10/2020,EVENING
8959,13,19,24,26,30,03/10/2020,EVENING
8960,17,20,21,22,29,04/10/2020,EVENING
8961,13,15,21,33,34,05/10/2020,EVENING
8962,5,22,23,29,35,06/10/2020,EVENING
8963,8,14,30,31,33,07/10/2020,EVENING
8964,14,20,22,25,36,08/10/2020,EVENING
8965,10,17,20,27,30,09/10/2020,EVENING
8966,17,22,23,30,36,10/10/2020,EVENING
8967,1,12,19,28,32,11/10/2020,EVENING
8968,4,10,21,24,35,12/10/2020,EVENING
8969,7,12,16,22,30,13/10/2020,EVENING
8970,2,7,16,19,33,14/10/2020,EVENING
8971,5,12,14,18,36,15/10/2020,EVENING
8972,1,14,26,28,31,16/10/2020,EVENING
8973,6,12,28,35,36,17/10/2020,EVENING
8974,4,10,11,20,21,18/10/2020,EVENING
8975,10,20,22,25,29,19/10/2020,EVENING
8976,1,5,11,17,19,20/10/2020,EVENING
8977,5,9,11,16,29,21/10/2020,EVENING
8978,3,6,8,16,20,22/10/2020,EVENING
8979,7,17,21,30,31,23/10/2020,EVENING
8980,2,3,19,22,26,24/10/2020,EVENING
8981,3,17,20,25,33,25/10/2020,EVENING
8982,12,13,16,21,36,26/10/2020,EVENING
8983,2,8,10,14,18,27/10/2020,EVENING
8984,3,19,30,33,36,28/10/2020,EVENING
8985,5,6,12,17,21,29/10/2020,EVENING
8986,1,5,7,16,34,30/10/2020,EVENING
8987,12,19,21,26,31,31/10/2020,EVENING
8988,4,5,8,13,26,01/11/2020,EVENING
8989,1,8,11,12,30,02/11/2020,EVENING
8990,11,12,19,22,30,03/11/2020,EVENING
8991,1,11,13,19,31,04/11/2020,EVENING
8992,9,21,27,31,32,05/11/2020,EVENING
8993,8,11,24,26,33,06/11/2020,EVENING
8994,6,21,25,27,30,07/11/2020,EVENING
8995,1,9,16,18,30,08/11/2020,EVENING
8996,18,24,27,28,32,09/11/2020,EVENING
8997,2,11,14,24,33,10/11/2020,EVENING
8998,14,19,22,29,32,11/11/2020,EVENING
8999,5,6,10,17,27,12/11/2020,EVENING
9000,2,5,18,20,28,13/11/2020,EVENING
9001,3,5,17,18,24,14/11/2020,EVENING
9002,3,5,10,23,27,15/11/2020,EVENING
9003,5,17,29,32,36,16/11/2020,EVENING
9004,3,17,18,28,33,17/11/2020,EVENING
9005,1,3,6,13,27,18/11/2020,EVENING
9006,2,6,13,34,35,19/11/2020,EVENING
9007,1,9,22,26,29,20/11/2020,EVENING
9008,1,6,10,20,34,21/11/2020,EVENING
9009,13,15,17,26,30,22/11/2020,EVENING
9010,4,9,17,25,34,23/11/2020,EVENING
9011,1,11,21,23,32,24/11/2020,EVENING
9012,7,10,20,21,27,25/11/2020,EVENING
9013,11,14,17,32,35,26/11/2020,EVENING
9014,4,12,19,24,32,27/11/2020,EVENING
9015,3,4,12,14,29,28/11/2020,EVENING
9016,19,30,31,32,35,29/11/2020,EVENING
9017,2,8,19,24,36,30/11/2020,EVENING
9018,10,12,15,18,28,01/12/2020,EVENING
9019,6,8,26,29,30,02/12/2020,EVENING
9020,6,23,29,34,36,03/12/2020,EVENING
9021,14,18,20,26,36,04/12/2020,EVENING
9022,5,13,17,19,31,05/12/2020,EVENING
9023,10,15,16,23,31,06/12/2020,EVENING
9024,5,10,11,18,35,07/12/2020,EVENING
9025,8,10,16,19,35,08/12/2020,EVENING
9026,7,20,26,30,32,09/12/2020,EVENING
9027,2,13,21,23,34,10/12/2020,EVENING
9028,3,20,24,27,31,11/12/2020,EVENING
9029,1,3,12,27,34,12/12/2020,EVENING
9030,6,21,22,33,36,13/12/2020,EVENING
9031,4,16,19,30,33,14/12/2020,EVENING
9032,1,3,19,28,34,15/12/2020,EVENING
9033,1,8,20,27,35,16/12/2020,EVENING
9034,7,10,19,26,27,17/12/2020,EVENING
9035,2,11,13,15,33,18/12/2020,EVENING
9036,5,16,32,33,36,19/12/2020,EVENING
9037,11,14,18,19,35,20/12/2020,EVENING
9038,2,10,11,15,31,21/12/2020,EVENING
9039,4,16,17,29,33,22/12/2020,EVENING
9040,10,24,28,34,36,23/12/2020,EVENING
9041,13,16,18,20,21,24/12/2020,EVENING
9042,14,17,20,34,35,25/12/2020,EVENING
9043,10,19,25,29,34,26/12/2020,EVENING
9044,1,7,24,31,36,27/12/2020,EVENING
9045,13,18,23,24,36,28/12/2020,EVENING
9046,6,17,22,24,30,29/12/2020,EVENING
9047,10,12,20,29,36,30/12/2020,EVENING
9048,6,7,16,18,29,31/12/2020,EVENING
9049,4,13,17,18,28,01/01/2021,EVENING
9050,1,9,20,29,36,02/01/2021,EVENING
9051,7,9,19,22,25,03/01/2021,EVENING
9052,4,6,10,15,26,04/01/2021,EVENING
9053,3,7,28,31,33,05/01/2021,EVENING
9054,21,23,24,27,30,06/01/2021,EVENING
9055,6,7,14,23,32,07/01/2021,EVENING
9056,6,13,14,18,22,08/01/2021,EVENING
9057,6,20,23,24,28,09/01/2021,EVENING
9058,4,7,8,15,24,10/01/2021,EVENING
9059,13,17,24,25,35,11/01/2021,EVENING
9060,5,7,24,28,33,12/01/2021,EVENING
9061,9,11,12,29,31,13/01/2021,EVENING
9062,4,11,16,29,35,14/01/2021,EVENING
9063,5,7,31,33,36,15/01/2021,EVENING
9064,1,3,17,28,35,16/01/2021,EVENING
9065,1,9,13,30,34,17/01/2021,EVENING
9066,1,18,22,23,24,18/01/2021,EVENING
9067,6,9,10,17,18,19/01/2021,EVENING
9068,3,13,19,21,23,20/01/2021,EVENING
9069,8,17,23,26,35,21/01/2021,EVENING
9070,8,20,24,29,35,22/01/2021,EVENING
9071,7,12,17,26,28,23/01/2021,EVENING
9072,15,21,22,25,35,24/01/2021,EVENING
9073,3,8,23,28,35,25/01/2021,EVENING
9074,3,9,18,20,25,26/01/2021,EVENING
9075,4,9,17,18,33,27/01/2021,EVENING
9076,9,14,26,33,35,28/01/2021,EVENING
9077,2,6,7,23,24,29/01/2021,EVENING
9078,1,4,6,16,26,30/01/2021,EVENING
9079,3,11,14,16,21,31/01/2021,EVENING
9080,3,19,21,23,31,01/02/2021,EVENING
9081,4,9,13,19,35,02/02/2021,EVENING
9082,2,13,15,18,19,03/02/2021,EVENING
9083,4,6,12,17,21,04/02/2021,EVENING
9084,5,14,18,20,30,05/02/2021,EVENING
9085,1,12,17,29,33,06/02/2021,EVENING
9086,9,10,20,23,33,07/02/2021,EVENING
9087,8,13,24,26,33,08/02/2021,EVENING
9088,10,18,28,31,33,09/02/2021,EVENING
9089,1,7,16,31,34,10/02/2021,EVENING
9090,4,10,18,30,36,11/02/2021,EVENING
9091,13,20,31,34,35,12/02/2021,EVENING
9092,2,15,16,20,29,13/02/2021,EVENING
9093,3,16,29,34,35,14/02/2021,EVENING
9094,19,20,24,28,35,15/02/2021,EVENING
9095,3,5,24,27,35,16/02/2021,EVENING
9096,1,6,13,20,32,17/02/2021,EVENING
9097,3,16,19,29,36,18/02/2021,EVENING
9098,10,11,25,28,32,19/02/2021,EVENING
9099,1,8,10,30,35,20/02/2021,EVENING
9100,8,10,11,18,32,21/02/2021,EVENING
9101,1,26,28,34,36,22/02/2021,EVENING
9102,3,16,28,30,35,23/02/2021,EVENING
9103,9,24,28,32,36,24/02/2021,EVENING
9104,6,14,16,27,31,25/02/2021,EVENING
9105,11,15,17,22,25,26/02/2021,EVENING
9106,3,10,22,25,28,27/02/2021,EVENING
9107,3,7,31,33,34,28/02/2021,EVENING
9108,17,27,28,29,34,01/03/2021,EVENING
9109,8,14,18,20,29,02/03/2021,EVENING
9110,3,14,23,25,29,03/03/2021,EVENING
9111,4,10,12,20,25,04/03/2021,EVENING
9112,1,2,3,29,35,05/03/2021,EVENING
9113,2,6,7,8,27,06/03/2021,EVENING
9114,8,20,22,29,31,07/03/2021,EVENING
9115,1,2,22,27,34,08/03/2021,EVENING
9116,4,10,13,16,33,09/03/2021,EVENING
9117,8,12,16,28,29,10/03/2021,EVENING
9118,15,17,22,29,33,11/03/2021,EVENING
9119,3,4,26,27,35,12/03/2021,EVENING
9120,5,14,22,27,28,13/03/2021,EVENING
9121,4,5,8,25,30,14/03/2021,EVENING
9122,5,15,20,24,25,15/03/2021,EVENING
9123,1,14,18,21,36,16/03/2021,EVENING
9124,1,2,3,22,28,17/03/2021,EVENING
9125,9,10,13,23,30,18/03/2021,EVENING
9126,2,4,13,26,33,19/03/2021,EVENING
9127,7,12,19,27,35,20/03/2021,EVENING
9128,7,26,31,33,36,21/03/2021,EVENING
9129,4,10,17,30,36,22/03/2021,EVENING
9130,11,21,22,23,25,23/03/2021,EVENING
9131,7,8,14,18,20,24/03/2021,EVENING
9132,2,6,9,23,29,25/03/2021,EVENING
9133,16,21,26,27,30,26/03/2021,EVENING
9134,18,26,31,33,35,27/03/2021,EVENING
9135,3,14,15,22,32,28/03/2021,EVENING
9136,8,14,18,19,30,29/03/2021,EVENING
9137,4,19,28,33,36,30/03/2021,EVENING
9138,8,10,24,28,31,31/03/2021,EVENING
9139,10,14,20,23,33,01/04/2021,EVENING
9140,7,14,20,28,29,02/04/2021,EVENING
9141,1,7,26,28,30,03/04/2021,EVENING
9142,3,22,27,32,34,04/04/2021,EVENING
9143,16,23,30,31,35,05/04/2021,EVENING
9144,3,6,9,27,31,06/04/2021,EVENING
9145,7,15,21,22,26,07/04/2021,EVENING
9146,15,20,24,25,31,08/04/2021,EVENING
9147,13,16,20,22,28,09/04/2021,EVENING
9148,1,5,12,21,29,10/04/2021,EVENING
9149,1,18,24,34,35,11/04/2021,EVENING
9150,7,15,22,28,32,12/04/2021,EVENING
9151,10,15,18,21,35,13/04/2021,EVENING
9152,4,5,12,13,29,14/04/2021,EVENING
9153,16,17,20,23,32,15/04/2021,EVENING
9154,8,12,15,24,36,16/04/2021,EVENING
9155,1,13,22,31,35,17/04/2021,EVENING
9156,2,28,31,33,34,18/04/2021,EVENING
9157,15,33,34,35,36,19/04/2021,EVENING
9158,10,13,15,18,34,20/04/2021,EVENING
9159,6,11,12,13,14,21/04/2021,EVENING
9160,4,10,19,20,34,22/04/2021,EVENING
9161,15,29,30,33,35,23/04/2021,EVENING
9162,15,18,19,28,30,24/04/2021,EVENING
9163,3,11,16,17,25,25/04/2021,EVENING
9164,13,16,29,34,36,26/04/2021,EVENING
9165,8,17,31,32,34,27/04/2021,EVENING
9166,3,5,27,33,34,28/04/2021,EVENING
9167,1,6,26,27,29,29/04/2021,EVENING
9168,5,15,17,21,36,30/04/2021,EVENING
9169,9,11,14,30,32,01/05/2021,EVENING
9170,15,19,22,28,33,02/05/2021,EVENING
9171,6,7,16,18,20,03/05/2021,EVENING
9172,6,17,24,26,34,04/05/2021,EVENING
9173,7,9,18,33,34,05/05/2021,EVENING
9174,7,23,26,29,30,06/05/2021,EVENING
9175,5,12,14,20,35,07/05/2021,EVENING
9176,6,21,22,23,28,08/05/2021,EVENING
9177,5,10,19,23,36,09/05/2021,EVENING
9178,4,16,27,30,32,10/05/2021,EVENING
9179,11,27,28,29,35,11/05/2021,EVENING
9180,3,8,12,16,23,12/05/2021,EVENING
9181,2,11,16,24,27,13/05/2021,EVENING
9182,3,16,21,24,35,14/05/2021,EVENING
9183,2,20,26,29,36,15/05/2021,EVENING
9184,5,6,13,15,23,16/05/2021,EVENING
9185,2,4,12,17,18,17/05/2021,EVENING
9186,12,20,21,35,36,18/05/2021,EVENING
9187,12,13,16,20,21,19/05/2021,EVENING
9188,22,23,25,27,31,20/05/2021,EVENING
9189,11,20,22,24,25,21/05/2021,EVENING
9190,9,14,20,28,33,22/05/2021,EVENING
9191,18,25,27,28,33,23/05/2021,EVENING
9192,8,16,26,27,32,24/05/2021,EVENING
9193,2,4,5,28,31,25/05/2021,EVENING
9194,5,10,12,15,30,26/05/2021,EVENING
9195,5,14,16,25,31,27/05/2021,EVENING
9196,20,21,25,28,31,28/05/2021,EVENING
9197,7,9,10,19,28,29/05/2021,EVENING
9198,8,12,18,27,31,30/05/2021,EVENING
9199,1,5,11,12,25,31/05/2021,EVENING
9200,7,8,9,14,25,01/06/2021,EVENING
9201,1,8,11,29,35,02/06/2021,EVENING
9202,2,5,10,29,34,03/06/2021,EVENING
9203,2,6,9,13,24,04/06/2021,EVENING
9204,6,8,12,14,26,05/06/2021,EVENING
9205,2,4,7,15,18,06/06/2021,EVENING
9206,1,5,12,14,18,07/06/2021,EVENING
9207,3,9,20,24,32,08/06/2021,EVENING
9208,8,12,13,19,26,09/06/2021,EVENING
9209,11,23,24,28,33,10/06/2021,EVENING
9210,3,8,13,22,30,11/06/2021,EVENING
9211,15,18,19,20,25,12/06/2021,EVENING
9212,11,16,20,22,24,13/06/2021,EVENING
9213,7,11,24,25,36,14/06/2021,EVENING
9214,10,16,20,24,34,15/06/2021,EVENING
9215,1,2,12,13,34,16/06/2021,EVENING
9216,8,15,24,33,36,17/06/2021,EVENING
9217,1,2,7,15,36,18/06/2021,EVENING
9218,6,22,24,26,31,19/06/2021,EVENING
9219,5,15,19,30,33,20/06/2021,EVENING
9220,2,4,7,15,35,21/06/2021,EVENING
9221,6,7,9,16,24,22/06/2021,EVENING
9222,3,11,20,24,28,23/06/2021,EVENING
9223,3,5,20,24,27,24/06/2021,EVENING
9224,3,6,13,26,30,25/06/2021,EVENING
9225,1,2,3,18,27,26/06/2021,EVENING
9226,4,5,7,12,23,27/06/2021,EVENING
9227,20,25,26,27,28,28/06/2021,EVENING
9228,1,2,10,17,22,29/06/2021,EVENING
9229,2,13,17,19,30,30/06/2021,EVENING
9230,1,5,7,17,35,01/07/2021,EVENING
9231,16,23,27,29,31,02/07/2021,EVENING
9232,6,13,19,25,32,03/07/2021,EVENING
9233,12,16,21,22,30,04/07/2021,EVENING
9234,1,7,12,30,35,05/07/2021,EVENING
9235,3,11,16,18,21,06/07/2021,EVENING
9236,3,15,23,29,31,07/07/2021,EVENING
9237,4,9,18,35,36,08/07/2021,EVENING
9238,9,17,21,25,34,09/07/2021,EVENING
9239,1,3,4,14,15,10/07/2021,EVENING
9240,12,30,31,34,35,11/07/2021,EVENING
9241,9,23,27,29,32,12/07/2021,EVENING
9242,1,18,20,27,30,13/07/2021,EVENING
9243,7,16,20,26,34,14/07/2021,EVENING
9244,2,9,15,17,32,15/07/2021,EVENING
9245,1,3,10,19,24,16/07/2021,EVENING
9246,27,31,32,34,36,17/07/2021,EVENING
9247,7,12,16,17,24,18/07/2021,EVENING
9248,16,17,25,27,34,19/07/2021,EVENING
9249,21,24,25,28,34,20/07/2021,EVENING
9250,19,20,22,24,32,21/07/2021,EVENING
9251,3,4,7,19,33,22/07/2021,EVENING
9252,2,5,17,21,30,23/07/2021,EVENING
9253,13,21,23,25,29,24/07/2021,EVENING
9254,1,5,6,9,33,25/07/2021,EVENING
9255,7,8,19,23,27,26/07/2021,EVENING
9256,9,15,18,24,28,27/07/2021,EVENING
9257,4,11,16,25,27,28/07/2021,EVENING
9258,1,15,18,19,28,29/07/2021,EVENING
9259,8,13,16,27,36,30/07/2021,EVENING
9260,5,12,28,30,31,31/07/2021,EVENING
9261,5,6,19,27,31,01/08/2021,EVENING
9262,16,19,23,27,34,02/08/2021,EVENING
9263,2,10,18,20,35,03/08/2021,EVENING
9264,4,27,28,31,33,04/08/2021,EVENING
9265,10,14,15,28,30,05/08/2021,EVENING
9266,15,17,21,28,33,06/08/2021,EVENING
9267,4,14,21,24,36,07/08/2021,EVENING
9268,2,8,17,18,27,08/08/2021,EVENING
9269,10,15,21,29,30,09/08/2021,EVENING
9270,2,17,19,25,31,10/08/2021,EVENING
9271,1,3,4,26,32,11/08/2021,EVENING
9272,5,19,21,22,31,12/08/2021,EVENING
9273,2,10,20,30,36,13/08/2021,EVENING
9274,4,5,21,29,35,14/08/2021,EVENING
9275,8,11,12,18,32,15/08/2021,EVENING
9276,7,24,26,31,33,16/08/2021,EVENING
9277,1,3,12,17,31,17/08/2021,EVENING
9278,2,4,7,24,32,18/08/2021,EVENING
9279,3,21,25,29,32,19/08/2021,EVENING
9280,2,11,18,28,29,20/08/2021,EVENING
9281,9,11,12,17,24,21/08/2021,EVENING
9282,22,23,24,29,35,22/08/2021,EVENING
9283,2,11,17,19,27,23/08/2021,EVENING
9284,2,3,8,21,30,24/08/2021,EVENING
9285,9,11,12,15,19,25/08/2021,EVENING
9286,2,4,6,25,35,26/08/2021,EVENING
9287,3,9,16,25,36,27/08/2021,EVENING
9288,4,21,28,32,34,28/08/2021,EVENING
9289,12,16,25,28,36,29/08/2021,EVENING
9290,11,13,16,20,22,30/08/2021,EVENING
9291,6,7,11,28,31,31/08/2021,EVENING
9292,6,8,31,32,36,01/09/2021,EVENING
9293,9,13,28,32,33,02/09/2021,EVENING
9294,5,6,20,21,36,03/09/2021,EVENING
9295,7,26,33,34,35,04/09/2021,EVENING
9296,1,4,7,8,9,05/09/2021,EVENING
9297,9,13,15,20,35,06/09/2021,EVENING
9298,3,8,12,14,36,07/09/2021,EVENING
9299,1,5,7,20,30,08/09/2021,EVENING
9300,2,3,12,18,31,09/09/2021,EVENING
9301,1,2,15,27,32,10/09/2021,EVENING
9302,1,5,18,23,32,11/09/2021,EVENING
9303,8,12,24,33,35,12/09/2021,EVENING
9304,17,19,29,31,33,13/09/2021,EVENING
9305,2,17,18,28,35,14/09/2021,EVENING
9306,12,15,19,21,33,15/09/2021,EVENING
9307,2,7,10,23,35,16/09/2021,EVENING
9308,7,20,26,27,28,17/09/2021,EVENING
9309,10,11,15,24,32,18/09/2021,EVENING
9310,3,4,5,6,30,19/09/2021,EVENING
9311,1,15,20,27,34,20/09/2021,EVENING
9312,2,5,8,17,23,21/09/2021,EVENING
9313,8,9,29,33,34,22/09/2021,EVENING
9314,6,14,18,21,26,23/09/2021,EVENING
9315,1,6,13,26,33,24/09/2021,EVENING
9316,7,8,17,18,22,25/09/2021,EVENING
9317,5,10,11,17,33,26/09/2021,EVENING
9318,1,5,7,11,34,27/09/2021,EVENING
9319,8,14,16,24,35,28/09/2021,EVENING
9320,14,19,23,26,32,29/09/2021,EVENING
9321,1,10,11,15,17,30/09/2021,EVENING
9322,4,13,15,23,25,01/10/2021,EVENING
9323,8,10,24,25,36,02/10/2021,EVENING
9324,2,10,12,14,17,03/10/2021,EVENING
9325,3,15,16,22,36,04/10/2021,EVENING
9326,9,12,13,17,26,05/10/2021,EVENING
9327,3,10,11,13,17,06/10/2021,EVENING
9328,6,21,26,29,35,07/10/2021,EVENING
9329,21,22,23,33,35,08/10/2021,EVENING
9330,2,3,9,14,21,09/10/2021,EVENING
9331,6,11,21,24,32,10/10/2021,EVENING
9332,1,8,9,33,35,11/10/2021,EVENING
9333,4,12,22,28,36,12/10/2021,EVENING
9334,1,24,29,30,35,13/10/2021,EVENING
9335,4,10,25,33,36,14/10/2021,EVENING
9336,1,6,21,22,26,15/10/2021,EVENING
9337,6,11,18,23,35,16/10/2021,EVENING
9338,10,12,18,31,33,17/10/2021,EVENING
9339,18,23,25,27,28,18/10/2021,EVENING
9340,8,16,23,30,35,19/10/2021,EVENING
9341,2,9,19,25,29,20/10/2021,EVENING
9342,11,13,14,15,25,21/10/2021,EVENING
9343,6,8,10,14,34,22/10/2021,EVENING
9344,10,12,14,15,27,23/10/2021,EVENING
9345,10,16,17,26,34,24/10/2021,EVENING
9346,2,10,26,29,30,25/10/2021,EVENING
9347,16,21,27,29,36,26/10/2021,EVENING
9348,3,8,13,18,20,27/10/2021,EVENING
9349,5,11,13,24,27,28/10/2021,EVENING
9350,2,17,18,33,35,29/10/2021,EVENING
9351,3,4,11,14,16,30/10/2021,EVENING
9352,1,2,12,23,36,31/10/2021,EVENING
9353,3,17,18,20,26,01/11/2021,EVENING
9354,1,4,8,12,32,02/11/2021,EVENING
9355,14,20,26,28,35,03/11/2021,EVENING
9356,2,10,11,15,30,04/11/2021,EVENING
9357,4,6,11,20,24,05/11/2021,EVENING
9358,2,3,12,33,34,06/11/2021,EVENING
9359,2,8,17,19,33,07/11/2021,EVENING
9360,10,14,24,34,35,08/11/2021,EVENING
9361,8,10,15,21,23,09/11/2021,EVENING
9362,2,17,26,27,30,10/11/2021,EVENING
9363,6,21,25,28,36,11/11/2021,EVENING
9364,6,12,13,26,32,12/11/2021,EVENING
9365,1,5,11,26,33,13/11/2021,EVENING
9366,11,13,15,22,30,14/11/2021,EVENING
9367,8,13,28,31,33,15/11/2021,EVENING
9368,1,6,14,17,20,16/11/2021,EVENING
9369,3,21,22,25,34,17/11/2021,EVENING
9370,14,19,22,35,36,18/11/2021,EVENING
9371,7,23,24,30,35,19/11/2021,EVENING
9372,12,17,18,24,26,20/11/2021,EVENING
9373,1,3,9,34,36,21/11/2021,EVENING
9374,13,17,24,29,31,22/11/2021,EVENING
9375,15,17,29,31,34,23/11/2021,EVENING
9376,7,15,17,19,22,24/11/2021,EVENING
9377,16,22,32,34,35,25/11/2021,EVENING
9378,5,8,17,28,29,26/11/2021,EVENING
9379,6,10,13,17,28,27/11/2021,EVENING
9380,6,16,18,21,27,28/11/2021,EVENING
9381,4,27,29,30,35,29/11/2021,EVENING
9382,11,18,21,22,29,30/11/2021,EVENING
9383,3,7,15,27,33,01/12/2021,EVENING
9384,2,10,13,14,19,02/12/2021,EVENING
9385,5,11,24,30,33,03/12/2021,EVENING
9386,15,17,31,35,36,04/12/2021,EVENING
9387,5,13,20,23,30,05/12/2021,EVENING
9388,13,22,30,32,35,06/12/2021,EVENING
9389,4,12,19,27,36,07/12/2021,EVENING
9390,2,12,14,18,21,08/12/2021,EVENING
9391,4,21,26,29,36,09/12/2021,EVENING
9392,16,18,23,26,27,10/12/2021,EVENING
9393,4,12,13,20,21,11/12/2021,EVENING
9394,4,5,9,21,28,12/12/2021,EVENING
9395,23,24,25,27,30,13/12/2021,EVENING
9396,1,8,20,21,25,14/12/2021,EVENING
9397,4,5,15,31,35,15/12/2021,EVENING
9398,9,11,25,35,36,16/12/2021,EVENING
9399,2,18,21,33,36,17/12/2021,EVENING
9400,11,12,16,27,29,18/12/2021,EVENING
9401,7,15,20,26,27,19/12/2021,EVENING
9402,2,7,12,15,30,20/12/2021,EVENING
9403,12,25,27,29,32,21/12/2021,EVENING
9404,8,10,19,28,31,22/12/2021,EVENING
9405,3,7,10,22,28,23/12/2021,EVENING
9406,1,3,5,13,36,24/12/2021,EVENING
9407,4,6,31,32,35,25/12/2021,EVENING
9408,4,7,11,22,29,26/12/2021,EVENING
9409,7,8,13,21,29,27/12/2021,EVENING
9410,2,6,14,21,26,28/12/2021,EVENING
9411,14,22,23,24,36,29/12/2021,EVENING
9412,14,17,24,25,32,30/12/2021,EVENING
9413,1,2,5,11,14,31/12/2021,EVENING
9414,10,21,25,26,36,01/01/2022,EVENING
9415,2,14,16,21,27,02/01/2022,EVENING
9416,9,22,23,27,28,03/01/2022,EVENING
9417,10,17,23,24,30,04/01/2022,EVENING
9418,5,19,31,32,36,05/01/2022,EVENING
9419,7,24,27,28,32,06/01/2022,EVENING
9420,15,19,22,25,34,07/01/2022,EVENING
9421,1,8,14,15,35,08/01/2022,EVENING
9422,6,14,18,26,35,09/01/2022,EVENING
9423,3,11,20,21,25,10/01/2022,EVENING
9424,6,9,11,32,36,11/01/2022,EVENING
9425,2,21,23,24,35,12/01/2022,EVENING
9426,8,17,23,28,34,13/01/2022,EVENING
9427,3,7,23,27,36,14/01/2022,EVENING
9428,2,13,31,32,35,15/01/2022,EVENING
9429,3,4,7,29,31,16/01/2022,EVENING
9430,1,13,20,28,36,17/01/2022,EVENING
9431,10,11,14,24,25,18/01/2022,EVENING
9432,10,15,16,17,33,19/01/2022,EVENING
9433,7,16,21,24,35,20/01/2022,EVENING
9434,1,6,23,26,27,21/01/2022,EVENING
9435,5,13,17,32,36,22/01/2022,EVENING
9436,7,16,20,25,30,23/01/2022,EVENING
9437,7,13,18,24,26,24/01/2022,EVENING
9438,15,24,29,34,35,25/01/2022,EVENING
9439,4,13,17,33,34,26/01/2022,EVENING
9440,6,18,22,23,32,27/01/2022,EVENING
9441,4,6,21,23,29,28/01/2022,EVENING
9442,4,7,26,29,31,29/01/2022,EVENING
9443,8,12,23,32,36,30/01/2022,EVENING
9444,8,13,16,20,21,31/01/2022,EVENING
9445,6,8,21,22,34,01/02/2022,EVENING
9446,12,21,23,29,31,02/02/2022,EVENING
9447,9,10,17,23,34,03/02/2022,EVENING
9448,10,12,18,20,28,04/02/2022,EVENING
9449,2,6,14,15,16,05/02/2022,EVENING
9450,3,6,18,24,32,06/02/2022,EVENING
9451,5,14,21,25,30,07/02/2022,EVENING
9452,3,4,11,14,27,08/02/2022,EVENING
9453,19,24,30,32,35,09/02/2022,EVENING
9454,2,4,5,10,32,10/02/2022,EVENING
9455,3,5,16,22,25,11/02/2022,EVENING
9456,7,9,11,22,36,12/02/2022,EVENING
9457,7,14,18,25,27,13/02/2022,EVENING
9458,12,16,25,33,34,14/02/2022,EVENING
9459,2,9,20,32,33,15/02/2022,EVENING
9460,9,11,17,27,29,16/02/2022,EVENING
9461,1,3,8,11,25,17/02/2022,EVENING
9462,3,17,22,28,35,18/02/2022,EVENING
9463,2,16,23,25,34,19/02/2022,EVENING
9464,9,10,17,22,33,20/02/2022,EVENING
9465,12,13,23,26,31,21/02/2022,EVENING
9466,15,16,28,29,36,22/02/2022,EVENING
9467,4,7,17,22,28,23/02/2022,EVENING
9468,12,18,27,31,34,24/02/2022,EVENING
9469,18,21,22,26,27,25/02/2022,EVENING
9470,3,4,7,14,31,26/02/2022,EVENING
9471,5,8,13,22,29,27/02/2022,EVENING
9472,12,13,15,16,26,28/02/2022,EVENING
9473,2,4,6,28,30,01/03/2022,EVENING
9474,2,6,8,19,27,02/03/2022,EVENING
9475,7,9,14,21,23,03/03/2022,EVENING
9476,5,10,15,27,30,04/03/2022,EVENING
9477,4,13,17,18,25,05/03/2022,EVENING
9478,6,9,13,24,34,06/03/2022,EVENING
9479,2,4,15,20,28,07/03/2022,EVENING
9480,9,12,14,25,34,08/03/2022,EVENING
9481,3,5,10,27,36,09/03/2022,EVENING
9482,7,16,17,25,35,10/03/2022,EVENING
9483,5,21,22,23,26,11/03/2022,EVENING
9484,7,12,16,24,35,12/03/2022,EVENING
9485,10,19,20,22,26,13/03/2022,EVENING
9486,6,7,12,20,22,14/03/2022,EVENING
9487,11,15,28,30,36,15/03/2022,EVENING
9488,1,13,14,16,17,16/03/2022,EVENING
9489,15,19,22,26,27,17/03/2022,EVENING
9490,10,23,31,33,34,18/03/2022,EVENING
9491,1,4,11,27,35,19/03/2022,EVENING
9492,8,11,12,30,32,20/03/2022,EVENING
9493,22,25,31,32,33,21/03/2022,EVENING
9494,1,13,20,21,27,22/03/2022,EVENING
9495,2,5,14,17,18,23/03/2022,EVENING
9496,3,6,16,23,27,24/03/2022,EVENING
9497,15,20,22,29,35,25/03/2022,EVENING
9498,5,7,12,15,16,26/03/2022,EVENING
9499,2,4,20,27,28,27/03/2022,EVENING
9500,1,6,9,22,33,28/03/2022,EVENING
9501,6,8,13,25,27,29/03/2022,EVENING
9502,12,20,25,32,35,30/03/2022,EVENING
9503,10,11,12,19,35,31/03/2022,EVENING
9504,9,19,24,32,36,01/04/2022,EVENING
9505,5,10,12,22,34,02/04/2022,EVENING
9506,7,9,13,28,34,03/04/2022,EVENING
9507,5,7,16,27,31,04/04/2022,EVENING
9508,2,6,22,25,26,05/04/2022,EVENING
9509,11,25,26,27,32,06/04/2022,EVENING
9510,18,19,21,22,36,07/04/2022,EVENING
9511,1,9,11,14,22,08/04/2022,EVENING
9512,6,8,11,17,36,09/04/2022,EVENING
9513,4,18,19,25,31,10/04/2022,EVENING
9514,9,12,16,28,30,11/04/2022,EVENING
9515,2,11,18,29,30,12/04/2022,EVENING
9516,6,12,14,35,36,13/04/2022,EVENING
9517,9,14,33,34,36,14/04/2022,EVENING
9518,11,14,25,29,33,15/04/2022,EVENING
9519,5,17,19,21,34,16/04/2022,EVENING
9520,10,16,23,29,36,17/04/2022,EVENING
9521,1,14,20,23,31,18/04/2022,EVENING
9522,2,3,4,23,35,19/04/2022,EVENING
9523,7,10,24,28,34,20/04/2022,EVENING
9524,12,22,29,33,36,21/04/2022,EVENING
9525,1,8,15,17,32,22/04/2022,EVENING
9526,10,15,17,21,27,23/04/2022,EVENING
9527,1,7,15,29,31,24/04/2022,EVENING
9528,2,8,13,22,36,25/04/2022,EVENING
9529,1,10,17,18,26,26/04/2022,EVENING
9530,1,12,13,33,34,27/04/2022,EVENING
9531,6,10,21,28,29,28/04/2022,EVENING
9532,13,18,20,23,28,29/04/2022,EVENING
9533,1,4,9,26,35,30/04/2022,EVENING
9534,2,10,20,26,32,01/05/2022,EVENING
9535,6,8,10,19,26,02/05/2022,EVENING
9536,11,16,17,26,32,03/05/2022,EVENING
9537,5,17,28,31,35,04/05/2022,EVENING
9538,4,6,8,17,24,05/05/2022,EVENING
9539,1,6,13,31,33,06/05/2022,EVENING
9540,2,9,17,29,32,07/05/2022,EVENING
9541,1,3,9,14,28,08/05/2022,EVENING
9542,3,7,9,12,17,09/05/2022,EVENING
9543,13,16,19,27,32,10/05/2022,EVENING
9544,7,8,18,19,33,11/05/2022,EVENING
9545,2,7,22,32,33,12/05/2022,EVENING
9546,7,8,18,21,31,13/05/2022,EVENING
9547,1,2,6,22,29,14/05/2022,EVENING
9548,3,7,15,27,28,15/05/2022,EVENING
9549,15,16,18,24,35,16/05/2022,EVENING
9550,7,8,13,15,22,17/05/2022,EVENING
9551,1,8,9,26,27,18/05/2022,EVENING
9552,15,18,23,29,34,19/05/2022,EVENING
9553,10,15,16,21,28,20/05/2022,EVENING
9554,2,9,21,31,36,21/05/2022,EVENING
9555,7,22,32,33,36,22/05/2022,EVENING
9556,6,8,26,32,36,23/05/2022,EVENING
9557,1,5,14,24,27,24/05/2022,EVENING
9558,5,10,17,19,36,25/05/2022,EVENING
9559,14,15,16,27,34,26/05/2022,EVENING
9560,3,20,27,34,35,27/05/2022,EVENING
9561,7,12,14,26,28,28/05/2022,EVENING
9562,4,13,16,17,30,29/05/2022,EVENING
9563,1,2,6,16,19,30/05/2022,EVENING
9564,2,9,10,16,26,31/05/2022,EVENING
9565,1,19,29,35,36,01/06/2022,EVENING
9566,2,9,13,14,23,02/06/2022,EVENING
9567,6,9,20,25,32,03/06/2022,EVENING
9568,7,9,11,12,30,04/06/2022,EVENING
9569,1,8,27,31,35,05/06/2022,EVENING
9570,1,4,6,19,36,06/06/2022,EVENING
9571,4,9,14,23,24,07/06/2022,EVENING
9572,5,17,23,25,35,08/06/2022,EVENING
9573,3,13,16,29,36,09/06/2022,EVENING
9574,2,5,15,16,33,10/06/2022,EVENING
9575,18,23,26,34,35,11/06/2022,EVENING
9576,2,5,7,19,36,12/06/2022,EVENING
9577,2,12,16,31,35,13/06/2022,EVENING
9578,2,23,24,30,32,14/06/2022,EVENING
9579,3,7,12,19,22,15/06/2022,EVENING
9580,6,14,23,24,25,16/06/2022,EVENING
9581,14,24,25,31,34,17/06/2022,EVENING
9582,14,22,24,31,33,18/06/2022,EVENING
9583,3,23,24,32,35,19/06/2022,EVENING
9584,5,11,12,19,29,20/06/2022,EVENING
9585,6,8,13,14,35,21/06/2022,EVENING
9586,3,12,13,22,23,22/06/2022,EVENING
9587,2,11,13,14,15,23/06/2022,EVENING
9588,10,18,19,20,25,24/06/2022,EVENING
9589,16,18,22,24,33,25/06/2022,EVENING
9590,1,5,16,27,28,26/06/2022,EVENING
9591,14,15,16,23,32,27/06/2022,EVENING
9592,5,16,19,23,36,28/06/2022,EVENING
9593,8,10,12,18,25,29/06/2022,EVENING
9594,5,8,14,17,32,30/06/2022,EVENING
9595,9,27,28,34,36,01/07/2022,EVENING
9596,12,15,22,25,30,02/07/2022,EVENING
9597,5,16,17,27,34,03/07/2022,EVENING
9598,2,7,10,20,24,04/07/2022,EVENING
9599,5,9,18,21,34,05/07/2022,EVENING
9600,17,25,28,29,34,06/07/2022,EVENING
9601,1,3,13,26,36,07/07/2022,EVENING
9602,5,8,20,34,35,08/07/2022,EVENING
9603,2,19,24,28,30,09/07/2022,EVENING
9604,6,9,11,17,30,10/07/2022,EVENING
9605,3,12,18,25,27,11/07/2022,EVENING
9606,2,3,8,26,32,12/07/2022,EVENING
9607,1,5,13,19,27,13/07/2022,EVENING
9608,2,14,19,28,32,14/07/2022,EVENING
9609,2,16,23,27,36,15/07/2022,EVENING
9610,9,10,16,17,24,16/07/2022,EVENING
9611,12,17,24,30,35,17/07/2022,EVENING
9612,24,28,32,33,35,18/07/2022,EVENING
9613,4,6,10,21,28,19/07/2022,EVENING
9614,9,11,12,26,29,20/07/2022,EVENING
9615,2,8,12,33,34,21/07/2022,EVENING
9616,11,12,20,32,34,22/07/2022,EVENING
9617,4,6,7,11,25,23/07/2022,EVENING
9618,15,17,19,23,32,24/07/2022,EVENING
9619,7,27,33,34,35,25/07/2022,EVENING
9620,25,31,33,35,36,26/07/2022,EVENING
9621,7,12,13,21,36,27/07/2022,EVENING
9622,11,17,19,28,36,28/07/2022,EVENING
9623,5,18,23,26,27,29/07/2022,EVENING
9624,13,15,22,28,34,30/07/2022,EVENING
9625,19,29,30,31,35,31/07/2022,EVENING
9626,12,14,23,26,31,01/08/2022,EVENING
9627,10,14,16,24,28,02/08/2022,EVENING
9628,3,19,25,27,30,03/08/2022,EVENING
9629,3,10,15,17,20,04/08/2022,EVENING
9630,11,12,14,19,30,05/08/2022,EVENING
9631,2,13,15,23,34,06/08/2022,EVENING
9632,1,7,21,34,35,07/08/2022,EVENING
9633,6,18,20,23,29,08/08/2022,EVENING
9634,3,12,26,30,33,09/08/2022,EVENING
9635,5,10,11,12,26,10/08/2022,EVENING
9636,9,19,25,27,29,11/08/2022,EVENING
9637,3,20,21,31,34,12/08/2022,EVENING
9638,16,24,30,32,36,13/08/2022,EVENING
9639,13,18,22,30,34,14/08/2022,EVENING
9640,10,11,25,31,32,15/08/2022,EVENING
9641,8,10,15,23,26,16/08/2022,EVENING
9642,9,10,14,24,31,17/08/2022,EVENING
9643,2,7,9,20,25,18/08/2022,EVENING
9644,7,26,27,29,30,19/08/2022,EVENING
9645,4,20,23,28,29,20/08/2022,EVENING
9646,17,19,27,30,36,21/08/2022,EVENING
9647,15,20,29,31,32,22/08/2022,EVENING
9648,2,7,30,32,36,23/08/2022,EVENING
9649,19,21,28,31,36,24/08/2022,EVENING
9650,4,8,14,19,20,25/08/2022,EVENING
9651,12,20,25,29,33,26/08/2022,EVENING
9652,5,15,23,28,36,27/08/2022,EVENING
9653,2,8,10,14,27,28/08/2022,EVENING
9654,10,15,16,23,28,29/08/2022,EVENING
9655,6,13,24,25,34,30/08/2022,EVENING
9656,4,12,18,20,25,31/08/2022,EVENING
9657,2,4,13,21,28,01/09/2022,EVENING
9658,11,14,15,21,34,02/09/2022,EVENING
9659,15,22,30,33,36,03/09/2022,EVENING
9660,12,20,25,35,36,04/09/2022,EVENING
9661,3,20,21,22,35,05/09/2022,EVENING
9662,10,17,18,29,36,06/09/2022,EVENING
9663,2,20,21,27,30,07/09/2022,EVENING
9664,8,10,25,28,34,08/09/2022,EVENING
9665,8,19,26,28,34,09/09/2022,EVENING
9666,10,24,25,26,30,10/09/2022,EVENING
9667,2,4,18,26,33,11/09/2022,EVENING
9668,1,3,10,17,26,12/09/2022,EVENING
9669,6,9,13,15,34,13/09/2022,EVENING
9670,2,8,10,25,31,14/09/2022,EVENING
9671,3,6,23,25,35,15/09/2022,EVENING
9672,3,14,15,16,34,16/09/2022,EVENING
9673,9,20,22,27,34,17/09/2022,EVENING
9674,13,21,26,32,35,18/09/2022,EVENING
9675,5,12,20,23,24,19/09/2022,EVENING
9676,9,12,13,14,24,20/09/2022,EVENING
9677,13,20,22,33,36,21/09/2022,EVENING
9678,12,21,22,30,33,22/09/2022,EVENING
9679,5,14,16,23,28,23/09/2022,EVENING
9680,17,21,23,31,34,24/09/2022,EVENING
9681,8,10,23,24,29,25/09/2022,EVENING
9682,8,12,21,25,35,26/09/2022,EVENING
9683,20,21,26,31,32,27/09/2022,EVENING
9684,10,14,15,22,23,28/09/2022,EVENING
9685,11,15,17,18,21,29/09/2022,EVENING
9686,9,12,18,19,22,30/09/2022,EVENING
9687,8,17,24,28,29,01/10/2022,EVENING
9688,2,3,9,16,22,02/10/2022,EVENING
9689,1,7,19,21,36,03/10/2022,EVENING
9690,3,10,12,16,20,04/10/2022,EVENING
9691,1,12,19,20,21,05/10/2022,EVENING
9692,2,5,7,9,26,06/10/2022,EVENING
9693,7,20,25,27,35,07/10/2022,EVENING
9694,23,26,31,32,34,08/10/2022,EVENING
9695,7,9,10,29,32,09/10/2022,EVENING
9696,2,5,10,30,31,10/10/2022,EVENING
9697,2,12,23,31,33,11/10/2022,EVENING
9698,7,20,30,31,34,12/10/2022,EVENING
9699,11,12,14,20,31,13/10/2022,EVENING
9700,11,12,16,19,28,14/10/2022,EVENING
9701,10,25,26,31,33,15/10/2022,EVENING
9702,11,17,19,27,36,16/10/2022,EVENING
9703,1,18,20,26,29,17/10/2022,EVENING
9704,15,22,24,29,31,18/10/2022,EVENING
9705,6,22,30,33,35,19/10/2022,EVENING
9706,3,22,24,32,35,20/10/2022,EVENING
9707,10,16,29,34,35,21/10/2022,EVENING
9708,10,13,26,28,30,22/10/2022,EVENING
9709,3,7,14,34,35,23/10/2022,EVENING
9710,5,8,11,18,32,24/10/2022,EVENING
9711,1,4,12,19,20,25/10/2022,EVENING
9712,5,9,25,28,31,26/10/2022,EVENING
9713,2,9,27,29,33,27/10/2022,EVENING
9714,14,17,29,31,32,28/10/2022,EVENING
9715,3,22,23,33,36,29/10/2022,EVENING
9716,4,9,30,31,36,30/10/2022,EVENING
9717,7,17,24,29,31,31/10/2022,EVENING
9718,2,12,17,19,28,01/11/2022,EVENING
9719,1,10,28,32,36,02/11/2022,EVENING
9720,1,8,16,24,26,03/11/2022,EVENING
9721,1,23,28,29,32,04/11/2022,EVENING
9722,14,20,30,31,35,05/11/2022,EVENING
9723,3,4,6,24,35,06/11/2022,EVENING
9724,7,19,27,30,34,07/11/2022,EVENING
9725,6,8,24,31,35,08/11/2022,EVENING
9726,6,7,13,19,28,09/11/2022,EVENING
9727,1,12,21,28,31,10/11/2022,EVENING
9728,6,16,18,28,31,11/11/2022,EVENING
9729,9,10,14,16,17,12/11/2022,EVENING
9730,3,10,16,21,26,13/11/2022,EVENING
9731,6,15,22,34,36,14/11/2022,EVENING
9732,10,18,20,22,24,15/11/2022,EVENING
9733,3,6,11,24,35,16/11/2022,EVENING
9734,10,14,15,16,20,17/11/2022,EVENING
9735,6,9,28,32,34,18/11/2022,EVENING
9736,2,10,25,35,36,19/11/2022,EVENING
9737,2,4,12,22,31,20/11/2022,EVENING
9738,3,19,26,32,33,21/11/2022,EVENING
9739,11,24,31,33,34,22/11/2022,EVENING
9740,2,3,17,22,31,23/11/2022,EVENING
9741,3,11,14,24,25,24/11/2022,EVENING
9742,2,4,12,28,34,25/11/2022,EVENING
9743,1,3,7,22,27,26/11/2022,EVENING
9744,18,23,24,26,30,27/11/2022,EVENING
9745,1,6,19,31,34,28/11/2022,EVENING
9746,4,5,6,12,25,29/11/2022,EVENING
9747,11,21,23,24,25,30/11/2022,EVENING
9748,2,3,13,28,35,01/12/2022,EVENING
9749,4,7,23,33,34,02/12/2022,EVENING
9750,2,5,24,30,36,03/12/2022,EVENING
9751,15,25,28,30,36,04/12/2022,EVENING
9752,6,9,16,33,35,05/12/2022,EVENING
9753,3,7,10,24,30,06/12/2022,EVENING
9754,9,14,16,18,21,07/12/2022,EVENING
9755,13,21,29,33,36,08/12/2022,EVENING
9756,9,12,15,22,27,09/12/2022,EVENING
9757,16,27,28,30,33,10/12/2022,EVENING
9758,11,16,30,35,36,11/12/2022,EVENING
9759,7,12,16,22,30,12/12/2022,EVENING
9760,1,5,15,25,27,13/12/2022,EVENING
9761,2,7,11,14,33,14/12/2022,EVENING
9762,1,9,14,24,26,15/12/2022,EVENING
9763,8,9,11,25,35,16/12/2022,EVENING
9764,2,7,11,21,29,17/12/2022,EVENING
9765,5,6,28,29,32,18/12/2022,EVENING
9766,16,28,30,35,36,19/12/2022,EVENING
9767,6,14,16,20,22,20/12/2022,EVENING
9768,7,18,21,23,32,21/12/2022,EVENING
9769,6,17,22,26,29,22/12/2022,EVENING
9770,4,15,23,24,29,23/12/2022,EVENING
9771,3,15,18,29,31,24/12/2022,EVENING
9772,6,16,21,23,33,25/12/2022,EVENING
9773,7,20,22,26,30,26/12/2022,EVENING
9774,3,10,16,17,36,27/12/2022,EVENING
9775,3,12,20,33,34,28/12/2022,EVENING
9776,20,26,29,35,36,29/12/2022,EVENING
9777,2,7,16,34,35,30/12/2022,EVENING
9778,11,12,14,28,35,31/12/2022,EVENING
9779,6,12,15,25,26,01/01/2023,EVENING
9780,8,12,15,17,24,02/01/2023,EVENING
9781,3,15,22,27,34,03/01/2023,EVENING
9782,6,8,18,20,32,04/01/2023,EVENING
9783,10,27,28,33,34,05/01/2023,EVENING
9784,3,15,16,17,34,06/01/2023,EVENING
9785,7,8,13,24,34,07/01/2023,EVENING
9786,6,10,12,16,28,08/01/2023,EVENING
9787,13,21,23,24,36,09/01/2023,EVENING
9788,3,6,17,20,30,10/01/2023,EVENING
9789,3,9,21,30,31,11/01/2023,EVENING
9790,2,8,15,16,25,12/01/2023,EVENING
9791,12,16,29,32,33,13/01/2023,EVENING
9792,16,23,29,31,33,14/01/2023,EVENING
9793,4,9,11,18,28,15/01/2023,EVENING
9794,7,14,17,29,34,16/01/2023,EVENING
9795,2,17,33,34,35,17/01/2023,EVENING
9796,7,12,18,21,24,18/01/2023,EVENING
9797,10,11,15,17,20,19/01/2023,EVENING
9798,2,5,10,15,26,20/01/2023,EVENING
9799,5,8,25,31,33,21/01/2023,EVENING
9800,5,17,20,30,31,22/01/2023,EVENING
9801,8,12,22,31,35,23/01/2023,EVENING
9802,7,16,18,23,25,24/01/2023,EVENING
9803,2,5,6,18,21,25/01/2023,EVENING
9804,4,15,26,27,29,26/01/2023,EVENING
9805,18,20,22,26,30,27/01/2023,EVENING
9806,1,11,17,24,33,28/01/2023,EVENING
9807,1,2,17,22,36,29/01/2023,EVENING
9808,5,8,10,15,16,30/01/2023,EVENING
9809,6,19,24,27,30,31/01/2023,EVENING
9810,10,12,30,31,36,01/02/2023,EVENING
9811,3,12,29,32,35,02/02/2023,EVENING
9812,8,28,33,34,35,03/02/2023,EVENING
9813,9,11,17,26,32,04/02/2023,EVENING
9814,1,10,21,24,26,05/02/2023,EVENING
9815,3,7,9,21,26,06/02/2023,EVENING
9816,17,21,24,26,35,07/02/2023,EVENING
9817,1,10,19,23,27,08/02/2023,EVENING
9818,4,15,22,25,27,09/02/2023,EVENING
9819,6,13,14,24,35,10/02/2023,EVENING
9820,6,15,19,31,36,11/02/2023,EVENING
9821,6,14,15,34,36,12/02/2023,EVENING
9822,8,16,19,24,29,13/02/2023,EVENING
9823,7,8,9,34,36,14/02/2023,EVENING
9824,20,27,32,34,35,15/02/2023,EVENING
9825,1,8,21,27,32,16/02/2023,EVENING
9826,8,19,26,27,34,17/02/2023,EVENING
9827,1,3,18,23,27,18/02/2023,EVENING
9828,3,5,20,23,24,19/02/2023,EVENING
9829,2,11,29,34,36,20/02/2023,EVENING
9830,6,16,17,18,24,21/02/2023,EVENING
9831,1,8,21,28,36,22/02/2023,EVENING
9832,16,21,24,28,31,23/02/2023,EVENING
9833,6,15,18,23,29,24/02/2023,EVENING
9834,6,16,17,20,23,25/02/2023,EVENING
9835,7,10,14,15,23,26/02/2023,EVENING
9836,11,17,25,27,32,27/02/2023,EVENING
9837,8,17,21,23,27,28/02/2023,EVENING
9838,6,7,20,22,27,01/03/2023,EVENING
9839,1,13,14,19,35,02/03/2023,EVENING
9840,15,21,23,26,36,03/03/2023,EVENING
9841,2,10,19,21,27,04/03/2023,EVENING
9842,1,21,29,30,35,05/03/2023,EVENING
9843,3,10,13,24,34,06/03/2023,EVENING
9844,15,21,24,25,34,07/03/2023,EVENING
9845,3,7,11,23,32,08/03/2023,EVENING
9846,10,16,17,30,35,09/03/2023,EVENING
9847,2,21,22,25,31,10/03/2023,EVENING
9848,7,10,12,26,32,11/03/2023,EVENING
9849,2,3,11,24,28,12/03/2023,EVENING
9850,5,19,24,27,35,13/03/2023,EVENING
9851,3,6,16,25,31,14/03/2023,EVENING
9852,7,10,19,27,35,15/03/2023,EVENING
9853,6,11,24,32,33,16/03/2023,EVENING
9854,3,8,9,11,18,17/03/2023,EVENING
9855,2,10,12,25,35,18/03/2023,EVENING
9856,1,3,8,30,32,19/03/2023,EVENING
9857,4,10,12,18,19,20/03/2023,EVENING
9858,5,6,19,23,28,20/03/2023,MIDDAY
9859,3,7,15,28,31,21/03/2023,EVENING
9860,8,13,24,27,33,21/03/2023,MIDDAY
9861,8,10,12,15,17,22/03/2023,EVENING
9862,16,24,30,31,32,22/03/2023,MIDDAY
9863,9,25,26,30,36,23/03/2023,EVENING
9864,6,11,15,22,34,23/03/2023,MIDDAY
9865,4,12,16,18,35,24/03/2023,EVENING
9866,10,14,15,34,36,24/03/2023,MIDDAY
9867,3,26,28,32,33,25/03/2023,EVENING
9868,4,5,31,34,35,25/03/2023,MIDDAY
9869,5,14,24,27,32,26/03/2023,EVENING
9870,6,15,24,33,34,26/03/2023,MIDDAY
9871,3,7,30,34,36,27/03/2023,EVENING
9872,6,8,25,26,35,27/03/2023,MIDDAY
9873,9,10,14,15,22,28/03/2023,EVENING
9874,12,13,18,24,34,28/03/2023,MIDDAY
9875,7,14,20,25,27,29/03/2023,EVENING
9876,2,3,12,18,35,29/03/2023,MIDDAY
9877,2,5,18,30,33,30/03/2023,EVENING
9878,4,6,24,29,32,30/03/2023,MIDDAY
9879,2,20,25,30,32,31/03/2023,EVENING
9880,8,20,26,28,33,31/03/2023,MIDDAY
9881,5,12,16,29,35,01/04/2023,EVENING
9882,2,3,4,7,19,01/04/2023,MIDDAY
9883,2,6,9,10,29,02/04/2023,EVENING
9884,7,18,19,23,28,02/04/2023,MIDDAY
9885,2,16,26,32,36,03/04/2023,EVENING
9886,6,10,19,24,30,03/04/2023,MIDDAY
9887,3,24,28,30,34,04/04/2023,EVENING
9888,11,15,24,26,31,04/04/2023,MIDDAY
9889,12,16,24,25,33,05/04/2023,EVENING
9890,14,20,27,30,35,05/04/2023,MIDDAY
9891,5,15,21,29,31,06/04/2023,EVENING
9892,4,5,7,19,36,06/04/2023,MIDDAY
9893,4,12,17,20,23,07/04/2023,EVENING
9894,9,17,21,26,34,07/04/2023,MIDDAY
9895,2,7,12,29,33,08/04/2023,EVENING
9896,7,10,14,28,33,08/04/2023,MIDDAY
9897,4,18,19,22,36,09/04/2023,EVENING
9898,5,6,24,34,35,09/04/2023,MIDDAY
9899,4,17,18,19,29,10/04/2023,EVENING
9900,15,20,25,27,32,10/04/2023,MIDDAY
9901,13,15,22,30,36,11/04/2023,EVENING
9902,1,7,10,12,15,11/04/2023,MIDDAY
9903,2,7,8,12,19,12/04/2023,EVENING
9904,6,11,14,23,32,12/04/2023,MIDDAY
9905,4,6,8,13,28,13/04/2023,EVENING
9906,1,9,11,17,18,13/04/2023,MIDDAY
9907,1,11,16,23,32,14/04/2023,EVENING
9908,12,23,24,26,30,14/04/2023,MIDDAY
9909,16,17,20,21,30,15/04/2023,EVENING
9910,5,15,32,33,35,15/04/2023,MIDDAY
9911,2,10,11,15,34,16/04/2023,EVENING
9912,9,15,27,31,32,16/04/2023,MIDDAY
9913,8,12,23,26,30,17/04/2023,EVENING
9914,6,14,19,25,26,17/04/2023,MIDDAY
9915,9,12,30,32,36,18/04/2023,EVENING
9916,3,12,19,22,31,18/04/2023,MIDDAY
9917,5,11,21,25,28,19/04/2023,EVENING
9918,2,5,13,25,27,19/04/2023,MIDDAY
9919,8,12,20,27,28,20/04/2023,EVENING
9920,1,9,15,31,33,20/04/2023,MIDDAY
9921,10,13,16,21,27,21/04/2023,EVENING
9922,7,8,10,24,29,21/04/2023,MIDDAY
9923,10,12,17,26,33,22/04/2023,EVENING
9924,5,10,19,33,36,22/04/2023,MIDDAY
9925,3,4,23,25,32,23/04/2023,EVENING
9926,4,7,13,31,33,23/04/2023,MIDDAY
9927,2,8,16,26,33,24/04/2023,EVENING
9928,5,6,13,20,24,24/04/2023,MIDDAY
9929,5,14,15,26,34,25/04/2023,EVENING
9930,3,6,11,25,27,25/04/2023,MIDDAY
9931,14,19,22,25,36,26/04/2023,EVENING
9932,1,4,5,10,23,26/04/2023,MIDDAY
9933,2,6,14,15,34,27/04/2023,EVENING
9934,5,15,23,32,33,27/04/2023,MIDDAY
9935,4,5,19,24,35,28/04/2023,EVENING
9936,8,15,18,29,33,28/04/2023,MIDDAY
9937,1,3,21,25,27,29/04/2023,EVENING
9938,8,9,14,20,23,29/04/2023,MIDDAY
9939,12,14,16,23,31,30/04/2023,EVENING
9940,8,11,13,14,34,30/04/2023,MIDDAY
9941,2,5,10,31,34,01/05/2023,EVENING
9942,6,10,13,24,36,01/05/2023,MIDDAY
9943,1,13,15,31,34,02/05/2023,EVENING
9944,2,7,11,16,17,02/05/2023,MIDDAY
9945,7,16,18,30,34,03/05/2023,EVENING
9946,5,29,34,35,36,03/05/2023,MIDDAY
9947,9,15,18,25,30,04/05/2023,EVENING
9948,12,18,29,30,31,04/05/2023,MIDDAY
9949,2,4,12,14,32,05/05/2023,EVENING
9950,3,4,5,9,35,05/05/2023,MIDDAY
9951,3,4,6,24,28,06/05/2023,EVENING
9952,5,12,21,26,28,06/05/2023,MIDDAY
9953,8,12,13,18,23,07/05/2023,EVENING
9954,6,7,10,22,32,07/05/2023,MIDDAY
9955,11,18,21,28,29,08/05/2023,EVENING
9956,9,21,24,31,34,08/05/2023,MIDDAY
9957,8,16,26,34,35,09/05/2023,EVENING
9958,3,5,9,31,33,09/05/2023,MIDDAY
9959,7,12,20,22,25,10/05/2023,EVENING
9960,1,13,14,22,36,10/05/2023,MIDDAY
9961,1,3,10,20,30,11/05/2023,EVENING
9962,1,8,15,22,27,11/05/2023,MIDDAY
9963,13,21,28,31,32,12/05/2023,EVENING
9964,2,3,22,23,25,12/05/2023,MIDDAY
9965,4,9,34,35,36,13/05/2023,EVENING
9966,5,6,15,19,33,13/05/2023,MIDDAY
9967,14,18,25,27,29,14/05/2023,EVENING
9968,15,18,22,24,34,14/05/2023,MIDDAY
9969,21,22,27,29,36,15/05/2023,EVENING
9970,2,6,11,28,29,15/05/2023,MIDDAY
9971,1,21,22,25,29,16/05/2023,EVENING
9972,13,16,21,29,33,16/05/2023,MIDDAY
9973,4,17,22,27,33,17/05/2023,EVENING
9974,10,14,18,28,34,17/05/2023,MIDDAY
9975,9,25,28,29,36,18/05/2023,EVENING
9976,13,19,23,24,32,18/05/2023,MIDDAY
9977,1,2,17,29,35,19/05/2023,EVENING
9978,5,19,33,34,36,19/05/2023,MIDDAY
9979,5,8,18,21,27,20/05/2023,EVENING
9980,2,6,11,21,31,20/05/2023,MIDDAY
9981,4,15,16,27,31,21/05/2023,EVENING
9982,13,19,21,26,36,21/05/2023,MIDDAY
9983,5,6,16,19,26,22/05/2023,EVENING
9984,3,20,22,27,31,22/05/2023,MIDDAY
9985,4,5,8,22,35,23/05/2023,EVENING
9986,4,5,26,31,33,23/05/2023,MIDDAY
9987,6,15,20,26,36,24/05/2023,EVENING
9988,5,9,15,16,24,24/05/2023,MIDDAY
9989,14,19,29,33,34,25/05/2023,EVENING
9990,9,11,23,28,31,25/05/2023,MIDDAY
9991,17,27,29,32,35,26/05/2023,EVENING
9992,13,20,22,32,35,26/05/2023,MIDDAY
9993,10,13,16,17,18,27/05/2023,EVENING
9994,4,9,26,30,31,27/05/2023,MIDDAY
9995,1,5,19,26,27,28/05/2023,EVENING
9996,11,15,20,28,36,28/05/2023,MIDDAY
9997,1,6,28,33,36,29/05/2023,EVENING
9998,8,13,18,28,32,29/05/2023,MIDDAY
9999,20,21,22,27,35,30/05/2023,EVENING
10000,3,4,15,27,33,30/05/2023,MIDDAY
10001,5,14,15,31,36,31/05/2023,EVENING
10002,13,17,25,28,36,31/05/2023,MIDDAY
10003,7,17,20,32,35,01/06/2023,EVENING
10004,2,5,8,10,17,01/06/2023,MIDDAY
10005,1,10,18,32,33,02/06/2023,EVENING
10006,2,4,30,31,36,02/06/2023,MIDDAY
10007,2,6,17,27,34,03/06/2023,EVENING
10008,8,12,16,20,23,03/06/2023,MIDDAY
10009,1,7,23,30,32,04/06/2023,EVENING
10010,11,17,30,31,35,04/06/2023,MIDDAY
10011,2,16,26,27,31,05/06/2023,EVENING
10012,20,25,31,32,34,05/06/2023,MIDDAY
10013,10,20,30,32,34,06/06/2023,EVENING
10014,6,8,21,24,31,06/06/2023,MIDDAY
10015,2,11,15,23,25,07/06/2023,EVENING
10016,3,4,7,17,25,07/06/2023,MIDDAY
10017,1,6,16,25,35,08/06/2023,EVENING
10018,3,7,10,14,35,08/06/2023,MIDDAY
10019,2,3,22,29,36,09/06/2023,EVENING
10020,12,17,19,29,31,09/06/2023,MIDDAY
10021,11,13,21,25,32,10/06/2023,EVENING
10022,6,13,21,29,30,10/06/2023,MIDDAY
10023,2,5,14,19,35,11/06/2023,EVENING
10024,9,28,30,33,34,11/06/2023,MIDDAY
10025,3,15,16,22,31,12/06/2023,EVENING
10026,5,11,17,21,28,12/06/2023,MIDDAY
10027,1,2,13,17,27,13/06/2023,EVENING
10028,3,10,13,26,34,13/06/2023,MIDDAY
10029,10,13,17,18,20,14/06/2023,EVENING
10030,5,14,21,24,27,14/06/2023,MIDDAY
10031,4,7,9,12,23,15/06/2023,EVENING
10032,7,12,31,32,35,15/06/2023,MIDDAY
10033,1,9,10,14,22,16/06/2023,EVENING
10034,4,29,30,32,35,16/06/2023,MIDDAY
10035,14,21,27,29,31,17/06/2023,EVENING
10036,2,17,18,30,34,17/06/2023,MIDDAY
10037,2,3,20,27,28,18/06/2023,EVENING
10038,3,4,20,22,32,18/06/2023,MIDDAY
10039,12,16,29,31,36,19/06/2023,EVENING
10040,8,17,26,29,34,19/06/2023,MIDDAY
10041,9,11,24,25,29,20/06/2023,EVENING
10042,19,20,29,30,36,20/06/2023,MIDDAY
10043,3,7,8,23,32,21/06/2023,EVENING
10044,19,20,23,34,35,21/06/2023,MIDDAY
10045,1,19,30,34,36,22/06/2023,EVENING
10046,8,9,24,26,36,22/06/2023,MIDDAY
10047,5,9,14,21,35,23/06/2023,EVENING
10048,3,9,16,18,26,23/06/2023,MIDDAY
10049,8,14,22,23,25,24/06/2023,EVENING
10050,5,10,18,23,35,24/06/2023,MIDDAY
10051,11,13,16,21,35,25/06/2023,EVENING
10052,7,18,19,28,35,25/06/2023,MIDDAY
10053,4,8,11,19,29,26/06/2023,EVENING
10054,10,24,25,27,32,26/06/2023,MIDDAY
10055,3,6,22,31,36,27/06/2023,EVENING
10056,1,2,13,23,27,27/06/2023,MIDDAY
10057,2,6,10,12,25,28/06/2023,EVENING
10058,3,7,8,9,30,28/06/2023,MIDDAY
10059,8,16,22,35,36,29/06/2023,EVENING
10060,7,19,21,22,31,29/06/2023,MIDDAY
10061,2,7,13,27,34,30/06/2023,EVENING
10062,7,21,22,28,30,30/06/2023,MIDDAY
10063,6,7,14,24,25,01/07/2023,EVENING
10064,1,2,3,9,18,01/07/2023,MIDDAY
10065,6,8,11,20,27,02/07/2023,EVENING
10066,4,25,27,29,34,02/07/2023,MIDDAY
10067,4,15,18,27,30,03/07/2023,EVENING
10068,1,13,23,25,34,03/07/2023,MIDDAY
10069,8,17,24,31,33,04/07/2023,EVENING
10070,9,24,31,34,36,04/07/2023,MIDDAY
10071,1,5,9,21,36,05/07/2023,EVENING
10072,18,22,25,27,32,05/07/2023,MIDDAY
10073,1,7,15,18,36,06/07/2023,EVENING
10074,5,7,14,22,33,06/07/2023,MIDDAY
10075,1,13,25,28,30,07/07/2023,EVENING
10076,11,14,18,31,35,07/07/2023,MIDDAY
10077,6,13,16,24,28,08/07/2023,EVENING
10078,9,10,17,27,30,08/07/2023,MIDDAY
10079,4,10,16,31,35,09/07/2023,EVENING
10080,4,10,19,23,33,09/07/2023,MIDDAY
10081,3,4,6,21,24,10/07/2023,EVENING
10082,4,15,32,33,36,10/07/2023,MIDDAY
10083,4,20,23,24,30,11/07/2023,EVENING
10084,3,22,28,33,35,11/07/2023,MIDDAY
10085,1,7,11,13,34,12/07/2023,EVENING
10086,2,14,23,27,31,12/07/2023,MIDDAY
10087,3,5,14,16,21,13/07/2023,EVENING
10088,1,11,13,16,33,13/07/2023,MIDDAY
10089,4,10,15,17,32,14/07/2023,EVENING
10090,2,10,25,28,36,14/07/2023,MIDDAY
10091,6,19,23,27,36,15/07/2023,EVENING
10092,7,11,13,16,34,15/07/2023,MIDDAY
10093,2,5,8,12,23,16/07/2023,EVENING
10094,3,11,15,26,30,16/07/2023,MIDDAY
10095,9,16,22,23,24,17/07/2023,EVENING
10096,6,13,15,21,27,17/07/2023,MIDDAY
10097,7,18,23,26,34,18/07/2023,EVENING
10098,12,15,16,28,30,18/07/2023,MIDDAY
10099,6,12,21,26,33,19/07/2023,EVENING
10100,17,20,21,33,34,19/07/2023,MIDDAY
10101,2,23,24,27,36,20/07/2023,EVENING
10102,1,17,21,28,34,20/07/2023,MIDDAY
10103,5,6,12,16,21,21/07/2023,EVENING
10104,2,8,11,19,32,21/07/2023,MIDDAY
10105,1,5,20,24,33,22/07/2023,EVENING
10106,9,12,23,27,28,22/07/2023,MIDDAY
10107,7,11,12,25,28,23/07/2023,EVENING
10108,12,17,24,28,31,23/07/2023,MIDDAY
10109,23,26,30,33,35,24/07/2023,EVENING
10110,8,22,27,28,36,24/07/2023,MIDDAY
10111,1,14,20,21,24,25/07/2023,EVENING
10112,8,12,13,18,22,25/07/2023,MIDDAY
10113,11,23,27,28,32,26/07/2023,EVENING
10114,10,23,27,30,33,26/07/2023,MIDDAY
10115,8,13,16,20,24,27/07/2023,EVENING
10116,5,9,15,18,27,27/07/2023,MIDDAY
10117,6,13,14,25,36,28/07/2023,EVENING
10118,15,16,18,20,28,28/07/2023,MIDDAY
10119,4,10,11,33,36,29/07/2023,EVENING
10120,9,17,21,24,26,29/07/2023,MIDDAY
10121,3,4,18,22,31,30/07/2023,EVENING
10122,5,15,23,27,33,30/07/2023,MIDDAY
10123,5,13,15,16,31,31/07/2023,EVENING
10124,2,20,25,33,35,31/07/2023,MIDDAY
10125,1,3,5,13,29,01/08/2023,EVENING
10126,2,8,19,24,32,01/08/2023,MIDDAY
10127,2,13,14,16,27,02/08/2023,EVENING
10128,3,10,16,22,32,02/08/2023,MIDDAY
10129,4,11,14,15,29,03/08/2023,EVENING
10130,1,2,5,29,33,03/08/2023,MIDDAY
10131,5,7,9,25,33,04/08/2023,EVENING
10132,13,17,18,27,35,04/08/2023,MIDDAY
10133,3,5,8,18,30,05/08/2023,EVENING
10134,1,7,8,30,33,05/08/2023,MIDDAY
10135,5,16,20,25,32,06/08/2023,EVENING
10136,2,8,9,11,17,06/08/2023,MIDDAY
10137,8,10,16,25,27,07/08/2023,EVENING
10138,2,6,7,28,31,07/08/2023,MIDDAY
10139,8,15,18,21,32,08/08/2023,EVENING
10140,11,12,17,20,34,08/08/2023,MIDDAY
10141,12,13,17,31,36,09/08/2023,EVENING
10142,4,5,20,21,27,09/08/2023,MIDDAY
10143,25,26,28,30,31,10/08/2023,EVENING
10144,3,6,10,14,24,10/08/2023,MIDDAY
10145,3,12,13,28,31,11/08/2023,EVENING
10146,4,10,20,21,30,11/08/2023,MIDDAY
10147,5,14,22,25,35,12/08/2023,EVENING
10148,13,19,28,31,33,12/08/2023,MIDDAY
10149,13,18,22,26,35,13/08/2023,EVENING
10150,19,23,28,35,36,13/08/2023,MIDDAY
10151,3,7,9,20,25,14/08/2023,EVENING
10152,6,22,23,27,31,14/08/2023,MIDDAY
10153,5,7,14,17,23,15/08/2023,EVENING
10154,11,13,26,33,34,15/08/2023,MIDDAY
10155,1,3,12,32,33,16/08/2023,EVENING
10156,13,20,22,29,35,16/08/2023,MIDDAY
10157,2,6,9,23,31,17/08/2023,EVENING
10158,5,6,9,12,31,17/08/2023,MIDDAY
10159,6,7,21,22,29,18/08/2023,EVENING
10160,3,8,23,25,30,18/08/2023,MIDDAY
10161,1,8,17,26,36,19/08/2023,EVENING
10162,5,9,21,27,35,19/08/2023,MIDDAY
10163,7,11,19,34,36,20/08/2023,EVENING
10164,7,15,18,24,26,20/08/2023,MIDDAY
10165,10,12,27,34,36,21/08/2023,EVENING
10166,3,22,23,28,36,21/08/2023,MIDDAY
10167,1,9,12,24,36,22/08/2023,EVENING
10168,9,10,14,21,33,22/08/2023,MIDDAY
10169,4,8,20,26,34,23/08/2023,EVENING
10170,2,15,24,29,35,23/08/2023,MIDDAY
10171,2,4,12,15,19,24/08/2023,EVENING
10172,1,9,22,26,32,24/08/2023,MIDDAY
10173,1,6,7,14,35,25/08/2023,EVENING
10174,7,9,17,19,30,25/08/2023,MIDDAY
10175,3,14,15,19,23,26/08/2023,EVENING
10176,2,6,15,20,28,26/08/2023,MIDDAY
10177,16,18,19,22,35,27/08/2023,EVENING
10178,4,7,24,34,36,27/08/2023,MIDDAY
10179,16,22,27,35,36,28/08/2023,EVENING
10180,3,8,11,27,28,28/08/2023,MIDDAY
10181,6,11,14,32,36,29/08/2023,EVENING
10182,4,18,28,33,34,29/08/2023,MIDDAY
10183,4,7,16,20,29,30/08/2023,EVENING
10184,10,15,18,22,29,30/08/2023,MIDDAY
10185,9,13,18,22,28,31/08/2023,EVENING
10186,1,4,8,11,19,31/08/2023,MIDDAY
10187,10,19,20,21,27,01/09/2023,EVENING
10188,16,19,24,30,32,01/09/2023,MIDDAY
10189,10,20,27,32,35,02/09/2023,EVENING
10190,1,6,12,22,29,02/09/2023,MIDDAY
10191,4,12,13,14,32,03/09/2023,EVENING
10192,13,17,28,34,35,03/09/2023,MIDDAY
10193,12,13,18,20,25,04/09/2023,EVENING
10194,3,9,21,25,26,04/09/2023,MIDDAY
10195,1,3,18,29,35,05/09/2023,EVENING
10196,26,30,32,33,36,05/09/2023,MIDDAY
10197,3,12,22,26,30,06/09/2023,EVENING
10198,3,14,19,21,36,06/09/2023,MIDDAY
10199,1,8,10,32,36,07/09/2023,EVENING
10200,9,10,16,28,34,07/09/2023,MIDDAY
10201,4,9,13,17,32,08/09/2023,EVENING
10202,8,12,13,14,22,08/09/2023,MIDDAY
10203,5,14,24,26,36,09/09/2023,EVENING
10204,2,17,20,32,35,09/09/2023,MIDDAY
10205,4,10,23,28,34,10/09/2023,EVENING
10206,12,16,17,32,35,10/09/2023,MIDDAY
10207,7,19,24,26,31,11/09/2023,EVENING
10208,7,10,20,21,23,11/09/2023,MIDDAY
10209,10,13,14,17,22,12/09/2023,EVENING
10210,14,19,22,30,32,12/09/2023,MIDDAY
10211,1,6,24,26,28,13/09/2023,EVENING
10212,10,14,20,21,29,13/09/2023,MIDDAY
10213,4,13,22,32,35,14/09/2023,EVENING
10214,6,9,17,23,34,14/09/2023,MIDDAY
10215,1,2,5,8,31,15/09/2023,EVENING
10216,2,11,13,19,29,15/09/2023,MIDDAY
10217,4,12,15,20,22,16/09/2023,EVENING
10218,12,16,24,30,31,16/09/2023,MIDDAY
10219,1,2,3,22,33,17/09/2023,EVENING
10220,16,20,22,23,31,17/09/2023,MIDDAY
10221,1,5,12,15,30,18/09/2023,EVENING
10222,12,20,22,31,32,18/09/2023,MIDDAY
10223,12,14,18,28,35,19/09/2023,EVENING
10224,3,20,21,23,25,19/09/2023,MIDDAY
10225,11,17,20,30,35,20/09/2023,EVENING
10226,3,14,19,33,36,20/09/2023,MIDDAY
10227,3,9,18,22,35,21/09/2023,EVENING
10228,4,20,21,26,27,21/09/2023,MIDDAY
10229,21,29,31,33,36,22/09/2023,EVENING
10230,6,10,18,28,36,22/09/2023,MIDDAY
10231,8,14,15,16,33,23/09/2023,EVENING
10232,2,3,7,10,16,23/09/2023,MIDDAY
10233,5,6,29,31,32,24/09/2023,EVENING
10234,5,6,24,25,32,24/09/2023,MIDDAY
10235,7,8,9,21,30,25/09/2023,EVENING
10236,7,22,25,27,29,25/09/2023,MIDDAY
10237,3,4,12,15,25,26/09/2023,EVENING
10238,8,14,23,27,33,26/09/2023,MIDDAY
10239,2,4,6,23,33,27/09/2023,EVENING
10240,3,12,16,18,22,27/09/2023,MIDDAY
10241,4,12,13,20,32,28/09/2023,EVENING
10242,1,5,10,19,20,28/09/2023,MIDDAY
10243,10,17,21,22,33,29/09/2023,EVENING
10244,4,13,14,18,23,29/09/2023,MIDDAY
10245,8,10,11,25,29,30/09/2023,EVENING
10246,2,10,18,22,35,30/09/2023,MIDDAY
10247,12,19,20,29,33,01/10/2023,EVENING
10248,1,3,25,27,35,01/10/2023,MIDDAY
10249,7,17,20,29,33,02/10/2023,EVENING
10250,4,13,15,26,36,02/10/2023,MIDDAY
10251,1,11,25,28,35,03/10/2023,EVENING
10252,9,10,18,20,32,03/10/2023,MIDDAY
10253,7,11,17,21,25,04/10/2023,EVENING
10254,4,25,28,31,35,04/10/2023,MIDDAY
10255,7,14,20,27,31,05/10/2023,EVENING
10256,1,6,28,34,36,05/10/2023,MIDDAY
10257,8,13,26,27,35,06/10/2023,EVENING
10258,1,7,28,29,31,06/10/2023,MIDDAY
10259,2,11,16,18,20,07/10/2023,EVENING
10260,4,15,17,18,35,07/10/2023,MIDDAY
10261,1,10,14,29,33,08/10/2023,EVENING
10262,3,6,13,14,26,08/10/2023,MIDDAY
10263,2,16,19,25,36,09/10/2023,EVENING
10264,3,4,10,16,29,09/10/2023,MIDDAY
10265,9,11,16,33,36,10/10/2023,EVENING
10266,2,10,13,31,34,10/10/2023,MIDDAY
10267,8,14,17,21,36,11/10/2023,EVENING
10268,3,12,18,33,36,11/10/2023,MIDDAY
10269,3,5,11,22,35,12/10/2023,EVENING
10270,5,26,27,28,30,12/10/2023,MIDDAY
10271,8,17,29,30,32,13/10/2023,EVENING
10272,2,3,13,32,33,13/10/2023,MIDDAY
10273,2,3,28,35,36,14/10/2023,EVENING
10274,2,3,12,22,25,14/10/2023,MIDDAY
10275,4,7,11,20,36,15/10/2023,EVENING
10276,4,9,17,20,25,15/10/2023,MIDDAY
10277,6,21,30,33,35,16/10/2023,EVENING
10278,4,6,10,12,29,16/10/2023,MIDDAY
10279,3,4,26,27,35,17/10/2023,EVENING
10280,15,18,30,35,36,17/10/2023,MIDDAY
10281,3,7,21,27,33,18/10/2023,EVENING
10282,2,3,22,30,36,18/10/2023,MIDDAY
10283,17,21,25,33,34,19/10/2023,EVENING
10284,2,4,6,10,19,19/10/2023,MIDDAY
10285,8,24,26,30,33,20/10/2023,EVENING
10286,9,13,26,30,32,20/10/2023,MIDDAY
10287,20,25,27,28,34,21/10/2023,EVENING
10288,1,4,5,24,33,21/10/2023,MIDDAY
10289,1,4,18,27,36,22/10/2023,EVENING
10290,7,16,17,22,31,22/10/2023,MIDDAY
10291,8,21,26,31,32,23/10/2023,EVENING
10292,9,19,20,24,35,23/10/2023,MIDDAY
10293,5,10,14,19,34,24/10/2023,EVENING
10294,2,15,20,26,35,24/10/2023,MIDDAY
10295,5,11,21,23,35,25/10/2023,EVENING
10296,20,25,30,33,35,25/10/2023,MIDDAY
10297,1,2,6,7,30,26/10/2023,EVENING
10298,11,13,19,29,31,26/10/2023,MIDDAY
10299,8,15,17,28,32,27/10/2023,EVENING
10300,2,11,13,15,17,27/10/2023,MIDDAY
10301,3,13,21,34,36,28/10/2023,EVENING
10302,7,12,18,23,29,28/10/2023,MIDDAY
10303,2,15,17,21,33,29/10/2023,EVENING
10304,4,9,19,22,28,29/10/2023,MIDDAY
10305,16,26,29,30,34,30/10/2023,EVENING
10306,8,9,14,17,24,30/10/2023,MIDDAY
10307,1,2,3,4,17,31/10/2023,EVENING
10308,5,11,14,16,24,31/10/2023,MIDDAY
10309,1,5,10,25,31,01/11/2023,EVENING
10310,13,22,29,31,36,01/11/2023,MIDDAY
10311,3,6,22,23,33,02/11/2023,EVENING
10312,13,15,18,22,24,02/11/2023,MIDDAY
10313,10,14,23,32,35,03/11/2023,EVENING
10314,7,8,13,17,23,03/11/2023,MIDDAY
10315,1,17,24,29,30,04/11/2023,EVENING
10316,1,6,11,13,28,04/11/2023,MIDDAY
10317,4,9,24,30,33,05/11/2023,EVENING
10318,10,14,18,28,36,05/11/2023,MIDDAY
10319,10,15,24,32,36,06/11/2023,EVENING
10320,8,19,20,23,25,06/11/2023,MIDDAY
10321,8,16,20,27,34,07/11/2023,EVENING
10322,1,8,22,27,30,07/11/2023,MIDDAY
10323,8,10,19,30,36,08/11/2023,EVENING
10324,8,13,16,25,29,08/11/2023,MIDDAY
10325,11,12,26,27,28,09/11/2023,EVENING
10326,11,15,22,27,35,09/11/2023,MIDDAY
10327,1,6,13,17,18,10/11/2023,EVENING
10328,10,12,18,20,23,10/11/2023,MIDDAY
10329,4,5,8,9,15,11/11/2023,EVENING
10330,8,17,19,20,31,11/11/2023,MIDDAY
10331,12,13,21,27,28,12/11/2023,EVENING
10332,12,26,27,31,36,12/11/2023,MIDDAY
10333,5,8,25,28,35,13/11/2023,EVENING
10334,3,6,13,29,31,13/11/2023,MIDDAY
10335,2,6,13,24,25,14/11/2023,EVENING
10336,6,22,26,34,35,14/11/2023,MIDDAY
10337,8,9,10,15,31,15/11/2023,EVENING
10338,2,7,8,12,34,15/11/2023,MIDDAY
10339,2,13,21,25,33,16/11/2023,EVENING
10340,12,15,20,23,28,16/11/2023,MIDDAY
10341,18,22,23,25,33,17/11/2023,EVENING
10342,15,23,33,34,36,17/11/2023,MIDDAY
10343,6,20,26,33,34,18/11/2023,EVENING
10344,4,18,19,25,36,18/11/2023,MIDDAY
10345,1,2,14,23,26,19/11/2023,EVENING
10346,6,15,26,33,34,19/11/2023,MIDDAY
10347,1,4,21,27,33,20/11/2023,EVENING
10348,1,6,8,15,35,20/11/2023,MIDDAY
10349,1,6,10,17,26,21/11/2023,EVENING
10350,3,19,20,30,33,21/11/2023,MIDDAY
10351,7,12,17,26,29,22/11/2023,EVENING
10352,1,11,21,26,30,22/11/2023,MIDDAY
10353,2,4,5,9,29,23/11/2023,EVENING
10354,15,16,18,19,32,23/11/2023,MIDDAY
10355,1,8,24,30,34,24/11/2023,EVENING
10356,10,22,23,29,33,24/11/2023,MIDDAY
10357,3,4,14,25,32,25/11/2023,EVENING
10358,6,13,22,25,36,25/11/2023,MIDDAY
10359,4,7,16,25,34,26/11/2023,EVENING
10360,5,6,11,18,19,26/11/2023,MIDDAY
10361,15,20,22,25,34,27/11/2023,EVENING
10362,9,14,16,23,29,27/11/2023,MIDDAY
10363,2,14,16,20,32,28/11/2023,EVENING
10364,2,11,14,15,31,28/11/2023,MIDDAY
10365,4,8,16,22,23,29/11/2023,EVENING
10366,1,5,9,11,24,29/11/2023,MIDDAY
10367,4,12,19,22,35,30/11/2023,EVENING
10368,2,7,21,29,33,30/11/2023,MIDDAY
10369,1,3,5,15,16,01/12/2023,EVENING
10370,5,8,14,22,33,01/12/2023,MIDDAY
10371,5,15,16,21,35,02/12/2023,EVENING
10372,5,6,15,16,29,02/12/2023,MIDDAY
10373,1,11,26,33,36,03/12/2023,EVENING
10374,2,6,15,18,22,03/12/2023,MIDDAY
10375,2,8,16,22,28,04/12/2023,EVENING
10376,5,8,9,10,19,04/12/2023,MIDDAY
10377,1,18,19,21,22,05/12/2023,EVENING
10378,4,9,15,17,36,05/12/2023,MIDDAY
10379,1,3,6,7,8,06/12/2023,EVENING
10380,10,13,14,18,22,06/12/2023,MIDDAY
10381,14,25,26,28,33,07/12/2023,EVENING
10382,10,13,20,29,36,07/12/2023,MIDDAY
10383,1,5,15,30,34,08/12/2023,EVENING
10384,5,17,21,24,25,08/12/2023,MIDDAY
10385,3,11,16,18,35,09/12/2023,EVENING
10386,5,9,24,27,32,09/12/2023,MIDDAY
10387,4,15,18,20,32,10/12/2023,EVENING
10388,4,5,11,18,28,10/12/2023,MIDDAY
10389,11,17,19,30,31,11/12/2023,EVENING
10390,10,11,13,16,31,11/12/2023,MIDDAY
10391,1,3,12,22,26,12/12/2023,EVENING
10392,12,14,29,30,33,12/12/2023,MIDDAY
10393,17,25,30,32,35,13/12/2023,EVENING
10394,5,21,26,30,31,13/12/2023,MIDDAY
10395,5,19,21,22,36,14/12/2023,EVENING
10396,1,12,13,17,22,14/12/2023,MIDDAY
10397,1,9,20,23,28,15/12/2023,EVENING
10398,1,2,8,20,25,15/12/2023,MIDDAY
10399,9,14,19,21,34,16/12/2023,EVENING
10400,21,22,29,33,34,16/12/2023,MIDDAY
10401,2,12,29,34,35,17/12/2023,EVENING
10402,5,9,13,18,30,17/12/2023,MIDDAY
10403,7,10,11,16,18,18/12/2023,EVENING
10404,1,19,24,30,35,18/12/2023,MIDDAY
10405,9,17,18,28,34,19/12/2023,EVENING
10406,1,3,11,14,23,19/12/2023,MIDDAY
10407,2,3,7,8,9,20/12/2023,EVENING
10408,3,11,17,25,26,20/12/2023,MIDDAY
10409,13,19,27,28,33,21/12/2023,EVENING
10410,3,13,24,30,32,21/12/2023,MIDDAY
10411,2,8,11,14,32,22/12/2023,EVENING
10412,2,4,7,10,25,22/12/2023,MIDDAY
10413,6,10,20,22,27,23/12/2023,EVENING
10414,3,20,25,26,33,23/12/2023,MIDDAY
10415,4,14,16,21,24,24/12/2023,EVENING
10416,2,4,15,21,35,24/12/2023,MIDDAY
10417,6,9,27,32,33,25/12/2023,EVENING
10418,6,13,14,17,25,25/12/2023,MIDDAY
10419,18,23,26,28,34,26/12/2023,EVENING
10420,5,6,21,28,36,26/12/2023,MIDDAY
10421,6,18,20,24,27,27/12/2023,EVENING
10422,7,17,21,27,31,27/12/2023,MIDDAY
10423,4,6,7,12,18,28/12/2023,EVENING
10424,10,15,16,20,21,28/12/2023,MIDDAY
10425,20,30,31,32,35,29/12/2023,EVENING
10426,3,7,18,27,35,29/12/2023,MIDDAY
10427,6,22,27,29,36,30/12/2023,EVENING
10428,6,11,13,18,36,30/12/2023,MIDDAY
10429,8,10,24,31,36,31/12/2023,EVENING
10430,10,17,22,23,25,31/12/2023,MIDDAY
10431,10,11,13,16,33,01/01/2024,EVENING
10432,3,8,9,14,16,01/01/2024,MIDDAY
10433,14,15,28,32,33,02/01/2024,EVENING
10434,5,15,17,28,30,02/01/2024,MIDDAY
10435,5,11,25,28,31,03/01/2024,EVENING
10436,14,18,20,29,35,03/01/2024,MIDDAY
10437,15,19,25,27,28,04/01/2024,EVENING
10438,3,6,16,34,35,04/01/2024,MIDDAY
10439,18,27,32,34,36,05/01/2024,EVENING
10440,2,3,4,7,31,05/01/2024,MIDDAY
10441,1,8,10,24,30,06/01/2024,EVENING
10442,25,28,29,31,32,06/01/2024,MIDDAY
10443,5,15,20,23,27,07/01/2024,EVENING
10444,6,13,27,28,30,07/01/2024,MIDDAY
10445,4,20,27,29,33,08/01/2024,EVENING
10446,1,4,16,21,32,08/01/2024,MIDDAY
10447,10,13,21,28,32,09/01/2024,EVENING
10448,5,8,22,23,32,09/01/2024,MIDDAY
10449,14,19,26,28,31,10/01/2024,EVENING
10450,3,9,13,26,28,10/01/2024,MIDDAY
10451,8,24,28,35,36,11/01/2024,EVENING
10452,5,18,26,27,34,11/01/2024,MIDDAY
10453,2,20,24,27,34,12/01/2024,EVENING
10454,7,8,20,27,35,12/01/2024,MIDDAY
10455,9,12,13,26,34,13/01/2024,EVENING
10456,2,22,25,27,35,13/01/2024,MIDDAY
10457,5,6,9,29,35,14/01/2024,EVENING
10458,1,2,14,15,21,14/01/2024,MIDDAY
10459,2,10,16,24,34,15/01/2024,EVENING
10460,5,19,22,25,32,15/01/2024,MIDDAY
10461,2,16,23,27,36,16/01/2024,EVENING
10462,1,10,18,31,34,16/01/2024,MIDDAY
10463,13,15,17,25,29,17/01/2024,EVENING
10464,16,19,25,28,31,17/01/2024,MIDDAY
10465,10,19,20,28,32,18/01/2024,EVENING
10466,12,21,24,26,29,18/01/2024,MIDDAY
10467,2,5,14,27,36,19/01/2024,EVENING
10468,8,13,19,28,33,19/01/2024,MIDDAY
10469,6,13,22,29,35,20/01/2024,EVENING
10470,10,19,23,33,34,20/01/2024,MIDDAY
10471,6,22,26,28,34,21/01/2024,EVENING
10472,4,11,17,18,23,21/01/2024,MIDDAY
10473,12,19,20,30,33,22/01/2024,EVENING
10474,4,18,31,32,36,22/01/2024,MIDDAY
10475,1,6,15,28,30,23/01/2024,EVENING
10476,4,7,14,32,34,23/01/2024,MIDDAY
10477,4,10,18,22,23,24/01/2024,EVENING
10478,5,15,21,29,32,24/01/2024,MIDDAY
10479,1,17,23,26,36,25/01/2024,EVENING
10480,6,8,23,26,30,25/01/2024,MIDDAY
10481,3,21,27,29,30,26/01/2024,EVENING
10482,19,20,23,26,29,26/01/2024,MIDDAY
10483,3,14,34,35,36,27/01/2024,EVENING
10484,9,14,23,27,32,27/01/2024,MIDDAY
10485,4,20,24,27,28,28/01/2024,EVENING
10486,11,14,16,18,23,28/01/2024,MIDDAY
10487,7,12,19,22,32,29/01/2024,EVENING
10488,5,13,15,20,34,29/01/2024,MIDDAY
10489,3,8,13,16,18,30/01/2024,EVENING
10490,5,6,14,31,33,30/01/2024,MIDDAY
10491,8,13,16,22,25,31/01/2024,EVENING
10492,2,9,12,28,30,31/01/2024,MIDDAY
10493,8,10,20,26,31,01/02/2024,EVENING
10494,1,14,19,32,33,01/02/2024,MIDDAY
10495,3,7,10,11,34,02/02/2024,EVENING
10496,3,16,27,30,34,02/02/2024,MIDDAY
10497,7,18,21,27,32,03/02/2024,EVENING
10498,1,8,16,30,31,03/02/2024,MIDDAY
10499,2,9,21,27,31,04/02/2024,EVENING
10500,5,10,18,21,34,04/02/2024,MIDDAY
10501,11,17,20,32,33,05/02/2024,EVENING
10502,8,18,25,34,36,05/02/2024,MIDDAY
10503,2,12,30,31,33,06/02/2024,EVENING
10504,8,15,20,27,34,06/02/2024,MIDDAY
10505,4,5,8,11,30,07/02/2024,EVENING
10506,9,19,20,27,28,07/02/2024,MIDDAY
10507,2,11,12,18,27,08/02/2024,EVENING
10508,5,6,14,18,25,08/02/2024,MIDDAY
10509,8,10,15,27,35,09/02/2024,EVENING
10510,16,17,21,24,34,09/02/2024,MIDDAY
10511,2,13,24,28,34,10/02/2024,EVENING
10512,11,12,28,31,34,10/02/2024,MIDDAY
10513,5,7,12,18,33,11/02/2024,EVENING
10514,3,13,19,29,31,11/02/2024,MIDDAY
10515,5,7,8,13,31,12/02/2024,EVENING
10516,2,12,21,28,35,12/02/2024,MIDDAY
10517,2,10,12,25,28,13/02/2024,EVENING
10518,6,9,14,22,32,13/02/2024,MIDDAY
10519,5,17,32,33,36,14/02/2024,EVENING
10520,6,11,14,19,24,14/02/2024,MIDDAY
10521,10,25,29,33,35,15/02/2024,EVENING
10522,4,16,20,24,28,15/02/2024,MIDDAY
10523,10,21,25,31,34,16/02/2024,EVENING
10524,13,17,22,25,26,16/02/2024,MIDDAY
10525,7,19,22,27,32,17/02/2024,EVENING
10526,2,6,20,22,28,17/02/2024,MIDDAY
10527,2,7,11,21,28,18/02/2024,EVENING
10528,6,9,17,20,28,18/02/2024,MIDDAY
10529,2,5,17,26,36,19/02/2024,EVENING
10530,13,17,23,25,34,19/02/2024,MIDDAY
10531,4,6,22,25,26,20/02/2024,EVENING
10532,4,20,25,26,28,20/02/2024,MIDDAY
10533,3,8,19,23,29,21/02/2024,EVENING
10534,9,10,13,20,23,21/02/2024,MIDDAY
10535,3,12,23,26,30,22/02/2024,EVENING
10536,4,8,24,27,28,22/02/2024,MIDDAY
10537,3,6,22,26,28,23/02/2024,EVENING
10538,8,14,16,25,26,23/02/2024,MIDDAY
10539,9,17,23,31,34,24/02/2024,EVENING
10540,1,3,6,25,36,24/02/2024,MIDDAY
10541,8,13,15,23,32,25/02/2024,EVENING
10542,1,14,17,19,30,25/02/2024,MIDDAY
10543,2,9,17,32,36,26/02/2024,EVENING
10544,6,14,19,20,30,26/02/2024,MIDDAY
10545,1,13,25,27,29,27/02/2024,EVENING
10546,23,25,33,34,36,27/02/2024,MIDDAY
10547,9,10,11,22,36,28/02/2024,EVENING
10548,4,18,20,27,28,28/02/2024,MIDDAY
10549,4,7,32,35,36,29/02/2024,EVENING
10550,1,6,23,25,26,29/02/2024,MIDDAY
10551,1,5,12,19,30,01/03/2024,EVENING
10552,3,10,15,20,21,01/03/2024,MIDDAY
10553,7,20,21,24,30,02/03/2024,EVENING
10554,7,10,18,26,32,02/03/2024,MIDDAY
10555,7,18,19,26,35,03/03/2024,EVENING
10556,14,24,27,32,33,03/03/2024,MIDDAY
10557,14,16,19,31,36,04/03/2024,EVENING
10558,7,15,18,22,30,04/03/2024,MIDDAY
10559,9,11,15,18,35,05/03/2024,EVENING
10560,6,13,15,18,22,05/03/2024,MIDDAY
10561,9,12,22,25,33,06/03/2024,EVENING
10562,6,9,17,28,30,06/03/2024,MIDDAY
10563,3,4,5,12,31,07/03/2024,EVENING
10564,4,8,24,25,32,07/03/2024,MIDDAY
10565,4,13,15,18,24,08/03/2024,EVENING
10566,1,20,24,31,33,08/03/2024,MIDDAY
10567,1,6,14,33,35,09/03/2024,EVENING
10568,4,11,13,28,31,09/03/2024,MIDDAY
10569,2,17,21,23,32,10/03/2024,EVENING
10570,3,24,25,28,31,10/03/2024,MIDDAY
10571,4,11,15,32,35,11/03/2024,EVENING
10572,7,10,18,24,35,11/03/2024,MIDDAY
10573,4,11,27,32,33,12/03/2024,EVENING
10574,1,5,9,11,23,12/03/2024,MIDDAY
10575,22,23,24,34,36,13/03/2024,EVENING
10576,13,20,23,24,33,13/03/2024,MIDDAY
10577,5,11,20,21,24,14/03/2024,EVENING
10578,2,8,24,27,33,14/03/2024,MIDDAY
10579,2,3,7,8,36,15/03/2024,EVENING
10580,3,9,17,20,28,15/03/2024,MIDDAY
10581,1,6,7,29,35,16/03/2024,EVENING
10582,3,4,5,18,36,16/03/2024,MIDDAY
10583,10,16,33,34,35,17/03/2024,EVENING
10584,10,11,25,29,33,17/03/2024,MIDDAY
10585,5,10,14,30,34,18/03/2024,EVENING
10586,3,5,17,21,29,18/03/2024,MIDDAY
10587,7,19,29,30,34,19/03/2024,EVENING
10588,8,17,22,26,31,19/03/2024,MIDDAY
10589,2,12,16,19,28,20/03/2024,EVENING
10590,8,17,27,30,31,20/03/2024,MIDDAY
10591,4,15,21,22,35,21/03/2024,EVENING
10592,12,18,22,25,31,21/03/2024,MIDDAY
10593,3,5,16,33,36,22/03/2024,EVENING
10594,6,8,11,14,16,22/03/2024,MIDDAY
10595,2,7,16,19,36,23/03/2024,EVENING
10596,10,18,20,28,34,23/03/2024,MIDDAY
10597,2,13,15,33,36,24/03/2024,EVENING
10598,3,5,13,30,36,24/03/2024,MIDDAY
10599,3,6,13,26,36,25/03/2024,EVENING
10600,5,6,18,19,21,25/03/2024,MIDDAY
10601,3,8,9,11,19,26/03/2024,EVENING
10602,4,22,25,27,36,26/03/2024,MIDDAY
10603,5,13,16,25,36,27/03/2024,EVENING
10604,4,8,14,28,30,27/03/2024,MIDDAY
10605,18,20,25,26,31,28/03/2024,EVENING
10606,1,19,21,23,25,28/03/2024,MIDDAY
10607,10,19,31,32,36,29/03/2024,EVENING
10608,8,17,18,22,33,29/03/2024,MIDDAY
10609,2,17,18,24,32,30/03/2024,EVENING
10610,5,13,16,33,35,30/03/2024,MIDDAY
10611,3,15,23,35,36,31/03/2024,EVENING
10612,4,14,16,17,31,31/03/2024,MIDDAY
10613,3,17,19,25,29,01/04/2024,EVENING
10614,3,13,16,18,19,01/04/2024,MIDDAY
10615,19,20,26,31,36,02/04/2024,EVENING
10616,1,15,20,31,33,02/04/2024,MIDDAY
10617,14,22,25,29,31,03/04/2024,EVENING
10618,1,5,20,22,34,03/04/2024,MIDDAY
10619,6,16,28,29,33,04/04/2024,EVENING
10620,1,2,27,28,30,04/04/2024,MIDDAY
10621,4,16,21,32,36,05/04/2024,EVENING
10622,2,10,22,24,26,05/04/2024,MIDDAY
10623,9,10,23,30,34,06/04/2024,EVENING
10624,6,7,8,17,21,06/04/2024,MIDDAY
10625,3,9,19,20,28,07/04/2024,EVENING
10626,12,23,26,28,35,07/04/2024,MIDDAY
10627,3,10,24,29,35,08/04/2024,EVENING
10628,3,10,12,25,26,08/04/2024,MIDDAY
10629,13,17,28,29,36,09/04/2024,EVENING
10630,3,8,21,22,34,09/04/2024,MIDDAY
10631,1,5,21,35,36,10/04/2024,EVENING
10632,13,15,17,24,31,10/04/2024,MIDDAY
10633,6,11,21,23,25,11/04/2024,EVENING
10634,2,6,10,14,31,11/04/2024,MIDDAY
10635,6,18,19,24,29,12/04/2024,EVENING
10636,5,8,20,33,34,12/04/2024,MIDDAY
10637,19,20,25,30,33,13/04/2024,EVENING
10638,10,17,18,24,33,13/04/2024,MIDDAY
10639,1,6,11,17,22,14/04/2024,EVENING
10640,3,11,13,19,22,14/04/2024,MIDDAY
10641,1,4,11,27,28,15/04/2024,EVENING
10642,2,7,12,19,36,15/04/2024,MIDDAY
10643,2,8,26,31,32,16/04/2024,EVENING
10644,7,10,13,15,19,16/04/2024,MIDDAY
10645,1,15,18,21,29,17/04/2024,EVENING
10646,1,2,5,13,23,17/04/2024,MIDDAY
10647,5,11,20,23,33,18/04/2024,EVENING
10648,18,19,20,26,35,18/04/2024,MIDDAY
10649,2,7,17,23,31,19/04/2024,EVENING
10650,5,13,22,26,30,19/04/2024,MIDDAY
10651,7,8,14,17,19,20/04/2024,EVENING
10652,10,14,31,35,36,20/04/2024,MIDDAY
10653,4,5,6,10,30,21/04/2024,EVENING
10654,4,14,16,24,35,21/04/2024,MIDDAY
10655,4,12,17,28,29,22/04/2024,EVENING
10656,7,14,21,27,30,22/04/2024,MIDDAY
10657,8,9,25,32,35,23/04/2024,EVENING
10658,11,17,19,24,34,23/04/2024,MIDDAY
10659,2,3,16,26,27,24/04/2024,EVENING
10660,5,6,11,33,34,24/04/2024,MIDDAY
10661,1,2,15,26,34,25/04/2024,EVENING
10662,1,12,13,19,36,25/04/2024,MIDDAY
10663,2,7,19,25,30,26/04/2024,EVENING
10664,11,14,16,23,27,26/04/2024,MIDDAY
10665,3,9,13,16,22,27/04/2024,EVENING
10666,9,10,12,25,29,27/04/2024,MIDDAY
10667,6,17,23,28,32,28/04/2024,EVENING
10668,9,11,27,29,35,28/04/2024,MIDDAY
10669,7,13,20,23,31,29/04/2024,EVENING
10670,8,13,14,27,33,29/04/2024,MIDDAY
10671,3,5,7,12,20,30/04/2024,EVENING
10672,2,6,17,30,34,30/04/2024,MIDDAY
10673,10,13,24,29,34,01/05/2024,EVENING
10674,3,14,22,29,33,01/05/2024,MIDDAY
10675,10,15,16,28,35,02/05/2024,EVENING
10676,6,17,19,28,29,02/05/2024,MIDDAY
10677,9,23,24,30,31,03/05/2024,EVENING
10678,3,13,14,17,28,03/05/2024,MIDDAY
10679,6,11,12,17,27,04/05/2024,EVENING
10680,1,2,17,21,34,04/05/2024,MIDDAY
10681,9,10,13,18,25,05/05/2024,EVENING
10682,2,11,26,32,34,05/05/2024,MIDDAY
10683,3,12,19,26,34,06/05/2024,EVENING
10684,10,18,22,30,33,06/05/2024,MIDDAY
10685,4,10,15,25,26,07/05/2024,EVENING
10686,3,15,22,24,29,07/05/2024,MIDDAY
10687,12,27,28,29,35,08/05/2024,EVENING
10688,2,5,6,8,15,08/05/2024,MIDDAY
10689,2,9,16,21,28,09/05/2024,EVENING
10690,7,12,14,18,33,09/05/2024,MIDDAY
10691,4,10,13,28,35,10/05/2024,EVENING
10692,1,5,8,31,32,10/05/2024,MIDDAY
10693,6,12,22,27,34,11/05/2024,EVENING
10694,1,8,13,24,33,11/05/2024,MIDDAY
10695,3,10,15,21,31,12/05/2024,EVENING
10696,15,20,23,24,25,12/05/2024,MIDDAY
10697,4,10,26,29,36,13/05/2024,EVENING
10698,1,11,12,14,19,13/05/2024,MIDDAY
10699,1,6,14,19,27,14/05/2024,EVENING
10700,9,11,30,33,34,14/05/2024,MIDDAY
10701,4,13,18,29,30,15/05/2024,EVENING
10702,1,25,27,30,33,15/05/2024,MIDDAY
10703,1,7,9,10,18,16/05/2024,EVENING
10704,18,20,28,30,34,16/05/2024,MIDDAY
10705,1,11,12,25,31,17/05/2024,EVENING
10706,9,24,27,28,34,17/05/2024,MIDDAY
10707,8,9,13,16,29,18/05/2024,EVENING
10708,18,20,29,31,32,18/05/2024,MIDDAY
10709,10,17,21,28,30,19/05/2024,EVENING
10710,1,24,25,27,32,19/05/2024,MIDDAY
10711,7,14,30,32,36,20/05/2024,EVENING
10712,4,17,20,23,34,20/05/2024,MIDDAY
10713,1,2,5,9,36,21/05/2024,EVENING
10714,7,15,23,25,29,21/05/2024,MIDDAY
10715,4,5,8,16,25,22/05/2024,EVENING
10716,5,8,10,16,36,22/05/2024,MIDDAY
10717,5,18,22,25,33,23/05/2024,EVENING
10718,2,11,19,26,27,23/05/2024,MIDDAY
10719,6,9,13,18,28,24/05/2024,EVENING
10720,3,10,29,31,36,24/05/2024,MIDDAY
10721,3,4,18,20,24,25/05/2024,EVENING
10722,2,15,19,21,35,25/05/2024,MIDDAY
10723,8,9,16,26,35,26/05/2024,EVENING
10724,8,21,29,34,35,26/05/2024,MIDDAY
10725,4,5,14,19,28,27/05/2024,EVENING
10726,8,14,16,30,35,27/05/2024,MIDDAY
10727,7,8,18,26,31,28/05/2024,EVENING
10728,3,6,17,19,20,28/05/2024,MIDDAY
10729,12,13,14,21,23,29/05/2024,EVENING
10730,1,3,8,21,28,29/05/2024,MIDDAY
10731,2,17,19,20,33,30/05/2024,EVENING
10732,1,11,13,24,29,30/05/2024,MIDDAY
10733,15,18,27,29,31,31/05/2024,EVENING
10734,1,4,25,28,29,31/05/2024,MIDDAY
10735,12,16,24,26,36,01/06/2024,EVENING
10736,2,14,17,26,31,01/06/2024,MIDDAY
10737,10,13,22,25,26,02/06/2024,EVENING
10738,3,8,20,30,36,02/06/2024,MIDDAY
10739,1,6,11,14,34,03/06/2024,EVENING
10740,9,12,14,22,25,03/06/2024,MIDDAY
10741,14,20,31,35,36,04/06/2024,EVENING
10742,3,9,26,33,35,04/06/2024,MIDDAY
10743,1,11,12,21,36,05/06/2024,EVENING
10744,14,25,26,27,33,05/06/2024,MIDDAY
10745,4,18,29,30,36,06/06/2024,EVENING
10746,12,23,28,30,31,06/06/2024,MIDDAY
10747,7,13,16,17,28,07/06/2024,EVENING
10748,9,11,13,28,36,07/06/2024,MIDDAY
10749,1,6,13,25,31,08/06/2024,EVENING
10750,10,15,26,32,36,08/06/2024,MIDDAY
10751,1,14,24,27,33,09/06/2024,EVENING
10752,7,11,23,25,33,09/06/2024,MIDDAY
10753,5,8,28,32,35,10/06/2024,EVENING
10754,3,4,23,25,30,10/06/2024,MIDDAY
10755,7,9,10,11,18,11/06/2024,EVENING
10756,9,12,13,19,21,11/06/2024,MIDDAY
10757,11,14,31,35,36,12/06/2024,EVENING
10758,1,17,22,28,29,12/06/2024,MIDDAY
10759,3,5,21,32,36,13/06/2024,EVENING
10760,1,5,6,11,14,13/06/2024,MIDDAY
10761,1,3,21,32,36,14/06/2024,EVENING
10762,3,32,33,34,35,14/06/2024,MIDDAY
10763,9,11,22,27,36,15/06/2024,EVENING
10764,14,16,20,34,35,15/06/2024,MIDDAY
10765,4,5,9,15,27,16/06/2024,EVENING
10766,11,14,21,32,34,16/06/2024,MIDDAY
10767,14,17,18,24,30,17/06/2024,EVENING
10768,4,8,10,13,21,17/06/2024,MIDDAY
10769,4,5,22,25,34,18/06/2024,EVENING
10770,3,6,9,33,35,18/06/2024,MIDDAY
10771,4,6,26,33,36,19/06/2024,EVENING
10772,6,9,12,13,22,19/06/2024,MIDDAY
10773,1,4,12,23,35,20/06/2024,EVENING
10774,7,9,13,14,35,20/06/2024,MIDDAY
10775,2,15,22,24,25,21/06/2024,EVENING
10776,4,6,13,18,28,21/06/2024,MIDDAY
10777,9,11,12,32,35,22/06/2024,EVENING
10778,12,21,24,32,36,22/06/2024,MIDDAY
10779,8,18,21,33,35,23/06/2024,EVENING
10780,7,11,23,30,35,23/06/2024,MIDDAY
10781,8,10,31,32,35,24/06/2024,EVENING
10782,1,14,18,20,26,24/06/2024,MIDDAY
10783,2,9,27,28,30,25/06/2024,EVENING
10784,3,14,21,30,35,25/06/2024,MIDDAY
10785,3,4,10,29,35,26/06/2024,EVENING
10786,16,20,24,32,35,26/06/2024,MIDDAY
10787,1,7,11,14,20,27/06/2024,EVENING
10788,8,9,16,34,35,27/06/2024,MIDDAY
10789,12,22,24,32,34,28/06/2024,EVENING
10790,2,17,22,24,35,28/06/2024,MIDDAY
10791,1,6,11,14,17,29/06/2024,EVENING
10792,8,21,25,29,35,29/06/2024,MIDDAY
10793,1,8,12,17,19,30/06/2024,EVENING
10794,6,15,18,26,28,30/06/2024,MIDDAY
10795,3,4,6,9,13,01/07/2024,EVENING
10796,1,3,9,14,27,01/07/2024,MIDDAY
10797,15,16,28,34,35,02/07/2024,EVENING
10798,2,22,23,24,25,02/07/2024,MIDDAY
10799,15,23,25,32,33,03/07/2024,EVENING
10800,1,4,11,15,36,03/07/2024,MIDDAY
10801,2,4,14,16,23,04/07/2024,EVENING
10802,16,19,25,35,36,04/07/2024,MIDDAY
10803,7,8,14,26,28,05/07/2024,EVENING
10804,1,3,17,23,29,05/07/2024,MIDDAY
10805,3,20,24,25,31,06/07/2024,EVENING
10806,2,8,9,10,17,06/07/2024,MIDDAY
10807,1,4,11,25,27,07/07/2024,EVENING
10808,1,2,18,25,35,07/07/2024,MIDDAY
10809,7,16,17,24,33,08/07/2024,EVENING
10810,3,7,14,17,31,08/07/2024,MIDDAY
10811,5,6,23,31,32,09/07/2024,EVENING
10812,12,14,16,19,28,09/07/2024,MIDDAY
10813,6,12,17,24,31,10/07/2024,EVENING
10814,2,6,17,30,35,10/07/2024,MIDDAY
10815,6,8,16,18,21,11/07/2024,EVENING
10816,2,6,10,14,26,11/07/2024,MIDDAY
10817,12,15,16,29,33,12/07/2024,EVENING
10818,3,10,13,30,31,12/07/2024,MIDDAY
10819,8,15,22,28,35,13/07/2024,EVENING
10820,16,22,23,25,26,13/07/2024,MIDDAY
10821,6,14,16,20,23,14/07/2024,EVENING
10822,4,5,14,20,33,14/07/2024,MIDDAY
10823,7,11,25,31,32,15/07/2024,EVENING
10824,4,7,10,11,28,15/07/2024,MIDDAY
10825,2,3,5,7,32,16/07/2024,EVENING
10826,11,12,21,27,30,16/07/2024,MIDDAY
10827,6,10,12,15,17,17/07/2024,EVENING
10828,4,5,7,13,28,17/07/2024,MIDDAY
10829,2,6,19,25,30,18/07/2024,EVENING
10830,3,4,8,24,28,18/07/2024,MIDDAY
10831,7,8,14,15,22,19/07/2024,EVENING
10832,6,8,9,13,19,19/07/2024,MIDDAY
10833,13,16,19,25,31,20/07/2024,EVENING
10834,8,20,23,26,30,20/07/2024,MIDDAY
10835,5,6,12,15,22,21/07/2024,EVENING
10836,9,13,18,28,32,21/07/2024,MIDDAY
10837,2,6,10,16,36,22/07/2024,EVENING
10838,4,14,17,33,35,22/07/2024,MIDDAY
10839,1,7,19,23,24,23/07/2024,EVENING
10840,14,17,19,20,27,23/07/2024,MIDDAY
10841,4,8,14,24,36,24/07/2024,EVENING
10842,16,20,29,33,36,24/07/2024,MIDDAY
10843,1,9,11,17,24,25/07/2024,EVENING
10844,10,16,21,23,30,25/07/2024,MIDDAY
10845,3,17,21,28,33,26/07/2024,EVENING
10846,11,20,23,25,26,26/07/2024,MIDDAY
10847,10,18,25,30,32,27/07/2024,EVENING
10848,5,10,11,21,35,27/07/2024,MIDDAY
10849,11,18,19,30,33,28/07/2024,EVENING
10850,10,11,21,24,35,28/07/2024,MIDDAY
10851,3,9,14,17,36,29/07/2024,EVENING
10852,15,16,19,25,36,29/07/2024,MIDDAY
10853,3,8,10,12,28,30/07/2024,EVENING
10854,8,20,23,29,31,30/07/2024,MIDDAY
10855,4,13,19,20,32,31/07/2024,EVENING
10856,2,4,14,26,35,31/07/2024,MIDDAY
10857,4,8,14,28,30,01/08/2024,EVENING
10858,1,8,20,29,32,01/08/2024,MIDDAY
10859,3,7,8,9,33,02/08/2024,EVENING
10860,7,14,15,22,32,02/08/2024,MIDDAY
10861,3,12,15,24,31,03/08/2024,EVENING
10862,1,2,6,25,36,03/08/2024,MIDDAY
10863,1,2,4,14,20,04/08/2024,EVENING
10864,6,11,19,23,30,04/08/2024,MIDDAY
10865,3,7,10,19,22,05/08/2024,EVENING
10866,6,23,25,32,35,05/08/2024,MIDDAY
10867,17,18,31,34,35,06/08/2024,EVENING
10868,14,17,21,22,23,06/08/2024,MIDDAY
10869,6,8,10,20,30,07/08/2024,EVENING
10870,5,16,20,29,35,07/08/2024,MIDDAY
10871,11,23,25,26,33,08/08/2024,EVENING
10872,6,12,15,28,30,08/08/2024,MIDDAY
10873,15,17,26,33,36,09/08/2024,EVENING
10874,2,3,14,15,33,09/08/2024,MIDDAY
10875,17,20,26,27,36,10/08/2024,EVENING
10876,1,5,6,15,16,10/08/2024,MIDDAY
10877,8,11,17,25,28,11/08/2024,EVENING
10878,14,19,20,28,36,11/08/2024,MIDDAY
10879,12,15,30,34,36,12/08/2024,EVENING
10880,19,20,21,22,32,12/08/2024,MIDDAY
10881,25,27,28,33,34,13/08/2024,EVENING
10882,1,3,13,31,36,13/08/2024,MIDDAY
10883,13,15,16,21,27,14/08/2024,EVENING
10884,7,15,29,33,36,14/08/2024,MIDDAY
10885,6,23,27,31,36,15/08/2024,EVENING
10886,3,4,23,34,35,15/08/2024,MIDDAY
10887,5,6,13,21,28,16/08/2024,EVENING
10888,4,5,22,26,34,16/08/2024,MIDDAY
10889,2,15,17,18,29,17/08/2024,EVENING
10890,21,27,28,29,36,17/08/2024,MIDDAY
10891,14,18,24,28,34,18/08/2024,EVENING
10892,2,25,26,34,36,18/08/2024,MIDDAY
10893,4,13,14,30,32,19/08/2024,EVENING
10894,3,10,26,30,36,19/08/2024,MIDDAY
10895,2,15,23,28,29,20/08/2024,EVENING
10896,4,16,24,25,27,20/08/2024,MIDDAY
10897,12,25,28,31,32,21/08/2024,EVENING
10898,6,10,24,28,35,21/08/2024,MIDDAY
10899,7,9,22,31,32,22/08/2024,EVENING
10900,1,17,21,23,36,22/08/2024,MIDDAY
10901,3,13,16,17,28,23/08/2024,EVENING
10902,1,12,21,34,35,23/08/2024,MIDDAY
10903,5,10,17,26,31,24/08/2024,EVENING
10904,21,22,24,29,33,24/08/2024,MIDDAY
10905,1,6,17,20,36,25/08/2024,EVENING
10906,12,13,14,21,23,25/08/2024,MIDDAY
10907,3,8,10,25,32,26/08/2024,EVENING
10908,3,4,14,15,28,26/08/2024,MIDDAY
10909,3,4,8,13,29,27/08/2024,EVENING
10910,13,16,25,31,33,27/08/2024,MIDDAY
10911,7,8,10,13,35,28/08/2024,EVENING
10912,8,24,32,33,35,28/08/2024,MIDDAY
10913,16,21,23,34,36,29/08/2024,EVENING
10914,14,22,25,26,28,29/08/2024,MIDDAY
10915,7,15,16,28,32,30/08/2024,EVENING
10916,8,10,14,27,35,30/08/2024,MIDDAY
10917,5,7,24,26,30,31/08/2024,EVENING
10918,7,11,21,26,35,31/08/2024,MIDDAY
10919,2,15,20,31,35,01/09/2024,EVENING
10920,9,18,20,21,28,01/09/2024,MIDDAY
10921,16,21,23,24,26,02/09/2024,EVENING
10922,8,15,16,19,26,02/09/2024,MIDDAY
10923,9,19,29,31,32,03/09/2024,EVENING
10924,1,6,17,29,35,03/09/2024,MIDDAY
10925,7,16,17,28,35,04/09/2024,EVENING
10926,8,19,26,29,34,04/09/2024,MIDDAY
10927,10,16,19,21,33,05/09/2024,EVENING
10928,8,9,14,15,29,05/09/2024,MIDDAY
10929,2,9,16,26,33,06/09/2024,EVENING
10930,5,20,22,25,28,06/09/2024,MIDDAY
10931,5,11,16,21,34,07/09/2024,EVENING
10932,4,7,10,25,30,07/09/2024,MIDDAY
10933,8,22,23,29,33,08/09/2024,EVENING
10934,8,12,19,21,22,08/09/2024,MIDDAY
10935,3,12,22,29,31,09/09/2024,EVENING
10936,6,7,15,31,32,09/09/2024,MIDDAY
10937,3,5,16,22,34,10/09/2024,EVENING
10938,22,24,28,34,36,10/09/2024,MIDDAY
10939,6,12,26,27,28,11/09/2024,EVENING
10940,5,9,14,18,36,11/09/2024,MIDDAY
10941,5,20,23,31,32,12/09/2024,EVENING
10942,2,4,9,15,25,12/09/2024,MIDDAY
10943,5,20,31,35,36,13/09/2024,EVENING
10944,1,11,21,29,36,13/09/2024,MIDDAY
10945,4,14,17,22,27,14/09/2024,EVENING
10946,2,3,7,16,21,14/09/2024,MIDDAY
10947,1,2,8,21,31,15/09/2024,EVENING
10948,16,22,23,29,32,15/09/2024,MIDDAY
10949,5,18,20,23,31,16/09/2024,EVENING
10950,4,15,17,20,34,16/09/2024,MIDDAY
10951,2,4,8,17,30,17/09/2024,EVENING
10952,2,6,17,27,29,17/09/2024,MIDDAY
10953,9,11,13,24,34,18/09/2024,EVENING
10954,3,13,18,27,32,18/09/2024,MIDDAY
10955,2,7,9,10,30,19/09/2024,EVENING
10956,10,16,25,32,34,19/09/2024,MIDDAY
10957,3,6,8,9,31,20/09/2024,EVENING
10958,5,8,11,16,35,20/09/2024,MIDDAY
10959,3,8,18,19,25,21/09/2024,EVENING
10960,14,17,19,20,31,21/09/2024,MIDDAY
10961,6,8,10,17,34,22/09/2024,EVENING
10962,8,15,29,30,33,22/09/2024,MIDDAY
10963,9,13,17,31,34,23/09/2024,EVENING
10964,2,7,23,33,35,23/09/2024,MIDDAY
10965,3,8,20,31,36,24/09/2024,EVENING
10966,1,4,18,20,27,24/09/2024,MIDDAY
10967,5,13,17,21,29,25/09/2024,EVENING
10968,16,25,26,28,33,25/09/2024,MIDDAY
10969,2,4,18,27,35,26/09/2024,EVENING
10970,11,18,21,30,36,26/09/2024,MIDDAY
10971,1,2,8,19,25,27/09/2024,EVENING
10972,7,14,18,22,23,27/09/2024,MIDDAY
10973,1,2,3,9,24,28/09/2024,EVENING
10974,12,13,15,21,34,28/09/2024,MIDDAY
10975,1,15,18,24,26,29/09/2024,EVENING
10976,3,27,34,35,36,29/09/2024,MIDDAY
10977,10,19,21,28,30,30/09/2024,EVENING
10978,3,7,12,26,36,30/09/2024,MIDDAY
10979,7,10,17,28,29,01/10/2024,EVENING
10980,12,26,28,33,36,01/10/2024,MIDDAY
10981,2,3,11,20,29,02/10/2024,EVENING
10982,3,13,14,26,31,02/10/2024,MIDDAY
10983,5,25,34,35,36,03/10/2024,EVENING
10984,5,14,18,24,32,03/10/2024,MIDDAY
10985,3,16,17,21,23,04/10/2024,EVENING
10986,8,17,27,28,33,04/10/2024,MIDDAY
10987,2,13,21,22,25,05/10/2024,EVENING
10988,12,14,30,33,34,05/10/2024,MIDDAY
10989,5,6,12,18,27,06/10/2024,EVENING
10990,6,9,28,31,35,06/10/2024,MIDDAY
10991,11,12,22,27,28,07/10/2024,EVENING
10992,22,24,27,30,35,07/10/2024,MIDDAY
10993,5,8,9,16,31,08/10/2024,EVENING
10994,1,3,4,9,25,08/10/2024,MIDDAY
10995,6,20,24,25,35,09/10/2024,EVENING
10996,2,22,32,33,35,09/10/2024,MIDDAY
10997,8,15,21,22,24,10/10/2024,EVENING
10998,10,13,17,23,33,10/10/2024,MIDDAY
10999,17,25,26,31,34,11/10/2024,EVENING
11000,2,4,18,28,32,11/10/2024,MIDDAY
11001,4,11,17,26,33,12/10/2024,EVENING
11002,12,13,14,22,33,12/10/2024,MIDDAY
11003,4,18,25,29,32,13/10/2024,EVENING
11004,11,12,22,30,31,13/10/2024,MIDDAY
11005,9,10,15,21,27,14/10/2024,EVENING
11006,2,4,18,22,23,14/10/2024,MIDDAY
11007,7,18,21,22,33,15/10/2024,EVENING
11008,5,6,12,23,27,15/10/2024,MIDDAY
11009,6,15,20,21,36,16/10/2024,EVENING
11010,11,12,22,32,34,16/10/2024,MIDDAY
11011,11,13,15,18,22,17/10/2024,EVENING
11012,14,23,31,34,36,17/10/2024,MIDDAY
11013,25,27,29,34,36,18/10/2024,EVENING
11014,3,9,11,14,28,18/10/2024,MIDDAY
11015,11,15,16,17,33,19/10/2024,EVENING
11016,8,14,26,31,35,19/10/2024,MIDDAY
11017,3,6,10,12,24,20/10/2024,EVENING
11018,2,8,12,27,36,20/10/2024,MIDDAY
11019,4,21,25,30,34,21/10/2024,EVENING
11020,2,6,16,25,28,21/10/2024,MIDDAY
11021,7,9,21,23,29,22/10/2024,EVENING
11022,1,5,10,27,32,22/10/2024,MIDDAY
11023,1,5,18,20,22,23/10/2024,EVENING
11024,15,21,23,31,36,23/10/2024,MIDDAY
11025,25,28,33,35,36,24/10/2024,EVENING
11026,8,9,15,19,23,24/10/2024,MIDDAY
11027,21,27,28,29,32,25/10/2024,EVENING
11028,5,12,22,28,30,25/10/2024,MIDDAY
11029,8,18,19,24,29,26/10/2024,EVENING
11030,6,8,11,13,34,26/10/2024,MIDDAY
11031,1,4,13,29,30,27/10/2024,EVENING
11032,7,14,21,27,35,27/10/2024,MIDDAY
11033,10,17,19,24,32,28/10/2024,EVENING
11034,13,16,28,31,33,28/10/2024,MIDDAY
11035,9,19,20,23,33,29/10/2024,EVENING
11036,13,14,18,19,25,29/10/2024,MIDDAY
11037,7,11,13,16,26,30/10/2024,EVENING
11038,12,13,19,32,36,30/10/2024,MIDDAY
11039,17,22,26,31,36,31/10/2024,EVENING
11040,17,20,22,26,27,31/10/2024,MIDDAY
11041,10,19,27,28,29,01/11/2024,EVENING
11042,6,10,19,24,30,01/11/2024,MIDDAY
11043,4,13,20,28,30,02/11/2024,EVENING
11044,6,8,15,22,35,02/11/2024,MIDDAY
11045,4,5,25,28,32,03/11/2024,EVENING
11046,10,24,28,30,33,03/11/2024,MIDDAY
11047,5,7,11,18,25,04/11/2024,EVENING
11048,6,20,31,32,36,04/11/2024,MIDDAY
11049,1,7,15,17,35,05/11/2024,EVENING
11050,12,16,19,26,36,05/11/2024,MIDDAY
11051,2,16,21,31,32,06/11/2024,EVENING
11052,2,11,16,24,27,06/11/2024,MIDDAY
11053,4,9,10,25,33,07/11/2024,EVENING
11054,10,14,22,31,36,07/11/2024,MIDDAY
11055,11,17,22,24,36,08/11/2024,EVENING
11056,8,16,23,24,36,08/11/2024,MIDDAY
11057,4,7,18,22,34,09/11/2024,EVENING
11058,6,14,22,30,32,09/11/2024,MIDDAY
11059,13,15,17,27,34,10/11/2024,EVENING
11060,3,4,7,11,16,10/11/2024,MIDDAY
11061,3,7,9,11,16,11/11/2024,EVENING
11062,3,17,21,24,28,11/11/2024,MIDDAY
11063,4,12,13,26,32,12/11/2024,EVENING
11064,7,10,14,24,27,12/11/2024,MIDDAY
11065,1,5,7,9,31,13/11/2024,EVENING
11066,7,17,18,19,32,13/11/2024,MIDDAY
11067,6,10,15,25,34,14/11/2024,EVENING
11068,1,2,16,21,34,14/11/2024,MIDDAY
11069,4,21,26,29,32,15/11/2024,EVENING
11070,3,8,12,30,33,15/11/2024,MIDDAY
11071,1,7,11,26,32,16/11/2024,EVENING
11072,4,11,26,29,33,16/11/2024,MIDDAY
11073,13,19,24,26,36,17/11/2024,EVENING
11074,4,13,17,30,33,17/11/2024,MIDDAY
11075,8,19,22,26,34,18/11/2024,EVENING
11076,9,10,14,17,19,18/11/2024,MIDDAY
11077,4,7,9,26,29,19/11/2024,EVENING
11078,4,26,27,32,35,19/11/2024,MIDDAY
11079,11,13,22,23,24,20/11/2024,EVENING
11080,2,11,12,13,23,20/11/2024,MIDDAY
11081,24,25,30,31,34,21/11/2024,EVENING
11082,3,11,14,18,29,21/11/2024,MIDDAY
11083,8,22,25,30,32,22/11/2024,EVENING
11084,6,12,18,26,33,22/11/2024,MIDDAY
11085,6,16,17,18,23,23/11/2024,EVENING
11086,5,9,16,28,31,23/11/2024,MIDDAY
11087,20,23,27,32,35,24/11/2024,EVENING
11088,18,20,27,35,36,24/11/2024,MIDDAY
11089,14,16,21,30,31,25/11/2024,EVENING
11090,3,22,26,30,32,25/11/2024,MIDDAY
11091,3,7,16,17,29,26/11/2024,EVENING
11092,7,14,15,16,18,26/11/2024,MIDDAY
11093,2,4,7,15,36,27/11/2024,EVENING
11094,7,13,17,29,35,27/11/2024,MIDDAY
11095,13,19,22,31,33,28/11/2024,EVENING
11096,1,16,17,23,35,28/11/2024,MIDDAY
11097,7,11,21,33,36,29/11/2024,EVENING
11098,20,23,26,28,36,29/11/2024,MIDDAY
11099,9,10,16,19,25,30/11/2024,EVENING
11100,5,8,12,22,36,30/11/2024,MIDDAY
11101,2,3,16,21,31,01/12/2024,EVENING
11102,2,7,9,17,36,01/12/2024,MIDDAY
11103,2,13,22,27,28,02/12/2024,EVENING
11104,1,9,21,22,29,02/12/2024,MIDDAY
11105,6,17,18,20,27,03/12/2024,EVENING
11106,4,10,11,12,18,03/12/2024,MIDDAY
11107,12,15,19,28,32,04/12/2024,EVENING
11108,1,2,18,22,35,04/12/2024,MIDDAY
11109,14,22,28,30,31,05/12/2024,EVENING
11110,5,11,13,30,34,05/12/2024,MIDDAY
11111,5,11,19,28,32,06/12/2024,EVENING
11112,10,16,22,26,32,06/12/2024,MIDDAY
11113,7,17,22,30,33,07/12/2024,EVENING
11114,2,8,11,20,27,07/12/2024,MIDDAY
11115,17,20,21,31,36,08/12/2024,EVENING
11116,6,8,32,33,34,08/12/2024,MIDDAY
11117,3,16,29,31,36,09/12/2024,EVENING
11118,9,16,20,25,27,09/12/2024,MIDDAY
11119,5,7,10,15,20,10/12/2024,EVENING
11120,1,4,20,24,36,10/12/2024,MIDDAY
11121,6,14,22,24,31,11/12/2024,EVENING
11122,1,8,11,19,25,11/12/2024,MIDDAY
11123,4,17,18,26,28,12/12/2024,EVENING
11124,16,17,22,23,31,12/12/2024,MIDDAY
11125,9,13,28,31,34,13/12/2024,EVENING
11126,10,11,12,15,20,13/12/2024,MIDDAY
11127,21,28,29,33,34,14/12/2024,EVENING
11128,1,21,28,30,31,14/12/2024,MIDDAY
11129,12,17,20,30,36,15/12/2024,EVENING
11130,8,9,21,22,33,15/12/2024,MIDDAY
11131,17,18,22,26,27,16/12/2024,EVENING
11132,2,8,19,32,33,16/12/2024,MIDDAY
11133,1,2,3,9,29,17/12/2024,EVENING
11134,9,14,27,29,32,17/12/2024,MIDDAY
11135,3,6,7,12,15,18/12/2024,EVENING
11136,1,8,10,19,34,18/12/2024,MIDDAY
11137,8,28,29,32,34,19/12/2024,EVENING
11138,13,15,17,25,33,19/12/2024,MIDDAY
11139,2,10,27,29,35,20/12/2024,EVENING
11140,6,12,22,23,32,20/12/2024,MIDDAY
11141,1,7,11,18,30,21/12/2024,EVENING
11142,4,5,9,27,32,21/12/2024,MIDDAY
11143,1,8,10,18,23,22/12/2024,EVENING
11144,9,18,20,22,33,22/12/2024,MIDDAY
11145,3,4,5,15,26,23/12/2024,EVENING
11146,1,3,6,14,25,23/12/2024,MIDDAY
11147,6,16,19,22,32,24/12/2024,EVENING
11148,8,17,20,22,36,24/12/2024,MIDDAY
11149,5,16,17,20,31,25/12/2024,EVENING
11150,4,17,19,24,29,25/12/2024,MIDDAY
11151,10,16,33,34,36,26/12/2024,EVENING
11152,2,3,5,18,24,26/12/2024,MIDDAY
11153,4,7,11,31,35,27/12/2024,EVENING
11154,9,16,17,21,27,27/12/2024,MIDDAY
11155,3,12,17,20,32,28/12/2024,EVENING
11156,9,10,16,20,33,28/12/2024,MIDDAY
11157,5,10,20,28,30,29/12/2024,EVENING
11158,17,26,30,32,36,29/12/2024,MIDDAY
11159,1,16,25,26,27,30/12/2024,EVENING
11160,1,18,19,20,24,30/12/2024,MIDDAY
11161,1,10,16,31,33,31/12/2024,EVENING
11162,3,19,27,30,33,31/12/2024,MIDDAY
11163,14,15,18,31,33,01/01/2025,EVENING
11164,4,5,11,19,35,01/01/2025,MIDDAY
11165,1,7,12,23,35,02/01/2025,EVENING
11166,3,4,10,16,20,02/01/2025,MIDDAY
11167,7,8,10,17,27,03/01/2025,EVENING
11168,2,10,16,21,26,03/01/2025,MIDDAY
11169,3,7,8,16,35,04/01/2025,EVENING
11170,10,13,22,23,28,04/01/2025,MIDDAY
11171,19,20,24,29,33,05/01/2025,EVENING
11172,1,6,15,21,22,05/01/2025,MIDDAY
11173,14,20,23,28,35,06/01/2025,EVENING
11174,15,20,24,26,28,06/01/2025,MIDDAY
11175,12,20,26,28,34,07/01/2025,EVENING
11176,7,13,23,30,35,07/01/2025,MIDDAY
11177,1,24,28,31,36,08/01/2025,EVENING
11178,4,9,12,13,21,08/01/2025,MIDDAY
11179,4,6,23,33,35,09/01/2025,EVENING
11180,10,19,20,25,28,09/01/2025,MIDDAY
11181,7,14,22,23,33,10/01/2025,EVENING
11182,1,8,11,21,23,10/01/2025,MIDDAY
11183,9,20,21,25,33,11/01/2025,EVENING
11184,8,13,14,21,27,11/01/2025,MIDDAY
11185,3,7,8,16,27,12/01/2025,EVENING
11186,6,12,29,32,36,12/01/2025,MIDDAY
11187,9,20,21,24,35,13/01/2025,EVENING
11188,13,16,17,27,31,13/01/2025,MIDDAY
11189,3,6,13,26,35,14/01/2025,EVENING
11190,1,6,26,29,34,14/01/2025,MIDDAY
11191,6,8,9,30,35,15/01/2025,EVENING
11192,22,24,26,28,29,15/01/2025,MIDDAY
11193,4,21,25,30,36,16/01/2025,EVENING
11194,2,15,18,27,28,16/01/2025,MIDDAY
11195,2,9,10,11,16,17/01/2025,EVENING
11196,4,6,19,28,29,17/01/2025,MIDDAY
11197,8,13,25,28,36,18/01/2025,EVENING
11198,2,4,7,14,20,18/01/2025,MIDDAY
11199,2,6,9,32,36,19/01/2025,EVENING
11200,2,4,17,21,26,19/01/2025,MIDDAY
11201,4,8,25,28,32,20/01/2025,EVENING
11202,4,7,26,27,33,20/01/2025,MIDDAY
11203,5,9,10,17,36,21/01/2025,EVENING
11204,6,12,18,27,31,21/01/2025,MIDDAY
11205,18,29,30,32,35,22/01/2025,EVENING
11206,17,19,20,30,32,22/01/2025,MIDDAY
11207,10,14,19,20,34,23/01/2025,EVENING
11208,4,10,19,20,33,23/01/2025,MIDDAY
11209,3,12,20,22,35,24/01/2025,EVENING
11210,5,7,10,23,32,24/01/2025,MIDDAY
11211,2,3,6,26,32,25/01/2025,EVENING
11212,13,23,29,32,34,25/01/2025,MIDDAY
11213,3,7,19,34,35,26/01/2025,EVENING
11214,2,9,26,27,29,26/01/2025,MIDDAY
11215,2,6,15,16,26,27/01/2025,EVENING
11216,2,10,13,24,29,27/01/2025,MIDDAY
11217,9,12,15,28,36,28/01/2025,EVENING
11218,2,13,17,18,20,28/01/2025,MIDDAY
11219,12,16,22,26,27,29/01/2025,EVENING
11220,12,13,15,19,33,29/01/2025,MIDDAY
11221,12,21,22,26,33,30/01/2025,EVENING
11222,5,9,10,15,36,30/01/2025,MIDDAY
11223,11,27,31,35,36,31/01/2025,EVENING
11224,12,13,14,22,29,31/01/2025,MIDDAY
11225,4,12,17,25,28,01/02/2025,EVENING
11226,11,14,15,18,27,01/02/2025,MIDDAY
11227,5,6,7,26,28,02/02/2025,EVENING
11228,6,7,19,26,29,02/02/2025,MIDDAY
11229,5,7,9,24,34,03/02/2025,EVENING
11230,2,12,14,16,18,03/02/2025,MIDDAY
11231,15,17,26,30,34,04/02/2025,EVENING
11232,5,21,25,29,33,04/02/2025,MIDDAY
11233,1,6,14,31,33,05/02/2025,EVENING
11234,3,14,16,17,33,05/02/2025,MIDDAY
11235,15,18,24,25,27,06/02/2025,EVENING
11236,5,14,22,33,36,06/02/2025,MIDDAY
11237,10,11,12,14,32,07/02/2025,EVENING
11238,4,8,11,19,31,07/02/2025,MIDDAY
11239,2,18,20,23,33,08/02/2025,EVENING
11240,2,4,26,27,32,08/02/2025,MIDDAY
11241,5,7,9,14,35,09/02/2025,EVENING
11242,7,16,18,20,31,09/02/2025,MIDDAY
11243,4,6,8,25,29,10/02/2025,EVENING
11244,6,11,13,30,33,10/02/2025,MIDDAY
11245,11,21,24,26,30,11/02/2025,EVENING
11246,10,11,21,31,34,11/02/2025,MIDDAY
11247,12,19,20,22,23,12/02/2025,EVENING
11248,3,13,18,26,35,12/02/2025,MIDDAY
11249,4,5,7,11,22,13/02/2025,EVENING
11250,2,9,19,21,27,13/02/2025,MIDDAY
11251,8,18,20,27,35,14/02/2025,EVENING
11252,15,23,27,34,35,14/02/2025,MIDDAY
11253,16,19,24,27,33,15/02/2025,EVENING
11254,1,12,19,21,33,15/02/2025,MIDDAY
11255,7,14,28,29,36,16/02/2025,EVENING
11256,3,4,8,12,14,16/02/2025,MIDDAY
11257,7,9,17,27,36,17/02/2025,EVENING
11258,8,9,11,15,18,17/02/2025,MIDDAY
11259,23,31,33,34,35,18/02/2025,EVENING
11260,1,17,23,25,26,18/02/2025,MIDDAY
11261,1,3,8,12,17,19/02/2025,EVENING
11262,1,17,21,30,35,19/02/2025,MIDDAY
11263,2,18,21,22,25,20/02/2025,EVENING
11264,4,6,13,15,19,20/02/2025,MIDDAY
11265,10,11,15,17,24,21/02/2025,EVENING
11266,1,7,11,18,32,21/02/2025,MIDDAY
11267,17,18,25,26,28,22/02/2025,EVENING
11268,1,5,8,11,19,22/02/2025,MIDDAY
11269,2,16,19,23,25,23/02/2025,EVENING
11270,5,9,25,29,34,23/02/2025,MIDDAY
11271,7,17,28,29,35,24/02/2025,EVENING
11272,13,24,25,31,33,24/02/2025,MIDDAY
11273,11,18,19,24,25,25/02/2025,EVENING
11274,11,14,17,25,34,25/02/2025,MIDDAY
11275,4,11,21,25,35,26/02/2025,EVENING
11276,6,12,16,19,31,26/02/2025,MIDDAY
11277,6,18,25,29,32,27/02/2025,EVENING
11278,2,3,21,24,30,27/02/2025,MIDDAY
11279,1,6,27,33,34,28/02/2025,EVENING
11280,3,15,16,24,31,28/02/2025,MIDDAY
11281,7,10,18,25,28,01/03/2025,EVENING
11282,4,6,13,14,32,01/03/2025,MIDDAY
11283,1,5,17,25,36,02/03/2025,EVENING
11284,11,15,21,22,35,02/03/2025,MIDDAY
11285,9,16,22,25,35,03/03/2025,EVENING
11286,5,16,22,28,30,03/03/2025,MIDDAY
11287,4,6,11,18,28,04/03/2025,EVENING
11288,4,12,23,31,33,04/03/2025,MIDDAY
11289,5,14,18,19,22,05/03/2025,EVENING
11290,18,19,31,32,35,05/03/2025,MIDDAY
11291,7,13,17,23,26,06/03/2025,EVENING
11292,4,12,33,34,36,06/03/2025,MIDDAY
11293,2,10,15,23,30,07/03/2025,EVENING
11294,1,26,33,34,36,07/03/2025,MIDDAY
11295,2,4,10,26,31,08/03/2025,EVENING
11296,3,5,13,35,36,08/03/2025,MIDDAY
11297,4,5,6,15,31,09/03/2025,EVENING
11298,5,20,22,35,36,09/03/2025,MIDDAY
11299,2,12,13,17,19,10/03/2025,EVENING
11300,4,5,17,18,20,10/03/2025,MIDDAY
11301,6,10,16,33,36,11/03/2025,EVENING
11302,2,7,10,17,27,11/03/2025,MIDDAY
11303,7,10,11,26,29,12/03/2025,EVENING
11304,3,12,15,16,20,12/03/2025,MIDDAY
11305,2,3,16,26,28,13/03/2025,EVENING
11306,9,13,17,23,32,13/03/2025,MIDDAY
11307,4,12,20,30,31,14/03/2025,EVENING
11308,16,24,28,30,32,14/03/2025,MIDDAY
11309,10,13,19,22,35,15/03/2025,EVENING
11310,3,4,16,24,34,15/03/2025,MIDDAY
11311,2,3,9,10,27,16/03/2025,EVENING
11312,6,12,15,26,27,16/03/2025,MIDDAY
11313,1,9,22,25,27,17/03/2025,EVENING
11314,3,6,9,11,21,17/03/2025,MIDDAY
11315,3,16,20,23,26,18/03/2025,EVENING
11316,4,9,12,19,35,18/03/2025,MIDDAY
11317,2,4,14,22,24,19/03/2025,EVENING
11318,1,3,4,6,7,19/03/2025,MIDDAY
11319,5,19,22,29,33,20/03/2025,EVENING
11320,16,19,26,27,31,20/03/2025,MIDDAY
11321,3,6,13,17,33,21/03/2025,EVENING
11322,10,13,19,22,27,21/03/2025,MIDDAY
11323,10,18,25,27,32,22/03/2025,EVENING
11324,13,22,29,35,36,22/03/2025,MIDDAY
11325,5,7,27,28,32,23/03/2025,EVENING
11326,1,5,7,10,18,23/03/2025,MIDDAY
11327,14,17,20,22,36,24/03/2025,EVENING
11328,4,14,15,17,33,24/03/2025,MIDDAY
11329,1,7,23,25,36,25/03/2025,EVENING
11330,6,16,26,34,36,25/03/2025,MIDDAY
11331,3,11,28,35,36,26/03/2025,EVENING
11332,25,28,30,33,34,26/03/2025,MIDDAY
11333,4,14,19,20,33,27/03/2025,EVENING
11334,2,4,15,23,25,27/03/2025,MIDDAY
11335,1,8,16,21,35,28/03/2025,EVENING
11336,4,10,16,24,34,28/03/2025,MIDDAY
11337,12,20,21,22,31,29/03/2025,EVENING
11338,1,6,7,12,33,29/03/2025,MIDDAY
11339,5,7,18,22,29,30/03/2025,EVENING
11340,1,3,15,16,31,30/03/2025,MIDDAY
11341,3,10,11,19,29,31/03/2025,EVENING
11342,1,13,24,28,29,31/03/2025,MIDDAY
11343,17,18,23,31,33,01/04/2025,EVENING
11344,10,11,13,27,34,01/04/2025,MIDDAY
11345,4,21,28,33,34,02/04/2025,EVENING
11346,1,14,24,26,28,02/04/2025,MIDDAY
11347,2,12,17,23,30,03/04/2025,EVENING
11348,6,9,20,21,35,03/04/2025,MIDDAY
11349,1,9,27,29,30,04/04/2025,EVENING
11350,4,21,22,32,33,04/04/2025,MIDDAY
11351,2,3,8,19,31,05/04/2025,EVENING
11352,1,11,17,21,32,05/04/2025,MIDDAY
11353,4,6,17,20,27,06/04/2025,EVENING
11354,7,12,15,16,29,06/04/2025,MIDDAY
11355,2,9,11,16,29,07/04/2025,EVENING
11356,6,12,17,24,27,07/04/2025,MIDDAY
11357,8,16,24,31,35,08/04/2025,EVENING
11358,3,6,9,16,35,08/04/2025,MIDDAY
11359,4,8,14,21,22,09/04/2025,EVENING
11360,5,10,17,18,19,09/04/2025,MIDDAY
11361,15,23,25,27,34,10/04/2025,EVENING
11362,10,13,18,22,30,10/04/2025,MIDDAY
11363,8,18,23,30,36,11/04/2025,EVENING
11364,15,16,21,32,36,11/04/2025,MIDDAY
11365,11,25,28,31,32,12/04/2025,EVENING
11366,1,5,14,20,32,12/04/2025,MIDDAY
11367,9,12,18,32,36,13/04/2025,EVENING
11368,2,6,21,23,31,13/04/2025,MIDDAY
11369,8,9,16,17,32,14/04/2025,EVENING
11370,16,20,24,30,33,14/04/2025,MIDDAY
11371,5,15,19,30,35,15/04/2025,EVENING
11372,1,15,27,29,31,15/04/2025,MIDDAY
11373,10,11,21,24,31,16/04/2025,EVENING
11374,3,13,14,29,36,16/04/2025,MIDDAY
11375,9,23,26,30,36,17/04/2025,EVENING
11376,12,13,15,19,20,17/04/2025,MIDDAY
11377,4,5,12,20,22,18/04/2025,EVENING
11378,6,15,18,26,27,18/04/2025,MIDDAY
11379,9,11,17,21,34,19/04/2025,EVENING
11380,8,11,13,18,35,19/04/2025,MIDDAY
11381,19,20,21,22,27,20/04/2025,EVENING
11382,6,8,15,16,21,20/04/2025,MIDDAY
11383,11,16,20,25,27,21/04/2025,EVENING
11384,5,6,19,29,35,21/04/2025,MIDDAY
11385,6,18,20,33,36,22/04/2025,EVENING
11386,15,17,24,33,36,22/04/2025,MIDDAY
11387,6,11,26,27,31,23/04/2025,EVENING
11388,5,8,10,21,36,23/04/2025,MIDDAY
11389,4,6,9,18,31,24/04/2025,EVENING
11390,1,4,11,12,34,24/04/2025,MIDDAY
11391,4,11,16,19,26,25/04/2025,EVENING
11392,8,25,30,31,33,25/04/2025,MIDDAY
11393,4,14,20,21,34,26/04/2025,EVENING
11394,2,7,23,28,33,26/04/2025,MIDDAY
11395,3,6,15,22,36,27/04/2025,EVENING
11396,3,12,17,26,36,27/04/2025,MIDDAY
11397,18,23,26,30,36,28/04/2025,EVENING
11398,7,8,18,23,26,28/04/2025,MIDDAY
11399,1,8,13,33,35,29/04/2025,EVENING
11400,12,14,23,25,27,29/04/2025,MIDDAY
11401,4,19,24,25,29,30/04/2025,EVENING
11402,2,5,6,7,30,30/04/2025,MIDDAY
11403,14,16,18,30,34,01/05/2025,EVENING
11404,13,25,28,30,35,01/05/2025,MIDDAY
11405,7,10,30,33,34,02/05/2025,EVENING
11406,1,6,32,34,35,02/05/2025,MIDDAY
11407,3,6,9,30,34,03/05/2025,EVENING
11408,1,17,18,26,35,03/05/2025,MIDDAY
11409,1,11,15,20,21,04/05/2025,EVENING
11410,11,16,19,20,36,04/05/2025,MIDDAY
11411,7,14,19,20,36,05/05/2025,EVENING
11412,2,12,18,19,24,05/05/2025,MIDDAY
11413,11,12,20,27,29,06/05/2025,EVENING
11414,2,6,7,23,24,06/05/2025,MIDDAY
11415,3,9,26,30,36,07/05/2025,EVENING
11416,6,20,29,35,36,07/05/2025,MIDDAY
11417,10,14,18,31,33,08/05/2025,EVENING
11418,24,27,30,32,35,08/05/2025,MIDDAY
11419,15,16,27,30,35,09/05/2025,EVENING
11420,1,22,23,25,33,09/05/2025,MIDDAY
11421,1,15,24,26,33,10/05/2025,EVENING
11422,17,21,25,27,31,10/05/2025,MIDDAY
11423,4,7,10,23,31,11/05/2025,EVENING
11424,27,28,31,32,33,11/05/2025,MIDDAY
11425,17,22,23,28,34,12/05/2025,EVENING
11426,13,14,29,33,35,12/05/2025,MIDDAY
11427,1,11,14,16,27,13/05/2025,EVENING
11428,9,10,14,27,31,13/05/2025,MIDDAY
11429,9,14,24,33,36,14/05/2025,EVENING
11430,1,13,20,30,36,14/05/2025,MIDDAY
11431,7,12,16,22,35,15/05/2025,EVENING
11432,2,5,14,30,35,15/05/2025,MIDDAY
11433,4,8,10,26,29,16/05/2025,EVENING
11434,10,11,26,31,35,16/05/2025,MIDDAY
11435,4,15,22,27,30,17/05/2025,EVENING
11436,4,12,16,24,35,17/05/2025,MIDDAY
11437,8,15,22,27,34,18/05/2025,EVENING
11438,3,8,19,34,36,18/05/2025,MIDDAY
11439,5,10,13,20,25,19/05/2025,EVENING
11440,1,22,24,27,33,19/05/2025,MIDDAY
11441,7,8,11,13,15,20/05/2025,EVENING
11442,1,8,20,25,36,20/05/2025,MIDDAY
11443,3,19,26,27,32,21/05/2025,EVENING
11444,1,16,19,22,25,21/05/2025,MIDDAY
11445,2,4,6,10,12,22/05/2025,EVENING
11446,6,8,17,20,29,22/05/2025,MIDDAY
11447,4,9,10,23,35,23/05/2025,EVENING
11448,1,5,11,17,25,23/05/2025,MIDDAY
11449,23,25,32,33,34,24/05/2025,EVENING
11450,5,6,14,22,32,24/05/2025,MIDDAY
11451,1,7,22,24,26,25/05/2025,EVENING
11452,4,5,11,23,27,25/05/2025,MIDDAY
11453,12,13,14,24,36,26/05/2025,EVENING
11454,7,20,23,24,35,26/05/2025,MIDDAY
11455,9,17,21,25,33,27/05/2025,EVENING
11456,4,7,9,10,20,27/05/2025,MIDDAY
11457,2,5,15,28,32,28/05/2025,EVENING
11458,9,15,19,21,25,28/05/2025,MIDDAY
11459,4,11,23,29,32,29/05/2025,EVENING
11460,1,4,5,17,24,29/05/2025,MIDDAY
11461,3,11,19,33,35,30/05/2025,EVENING
11462,5,11,19,25,27,30/05/2025,MIDDAY
11463,2,11,13,20,28,31/05/2025,EVENING
11464,5,6,12,22,23,31/05/2025,MIDDAY
11465,2,10,14,24,35,01/06/2025,EVENING
11466,7,12,16,22,35,01/06/2025,MIDDAY
11467,10,23,25,33,35,02/06/2025,EVENING
11468,20,22,26,29,36,02/06/2025,MIDDAY
11469,6,8,19,24,33,03/06/2025,EVENING
11470,12,14,24,27,30,03/06/2025,MIDDAY
11471,2,4,9,12,29,04/06/2025,EVENING
11472,13,14,18,30,31,04/06/2025,MIDDAY
11473,3,9,11,29,35,05/06/2025,EVENING
11474,5,21,22,27,30,05/06/2025,MIDDAY
11475,1,3,11,33,34,06/06/2025,EVENING
11476,11,20,21,30,36,06/06/2025,MIDDAY
11477,9,14,16,20,33,07/06/2025,EVENING
11478,3,9,12,13,14,07/06/2025,MIDDAY
11479,8,13,18,23,32,08/06/2025,EVENING
11480,1,4,7,15,21,08/06/2025,MIDDAY
11481,2,16,17,19,32,09/06/2025,EVENING
11482,8,17,18,28,32,09/06/2025,MIDDAY
11483,4,10,15,30,34,10/06/2025,EVENING
11484,8,26,29,31,36,10/06/2025,MIDDAY
11485,8,17,22,23,33,11/06/2025,EVENING
11486,14,23,27,30,34,11/06/2025,MIDDAY
11487,13,16,19,20,30,12/06/2025,EVENING
11488,5,6,22,34,35,12/06/2025,MIDDAY
11489,11,15,24,33,34,13/06/2025,EVENING
11490,9,11,14,15,17,13/06/2025,MIDDAY
11491,6,10,15,22,36,14/06/2025,EVENING
11492,7,11,14,22,27,14/06/2025,MIDDAY
11493,4,6,8,9,29,15/06/2025,EVENING
11494,15,18,22,29,33,15/06/2025,MIDDAY
11495,2,5,16,18,33,16/06/2025,EVENING
11496,4,6,12,15,19,16/06/2025,MIDDAY
11497,5,13,14,21,26,17/06/2025,EVENING
11498,13,15,24,27,30,17/06/2025,MIDDAY
11499,1,5,14,21,29,18/06/2025,EVENING
11500,7,8,18,23,27,18/06/2025,MIDDAY
11501,7,16,21,30,36,19/06/2025,EVENING
11502,2,6,9,12,30,19/06/2025,MIDDAY
11503,5,11,14,19,36,20/06/2025,EVENING
11504,4,9,22,24,28,20/06/2025,MIDDAY
11505,1,3,14,17,32,21/06/2025,EVENING
11506,14,15,20,28,36,21/06/2025,MIDDAY
11507,12,13,31,34,35,22/06/2025,EVENING
11508,1,11,14,18,36,22/06/2025,MIDDAY
11509,5,13,18,22,25,23/06/2025,EVENING
11510,1,9,13,18,19,23/06/2025,MIDDAY
11511,8,9,10,21,29,24/06/2025,EVENING
11512,6,20,24,26,33,24/06/2025,MIDDAY
11513,13,14,19,24,36,25/06/2025,EVENING
11514,2,6,16,23,31,25/06/2025,MIDDAY
11515,1,8,12,19,21,26/06/2025,EVENING
11516,11,13,17,25,32,26/06/2025,MIDDAY
11517,2,8,18,23,29,27/06/2025,EVENING
11518,3,19,25,27,30,27/06/2025,MIDDAY
11519,2,7,12,20,25,28/06/2025,EVENING
11520,2,12,19,26,29,28/06/2025,MIDDAY
11521,14,18,26,28,32,29/06/2025,EVENING
11522,1,5,11,26,27,29/06/2025,MIDDAY
11523,1,5,6,20,23,30/06/2025,EVENING
11524,10,16,29,35,36,30/06/2025,MIDDAY
11525,4,11,19,25,35,01/07/2025,EVENING
11526,7,20,27,35,36,01/07/2025,MIDDAY
11527,1,3,10,23,32,02/07/2025,EVENING
11528,7,9,19,21,33,02/07/2025,MIDDAY
11529,24,29,30,32,34,03/07/2025,EVENING
11530,7,15,29,31,35,03/07/2025,MIDDAY
11531,5,6,8,22,29,04/07/2025,EVENING
11532,7,16,18,27,29,04/07/2025,MIDDAY
11533,10,12,24,29,32,05/07/2025,EVENING
11534,3,14,17,27,31,05/07/2025,MIDDAY
11535,6,17,21,23,29,06/07/2025,EVENING
11536,7,11,16,30,31,06/07/2025,MIDDAY
11537,6,9,11,30,35,07/07/2025,EVENING
11538,9,11,14,15,22,07/07/2025,MIDDAY
11539,8,10,23,34,36,08/07/2025,EVENING
11540,10,20,23,30,33,08/07/2025,MIDDAY
11541,1,15,17,21,34,09/07/2025,EVENING
11542,8,10,25,26,27,09/07/2025,MIDDAY
11543,3,10,11,12,23,10/07/2025,EVENING
11544,2,10,17,25,29,10/07/2025,MIDDAY
11545,9,11,12,14,16,11/07/2025,EVENING
11546,12,13,20,21,32,11/07/2025,MIDDAY
11547,13,17,20,22,28,12/07/2025,EVENING
11548,9,11,13,33,35,12/07/2025,MIDDAY
11549,1,2,6,19,25,13/07/2025,EVENING
11550,1,2,10,11,26,13/07/2025,MIDDAY
11551,6,9,14,17,20,14/07/2025,EVENING
11552,4,9,17,18,32,14/07/2025,MIDDAY
11553,6,15,20,23,33,15/07/2025,EVENING
11554,4,9,13,17,25,15/07/2025,MIDDAY
11555,2,10,18,19,20,16/07/2025,EVENING
11556,1,3,7,14,22,16/07/2025,MIDDAY
11557,12,16,20,29,36,17/07/2025,EVENING
11558,10,11,16,22,27,17/07/2025,MIDDAY
11559,12,18,19,27,31,18/07/2025,EVENING
11560,3,9,10,17,34,18/07/2025,MIDDAY
11561,1,9,22,23,28,19/07/2025,EVENING
11562,11,14,28,29,33,19/07/2025,MIDDAY
11563,2,7,8,13,26,20/07/2025,EVENING
11564,9,24,25,27,33,20/07/2025,MIDDAY
11565,3,6,9,12,33,21/07/2025,EVENING
11566,6,14,21,31,35,21/07/2025,MIDDAY
11567,6,7,8,11,15,22/07/2025,EVENING
11568,5,18,29,30,31,22/07/2025,MIDDAY
11569,13,25,26,31,36,23/07/2025,EVENING
11570,2,9,14,17,33,23/07/2025,MIDDAY
11571,1,3,6,23,31,24/07/2025,EVENING
11572,9,26,31,34,36,24/07/2025,MIDDAY
11573,2,16,24,26,31,25/07/2025,EVENING
11574,8,12,26,27,29,25/07/2025,MIDDAY
11575,2,23,27,29,33,26/07/2025,EVENING
11576,7,16,23,33,34,26/07/2025,MIDDAY
11577,3,13,17,28,33,27/07/2025,EVENING
11578,6,8,10,18,24,27/07/2025,MIDDAY
11579,4,14,24,28,31,28/07/2025,EVENING
11580,6,17,21,26,36,28/07/2025,MIDDAY
11581,3,4,12,30,32,29/07/2025,EVENING
11582,1,4,5,15,19,29/07/2025,MIDDAY
11583,6,7,12,16,23,30/07/2025,EVENING
11584,8,13,25,26,32,30/07/2025,MIDDAY
11585,2,3,24,25,29,31/07/2025,EVENING
11586,5,27,32,34,35,31/07/2025,MIDDAY
11587,6,8,16,17,35,01/08/2025,EVENING
11588,9,12,16,19,26,01/08/2025,MIDDAY
11589,1,17,18,22,32,02/08/2025,EVENING
11590,3,19,26,28,36,02/08/2025,MIDDAY
11591,2,5,7,19,24,03/08/2025,EVENING
11592,1,4,22,26,28,03/08/2025,MIDDAY
11593,3,9,11,18,33,04/08/2025,EVENING
11594,5,7,16,23,36,04/08/2025,MIDDAY
11595,13,17,22,25,35,05/08/2025,EVENING
11596,4,9,13,15,33,05/08/2025,MIDDAY
11597,1,2,11,27,34,06/08/2025,EVENING
11598,22,32,34,35,36,06/08/2025,MIDDAY
11599,12,15,19,34,36,07/08/2025,EVENING
11600,1,4,5,17,21,07/08/2025,MIDDAY
11601,11,14,21,22,29,08/08/2025,EVENING
11602,4,9,15,24,32,08/08/2025,MIDDAY
11603,8,17,24,25,34,09/08/2025,EVENING
11604,14,25,27,35,36,09/08/2025,MIDDAY
11605,6,18,24,35,36,10/08/2025,EVENING
11606,4,11,13,15,36,10/08/2025,MIDDAY
11607,7,14,18,23,25,11/08/2025,EVENING
11608,2,12,22,23,34,11/08/2025,MIDDAY
11609,8,10,18,19,21,12/08/2025,EVENING
11610,2,3,18,21,33,12/08/2025,MIDDAY
11611,14,18,19,26,31,13/08/2025,EVENING
11612,4,8,11,18,23,13/08/2025,MIDDAY
11613,8,9,10,14,32,14/08/2025,EVENING
11614,10,18,19,25,32,14/08/2025,MIDDAY
11615,3,9,18,21,36,15/08/2025,EVENING
11616,9,17,22,24,36,15/08/2025,MIDDAY
11617,20,24,28,33,35,16/08/2025,EVENING
11618,5,9,19,22,32,16/08/2025,MIDDAY
11619,1,3,15,26,30,17/08/2025,EVENING
11620,1,2,6,13,28,17/08/2025,MIDDAY
11621,7,14,23,25,29,18/08/2025,EVENING
11622,6,12,16,20,24,18/08/2025,MIDDAY
11623,3,6,16,24,29,19/08/2025,EVENING
11624,4,16,24,32,35,19/08/2025,MIDDAY
11625,8,10,15,20,31,20/08/2025,EVENING
11626,3,6,7,21,33,20/08/2025,MIDDAY
11627,7,11,20,31,32,21/08/2025,EVENING
11628,1,19,20,24,25,21/08/2025,MIDDAY
11629,3,5,15,26,33,22/08/2025,EVENING
11630,2,6,16,22,32,22/08/2025,MIDDAY
11631,1,15,25,28,36,23/08/2025,EVENING
11632,8,13,14,17,32,23/08/2025,MIDDAY
11633,19,26,29,31,32,24/08/2025,EVENING
11634,5,10,16,19,32,24/08/2025,MIDDAY
11635,4,14,23,24,29,25/08/2025,EVENING
11636,2,18,24,29,30,25/08/2025,MIDDAY
11637,4,23,26,33,34,26/08/2025,EVENING
11638,1,2,12,17,21,26/08/2025,MIDDAY
11639,15,18,25,31,32,27/08/2025,EVENING
11640,3,11,16,21,24,27/08/2025,MIDDAY
11641,2,18,22,28,34,28/08/2025,EVENING
11642,15,22,26,35,36,28/08/2025,MIDDAY
11643,2,5,14,16,29,29/08/2025,EVENING
11644,4,8,20,27,31,29/08/2025,MIDDAY
11645,7,10,14,19,21,30/08/2025,EVENING
11646,2,17,25,31,33,30/08/2025,MIDDAY
11647,7,21,31,34,36,31/08/2025,EVENING
11648,6,17,22,24,29,31/08/2025,MIDDAY
11649,3,7,12,14,18,01/09/2025,EVENING
11650,9,16,23,26,29,01/09/2025,MIDDAY
11651,4,11,22,25,26,02/09/2025,EVENING
11652,1,9,10,15,23,02/09/2025,MIDDAY
11653,3,12,19,31,34,03/09/2025,EVENING
11654,1,3,13,23,24,03/09/2025,MIDDAY
11655,19,27,28,31,32,04/09/2025,EVENING
11656,5,16,17,28,35,04/09/2025,MIDDAY
11657,4,5,8,14,23,05/09/2025,EVENING
11658,2,3,8,9,26,05/09/2025,MIDDAY
11659,7,10,13,31,34,06/09/2025,EVENING
11660,6,11,23,26,36,06/09/2025,MIDDAY
11661,7,14,17,20,25,07/09/2025,EVENING
11662,2,4,22,30,31,07/09/2025,MIDDAY
11663,5,10,11,27,33,08/09/2025,EVENING
11664,6,13,16,18,19,08/09/2025,MIDDAY
11665,1,9,22,29,34,09/09/2025,EVENING
11666,5,9,12,21,34,09/09/2025,MIDDAY
11667,3,10,12,15,33,10/09/2025,EVENING
11668,4,12,13,26,36,10/09/2025,MIDDAY
11669,15,17,19,21,25,11/09/2025,EVENING
11670,13,20,26,29,30,11/09/2025,MIDDAY
11671,1,23,25,27,30,12/09/2025,EVENING
11672,3,11,22,28,34,12/09/2025,MIDDAY
11673,5,11,20,26,33,13/09/2025,EVENING
11674,7,13,19,20,32,13/09/2025,MIDDAY
11675,3,5,17,25,26,14/09/2025,EVENING
11676,6,10,18,28,29,14/09/2025,MIDDAY
11677,13,15,19,24,30,15/09/2025,EVENING
11678,2,3,14,15,28,15/09/2025,MIDDAY
11679,5,9,10,19,27,16/09/2025,EVENING
11680,4,11,16,19,25,16/09/2025,MIDDAY
11681,5,11,14,15,32,17/09/2025,EVENING
11682,8,10,18,27,36,17/09/2025,MIDDAY
11683,19,22,23,24,28,18/09/2025,EVENING
11684,2,4,6,29,34,18/09/2025,MIDDAY
11685,8,19,24,29,30,19/09/2025,EVENING
11686,1,6,23,34,36,19/09/2025,MIDDAY
11687,1,2,5,6,11,20/09/2025,EVENING
11688,7,10,15,29,35,20/09/2025,MIDDAY
11689,4,15,24,33,36,21/09/2025,EVENING
11690,2,21,24,28,31,21/09/2025,MIDDAY
11691,15,17,25,29,35,22/09/2025,EVENING
11692,1,2,13,31,35,22/09/2025,MIDDAY
11693,4,8,11,26,29,23/09/2025,EVENING
11694,4,30,31,35,36,23/09/2025,MIDDAY
11695,4,20,21,28,35,24/09/2025,EVENING
11696,9,17,24,27,34,24/09/2025,MIDDAY
11697,5,10,19,23,36,25/09/2025,EVENING
11698,1,18,27,28,32,25/09/2025,MIDDAY
11699,3,4,6,9,36,26/09/2025,EVENING
11700,3,4,13,14,20,26/09/2025,MIDDAY
11701,2,11,23,26,27,27/09/2025,EVENING
11702,1,16,19,27,32,27/09/2025,MIDDAY
11703,12,20,25,31,32,28/09/2025,EVENING
11704,1,3,19,24,28,28/09/2025,MIDDAY
11705,4,9,10,15,16,29/09/2025,EVENING
11706,1,5,13,25,36,29/09/2025,MIDDAY
11707,16,22,26,28,29,30/09/2025,EVENING
11708,8,13,18,25,32,30/09/2025,MIDDAY
11709,3,12,17,20,23,01/10/2025,EVENING
11710,1,2,8,16,24,01/10/2025,MIDDAY
11711,1,5,9,17,23,02/10/2025,EVENING
11712,5,22,23,28,32,02/10/2025,MIDDAY
11713,8,21,26,31,36,03/10/2025,EVENING
11714,17,20,22,30,33,03/10/2025,MIDDAY
11715,5,9,12,32,33,04/10/2025,EVENING
11716,10,17,18,19,24,04/10/2025,MIDDAY
11717,6,11,15,20,32,05/10/2025,EVENING
11718,11,13,15,19,23,05/10/2025,MIDDAY
11719,1,11,16,23,32,06/10/2025,EVENING
11720,1,12,15,22,32,06/10/2025,MIDDAY
11721,5,26,27,30,31,07/10/2025,EVENING
11722,7,9,22,23,31,07/10/2025,MIDDAY
11723,18,19,21,24,29,08/10/2025,EVENING
11724,4,19,20,22,30,08/10/2025,MIDDAY
11725,10,15,21,23,29,09/10/2025,EVENING
11726,10,15,16,30,36,09/10/2025,MIDDAY
11727,4,5,8,10,14,10/10/2025,EVENING
11728,13,17,23,29,33,10/10/2025,MIDDAY
11729,4,6,15,27,28,11/10/2025,EVENING
11730,15,19,20,26,28,11/10/2025,MIDDAY
11731,1,10,16,23,36,12/10/2025,EVENING
11732,6,17,18,19,25,12/10/2025,MIDDAY
11733,10,16,17,19,28,13/10/2025,EVENING
11734,10,15,22,27,32,13/10/2025,MIDDAY
11735,4,6,8,32,35,14/10/2025,EVENING
11736,1,5,6,11,23,14/10/2025,MIDDAY
11737,6,7,13,19,24,15/10/2025,EVENING
11738,3,10,12,13,14,15/10/2025,MIDDAY
11739,20,25,29,31,34,16/10/2025,EVENING
11740,1,17,21,32,35,16/10/2025,MIDDAY
11741,6,15,23,25,28,17/10/2025,EVENING
11742,9,13,17,18,24,17/10/2025,MIDDAY
11743,4,7,12,35,36,18/10/2025,EVENING
11744,6,10,24,29,36,18/10/2025,MIDDAY
11745,1,10,14,27,28,19/10/2025,EVENING
11746,1,28,30,33,36,19/10/2025,MIDDAY
11747,10,12,21,24,29,20/10/2025,EVENING
11748,13,18,22,26,28,20/10/2025,MIDDAY
11749,3,8,10,24,28,21/10/2025,EVENING
11750,2,4,7,20,33,21/10/2025,MIDDAY
11751,18,27,29,34,36,22/10/2025,EVENING
11752,4,15,17,19,20,22/10/2025,MIDDAY
11753,10,19,21,25,29,23/10/2025,EVENING
11754,7,8,18,24,31,23/10/2025,MIDDAY
11755,14,17,18,29,30,24/10/2025,EVENING
11756,4,16,23,26,30,24/10/2025,MIDDAY
11757,18,27,28,30,35,25/10/2025,EVENING
11758,6,8,15,19,21,25/10/2025,MIDDAY
11759,14,17,18,31,34,26/10/2025,EVENING
11760,5,13,14,28,32,26/10/2025,MIDDAY
11761,11,18,23,28,36,27/10/2025,EVENING
11762,5,7,10,12,32,27/10/2025,MIDDAY
11763,5,15,18,29,36,28/10/2025,EVENING
11764,11,12,13,18,21,28/10/2025,MIDDAY
11765,4,6,11,20,21,29/10/2025,EVENING
11766,7,16,27,29,34,29/10/2025,MIDDAY
11767,1,2,3,13,24,30/10/2025,EVENING
11768,2,3,10,18,20,30/10/2025,MIDDAY
11769,1,4,5,19,30,31/10/2025,EVENING
11770,12,19,23,30,36,31/10/2025,MIDDAY
11771,10,16,19,21,22,01/11/2025,EVENING
11772,16,20,22,29,35,01/11/2025,MIDDAY
11773,3,8,10,20,30,02/11/2025,EVENING
11774,12,15,22,27,29,02/11/2025,MIDDAY
11775,17,24,25,35,36,03/11/2025,EVENING
11776,2,4,7,20,28,03/11/2025,MIDDAY
11777,8,13,22,26,27,04/11/2025,EVENING
11778,6,8,11,12,31,04/11/2025,MIDDAY
11779,5,10,18,19,24,05/11/2025,EVENING
11780,14,19,26,31,33,05/11/2025,MIDDAY
11781,4,6,24,26,35,06/11/2025,EVENING
11782,14,20,21,24,26,06/11/2025,MIDDAY
11783,1,14,15,16,34,07/11/2025,EVENING
11784,7,14,16,25,27,07/11/2025,MIDDAY
11785,1,10,17,31,34,08/11/2025,EVENING
11786,4,6,22,28,34,08/11/2025,MIDDAY
11787,4,22,25,27,31,09/11/2025,EVENING
11788,2,7,12,26,29,09/11/2025,MIDDAY
11789,5,6,8,14,36,10/11/2025,EVENING
11790,1,7,17,23,27,10/11/2025,MIDDAY
11791,1,9,20,23,33,11/11/2025,EVENING
11792,5,6,27,32,36,11/11/2025,MIDDAY
11793,10,12,18,25,35,12/11/2025,EVENING
11794,16,18,23,24,35,12/11/2025,MIDDAY
11795,15,23,25,29,35,13/11/2025,EVENING
11796,11,16,18,28,30,13/11/2025,MIDDAY
11797,2,6,9,12,23,14/11/2025,EVENING
11798,4,7,11,21,30,14/11/2025,MIDDAY
11799,4,15,19,25,28,15/11/2025,EVENING
11800,3,4,13,22,31,15/11/2025,MIDDAY
11801,3,9,11,28,32,16/11/2025,EVENING
11802,6,13,14,30,35,16/11/2025,MIDDAY
11803,10,18,20,27,30,17/11/2025,EVENING
11804,6,14,15,19,27,17/11/2025,MIDDAY
11805,11,13,17,24,28,18/11/2025,EVENING
11806,4,11,13,28,32,18/11/2025,MIDDAY
11807,11,13,22,29,32,19/11/2025,EVENING
11808,3,6,9,10,19,19/11/2025,MIDDAY
11809,2,8,18,19,23,20/11/2025,EVENING
11810,1,7,11,23,36,20/11/2025,MIDDAY
11811,8,18,20,26,31,21/11/2025,EVENING
11812,3,4,13,33,34,21/11/2025,MIDDAY
11813,10,14,29,30,35,22/11/2025,EVENING
11814,3,9,15,16,17,22/11/2025,MIDDAY
11815,1,12,21,33,36,23/11/2025,EVENING
11816,3,4,9,14,26,23/11/2025,MIDDAY
11817,3,4,10,19,33,24/11/2025,EVENING
11818,1,8,21,22,24,24/11/2025,MIDDAY
11819,4,6,25,30,35,25/11/2025,EVENING
11820,11,16,20,21,23,25/11/2025,MIDDAY
11821,11,14,28,32,33,26/11/2025,EVENING
11822,4,7,14,23,29,26/11/2025,MIDDAY
11823,4,7,8,20,31,27/11/2025,EVENING
11824,6,14,18,21,35,27/11/2025,MIDDAY
11825,10,15,18,19,29,28/11/2025,EVENING
11826,4,13,19,30,36,28/11/2025,MIDDAY
11827,8,14,26,27,35,29/11/2025,EVENING
11828,2,7,26,33,36,29/11/2025,MIDDAY
11829,4,5,7,9,17,30/11/2025,EVENING
11830,1,4,5,11,28,30/11/2025,MIDDAY
11831,5,13,14,24,28,01/12/2025,EVENING
11832,2,19,28,29,31,01/12/2025,MIDDAY
11833,5,15,24,26,33,02/12/2025,EVENING
11834,20,21,26,31,33,02/12/2025,MIDDAY
11835,8,10,16,23,24,03/12/2025,EVENING
11836,13,15,18,25,29,03/12/2025,MIDDAY
11837,7,18,26,33,35,04/12/2025,EVENING
11838,2,17,23,24,36,04/12/2025,MIDDAY
11839,4,11,13,19,28,05/12/2025,EVENING
11840,3,6,14,24,36,05/12/2025,MIDDAY
11841,6,7,18,29,30,06/12/2025,EVENING
11842,15,24,27,29,30,06/12/2025,MIDDAY
11843,4,14,26,29,30,07/12/2025,EVENING
11844,25,26,29,33,35,07/12/2025,MIDDAY
11845,10,18,22,25,28,08/12/2025,EVENING
11846,6,9,21,31,36,08/12/2025,MIDDAY
11847,7,11,17,18,33,09/12/2025,EVENING
11848,1,10,16,25,31,09/12/2025,MIDDAY
11849,5,12,18,25,35,10/12/2025,EVENING
11850,4,6,9,11,14,10/12/2025,MIDDAY
11851,11,13,28,29,35,11/12/2025,EVENING
11852,8,20,21,29,31,11/12/2025,MIDDAY
11853,3,12,16,21,33,12/12/2025,EVENING
11854,8,22,28,32,36,12/12/2025,MIDDAY
11855,10,12,16,33,35,13/12/2025,EVENING
11856,11,17,29,30,36,13/12/2025,MIDDAY
11857,5,14,15,16,19,14/12/2025,EVENING
11858,4,24,25,27,33,14/12/2025,MIDDAY
11859,2,7,9,20,31,15/12/2025,EVENING
11860,10,18,29,30,33,15/12/2025,MIDDAY
11861,2,8,21,24,30,16/12/2025,EVENING
11862,10,12,17,22,28,16/12/2025,MIDDAY
11863,3,8,24,26,32,17/12/2025,EVENING
11864,1,8,22,26,33,17/12/2025,MIDDAY
11865,15,26,29,33,35,18/12/2025,EVENING
11866,7,9,13,26,35,18/12/2025,MIDDAY
11867,5,10,12,20,31,19/12/2025,EVENING
11868,2,5,8,30,31,19/12/2025,MIDDAY
11869,15,16,20,24,32,20/12/2025,EVENING
11870,18,21,26,31,33,20/12/2025,MIDDAY
11871,10,14,20,30,33,21/12/2025,EVENING
11872,4,13,19,31,34,21/12/2025,MIDDAY
11873,6,12,16,22,34,22/12/2025,EVENING
11874,2,9,15,26,36,22/12/2025,MIDDAY
11875,9,12,18,34,36,23/12/2025,EVENING
11876,16,20,25,29,33,23/12/2025,MIDDAY
11877,12,13,15,22,28,24/12/2025,EVENING
11878,2,4,7,20,33,24/12/2025,MIDDAY
11879,4,7,11,16,22,25/12/2025,EVENING
11880,7,17,20,23,28,25/12/2025,MIDDAY
11881,2,20,29,31,32,26/12/2025,EVENING
11882,1,6,8,16,24,26/12/2025,MIDDAY
11883,4,13,18,27,28,27/12/2025,EVENING
11884,3,6,8,11,32,27/12/2025,MIDDAY
11885,7,15,25,28,31,28/12/2025,EVENING
11886,5,10,24,30,31,28/12/2025,MIDDAY
11887,2,7,8,18,23,29/12/2025,EVENING
11888,15,18,24,27,32,29/12/2025,MIDDAY
11889,7,10,18,24,28,30/12/2025,EVENING
11890,7,8,15,30,31,30/12/2025,MIDDAY
11891,1,5,6,29,34,31/12/2025,EVENING
11892,1,8,14,21,23,31/12/2025,MIDDAY
11893,13,15,18,19,33,01/01/2026,EVENING
11894,18,19,21,24,29,01/01/2026,MIDDAY
11895,14,16,21,30,32,02/01/2026,EVENING
11896,9,10,12,21,35,02/01/2026,MIDDAY
11897,5,7,17,21,36,03/01/2026,EVENING
11898,8,13,25,30,33,03/01/2026,MIDDAY
11899,8,9,15,21,36,04/01/2026,EVENING
11900,7,10,18,23,35,04/01/2026,MIDDAY
11901,8,13,16,22,33,05/01/2026,EVENING
11902,6,7,12,19,29,05/01/2026,MIDDAY
11903,1,3,14,20,25,06/01/2026,EVENING
11904,5,12,13,15,19,06/01/2026,MIDDAY
11905,1,11,17,23,31,07/01/2026,EVENING
11906,2,6,15,25,26,07/01/2026,MIDDAY
11907,9,19,21,22,35,08/01/2026,EVENING
11908,6,17,20,21,29,08/01/2026,MIDDAY
11909,7,9,15,26,29,09/01/2026,EVENING
11910,2,14,24,26,36,09/01/2026,MIDDAY
11911,3,22,23,27,29,10/01/2026,EVENING
11912,4,14,18,20,34,10/01/2026,MIDDAY
11913,2,11,14,17,25,11/01/2026,EVENING
11914,2,4,7,13,36,11/01/2026,MIDDAY
11915,8,20,21,25,27,12/01/2026,EVENING
11916,3,5,18,34,36,12/01/2026,MIDDAY
11917,1,13,16,17,26,13/01/2026,EVENING
11918,9,22,27,30,35,13/01/2026,MIDDAY
11919,2,19,26,27,33,14/01/2026,EVENING
11920,7,15,26,27,31,14/01/2026,MIDDAY
11921,9,22,27,29,30,15/01/2026,EVENING
11922,13,15,19,22,29,15/01/2026,MIDDAY
11923,11,13,22,27,36,16/01/2026,EVENING
11924,2,12,21,28,30,16/01/2026,MIDDAY
11925,4,23,24,32,33,17/01/2026,EVENING
11926,3,5,12,14,29,17/01/2026,MIDDAY
11927,7,8,17,24,35,18/01/2026,EVENING
11928,16,26,27,34,36,18/01/2026,MIDDAY
11929,14,22,31,32,35,19/01/2026,EVENING
11930,3,20,29,31,35,19/01/2026,MIDDAY
11931,3,6,20,22,24,20/01/2026,EVENING
11932,14,15,17,29,30,20/01/2026,MIDDAY
11933,7,24,26,31,35,21/01/2026,EVENING
11934,2,11,14,28,30,21/01/2026,MIDDAY
11935,1,12,24,33,35,22/01/2026,EVENING
11936,3,19,24,26,32,22/01/2026,MIDDAY
11937,7,20,21,22,34,23/01/2026,EVENING
11938,2,5,7,10,33,23/01/2026,MIDDAY
11939,4,26,28,29,33,24/01/2026,EVENING
11940,12,14,17,27,35,24/01/2026,MIDDAY
11941,3,8,10,16,21,25/01/2026,EVENING
11942,6,17,27,31,35,25/01/2026,MIDDAY
11943,2,5,8,16,26,26/01/2026,EVENING
11944,2,3,15,21,27,26/01/2026,MIDDAY
11945,2,9,13,32,36,27/01/2026,EVENING
11946,6,10,26,28,32,27/01/2026,MIDDAY
11947,6,11,13,22,36,28/01/2026,EVENING
11948,4,5,16,23,29,28/01/2026,MIDDAY
11949,9,10,23,26,36,29/01/2026,EVENING
11950,4,8,9,11,24,29/01/2026,MIDDAY
11951,6,20,22,29,34,30/01/2026,EVENING
11952,2,5,7,23,27,30/01/2026,MIDDAY
11953,2,9,12,21,35,31/01/2026,EVENING
11954,2,8,11,23,34,31/01/2026,MIDDAY
11955,1,10,11,22,25,01/02/2026,EVENING
11956,1,7,19,21,24,01/02/2026,MIDDAY
11957,12,18,19,30,33,02/02/2026,EVENING
11958,6,7,19,27,28,02/02/2026,MIDDAY
11959,7,10,14,22,30,03/02/2026,EVENING
11960,13,18,20,31,36,03/02/2026,MIDDAY
11961,4,6,12,15,16,04/02/2026,EVENING
11962,1,8,15,23,32,04/02/2026,MIDDAY
11963,11,12,13,21,29,05/02/2026,EVENING
11964,5,9,11,25,34,05/02/2026,MIDDAY
11965,3,4,7,27,30,06/02/2026,EVENING
11966,19,25,27,34,35,06/02/2026,MIDDAY
11967,2,6,22,27,32,07/02/2026,EVENING
11968,12,17,19,34,35,07/02/2026,MIDDAY
11969,4,8,11,34,35,08/02/2026,EVENING
11970,11,26,28,30,35,08/02/2026,MIDDAY
11971,3,4,10,17,32,09/02/2026,EVENING
11972,3,7,13,14,24,09/02/2026,MIDDAY
11973,12,14,27,29,33,10/02/2026,EVENING
11974,11,15,18,30,35,10/02/2026,MIDDAY
11975,1,6,17,25,27,11/02/2026,EVENING
11976,6,16,22,31,33,11/02/2026,MIDDAY
11977,3,5,10,20,27,12/02/2026,EVENING
11978,18,20,31,35,36,12/02/2026,MIDDAY
11979,2,29,30,32,36,13/02/2026,EVENING
11980,3,11,19,21,32,13/02/2026,MIDDAY
11981,9,14,19,22,26,14/02/2026,EVENING
11982,3,14,17,31,35,14/02/2026,MIDDAY
11983,3,7,17,20,22,15/02/2026,EVENING
11984,8,11,16,19,23,15/02/2026,MIDDAY
11985,2,5,15,25,36,16/02/2026,EVENING
11986,1,2,7,26,32,16/02/2026,MIDDAY
11987,9,11,17,31,33,17/02/2026,EVENING
11988,4,6,12,16,22,17/02/2026,MIDDAY
11989,5,21,29,31,32,18/02/2026,EVENING
11990,3,11,16,20,22,18/02/2026,MIDDAY
11991,5,14,15,32,33,19/02/2026,EVENING
11992,6,9,13,23,24,19/02/2026,MIDDAY
11993,8,14,18,19,21,20/02/2026,EVENING
11994,1,3,4,16,28,20/02/2026,MIDDAY
11995,7,16,19,22,36,21/02/2026,EVENING
11996,1,2,13,23,36,21/02/2026,MIDDAY
11997,2,8,20,23,33,22/02/2026,EVENING
11998,6,10,19,28,34,22/02/2026,MIDDAY
11999,7,9,21,24,32,23/02/2026,EVENING
12000,13,14,26,31,35,23/02/2026,MIDDAY
12001,6,11,28,29,30,24/02/2026,EVENING
12002,2,16,21,25,32,24/02/2026,MIDDAY
12003,4,8,23,32,36,25/02/2026,EVENING
12004,4,5,14,21,28,25/02/2026,MIDDAY
12005,1,2,14,16,29,26/02/2026,EVENING
12006,4,7,9,13,15,26/02/2026,MIDDAY
12007,7,14,20,26,27,27/02/2026,EVENING
12008,3,10,16,33,36,27/02/2026,MIDDAY
12009,5,7,15,21,34,28/02/2026,EVENING
12010,1,2,13,16,21,28/02/2026,MIDDAY
12011,8,12,16,22,34,01/03/2026,EVENING
12012,2,7,13,24,30,01/03/2026,MIDDAY
12013,1,6,14,17,28,02/03/2026,EVENING
12014,2,5,7,16,22,02/03/2026,MIDDAY
12015,9,12,14,26,36,03/03/2026,EVENING
12016,1,5,7,16,23,03/03/2026,MIDDAY
12017,6,9,10,16,27,04/03/2026,EVENING
12018,1,10,13,18,25,04/03/2026,MIDDAY
12019,3,10,21,26,33,05/03/2026,EVENING
12020,12,14,19,26,35,05/03/2026,MIDDAY
12021,7,17,22,24,29,06/03/2026,EVENING
12022,6,14,22,27,29,06/03/2026,MIDDAY
12023,17,18,25,26,35,07/03/2026,EVENING
12024,1,7,16,20,26,07/03/2026,MIDDAY
12025,2,7,18,20,21,08/03/2026,EVENING
12026,12,22,28,32,35,08/03/2026,MIDDAY
12027,5,7,11,14,34,09/03/2026,EVENING
12028,6,12,18,20,28,09/03/2026,MIDDAY
12029,6,7,15,25,35,10/03/2026,EVENING
12030,7,8,10,18,26,10/03/2026,MIDDAY
12031,3,7,14,19,36,11/03/2026,EVENING
12032,1,5,13,30,35,11/03/2026,MIDDAY
12033,11,13,15,31,33,12/03/2026,EVENING
12034,10,12,26,30,34,12/03/2026,MIDDAY
12035,3,11,12,23,32,13/03/2026,EVENING
12036,2,3,12,24,29,13/03/2026,MIDDAY
12037,7,9,24,30,34,14/03/2026,EVENING
12038,2,6,9,15,35,14/03/2026,MIDDAY
12039,2,3,6,20,22,15/03/2026,EVENING
12040,2,8,20,23,27,15/03/2026,MIDDAY
12041,9,10,14,27,34,16/03/2026,EVENING
12042,13,14,24,27,34,16/03/2026,MIDDAY
12043,10,17,31,34,35,17/03/2026,EVENING
12044,3,10,11,15,35,17/03/2026,MIDDAY
12045,1,8,26,33,36,18/03/2026,EVENING
12046,8,10,13,18,21,18/03/2026,MIDDAY
12047,15,24,27,30,31,19/03/2026,EVENING
12048,9,14,15,30,34,19/03/2026,MIDDAY
12049,1,4,22,23,24,20/03/2026,EVENING
12050,5,9,18,23,26,20/03/2026,MIDDAY
12051,21,23,25,27,33,21/03/2026,EVENING
12052,2,4,6,10,35,21/03/2026,MIDDAY
12053,7,10,15,19,32,22/03/2026,EVENING
12054,5,13,18,21,22,22/03/2026,MIDDAY
12055,4,6,16,19,34,23/03/2026,EVENING
12056,15,19,22,24,26,23/03/2026,MIDDAY
12057,10,14,15,20,36,24/03/2026,EVENING
12058,1,9,14,17,27,24/03/2026,MIDDAY
12059,6,8,20,28,34,25/03/2026,EVENING
12060,12,15,28,31,33,25/03/2026,MIDDAY
12061,3,8,18,24,33,26/03/2026,EVENING
12062,6,12,16,26,29,26/03/2026,MIDDAY
12063,8,11,12,14,36,27/03/2026,EVENING
12064,19,24,28,30,36,27/03/2026,MIDDAY
12065,5,21,27,28,32,28/03/2026,EVENING
12066,6,13,14,22,30,28/03/2026,MIDDAY
12067,2,7,18,22,28,29/03/2026,EVENING
12068,5,23,25,31,36,29/03/2026,MIDDAY
12069,6,20,27,29,30,30/03/2026,EVENING
12070,2,5,20,29,32,30/03/2026,MIDDAY
12071,9,12,28,30,36,31/03/2026,EVENING
12072,1,16,23,26,29,31/03/2026,MIDDAY
12073,2,7,15,17,29,01/04/2026,EVENING
12074,5,19,24,26,29,01/04/2026,MIDDAY
12075,2,15,18,21,28,02/04/2026,EVENING
12076,5,9,18,22,23,02/04/2026,MIDDAY
12077,1,6,7,14,25,03/04/2026,EVENING
12078,4,9,14,34,35,03/04/2026,MIDDAY
12079,9,10,17,24,35,04/04/2026,EVENING
12080,4,11,19,23,24,04/04/2026,MIDDAY
12081,9,10,29,31,35,05/04/2026,EVENING
12082,6,7,15,19,21,05/04/2026,MIDDAY
12083,1,10,20,22,23,06/04/2026,EVENING
12084,3,10,22,23,27,06/04/2026,MIDDAY
12085,10,13,17,23,34,07/04/2026,EVENING
12086,6,20,26,27,33,07/04/2026,MIDDAY
12087,3,14,20,22,31,08/04/2026,EVENING
12088,1,2,3,9,34,08/04/2026,MIDDAY
12089,4,5,11,15,17,09/04/2026,EVENING
12090,11,14,20,23,31,09/04/2026,MIDDAY
12091,12,13,14,19,24,10/04/2026,EVENING
12092,11,16,27,31,35,10/04/2026,MIDDAY
12093,10,12,16,17,26,11/04/2026,EVENING
12094,22,25,27,31,34,11/04/2026,MIDDAY
12095,2,3,9,17,35,12/04/2026,EVENING
12096,4,8,18,28,30,12/04/2026,MIDDAY
12097,2,7,8,18,32,13/04/2026,EVENING
12098,9,12,17,32,34,13/04/2026,MIDDAY
12099,3,8,11,26,29,14/04/2026,EVENING
12100,14,16,19,33,34,14/04/2026,MIDDAY
12101,4,15,17,19,25,15/04/2026,EVENING
12102,1,5,20,26,36,15/04/2026,MIDDAY
12103,1,9,10,13,20,16/04/2026,EVENING
12104,3,10,13,20,25,16/04/2026,MIDDAY
12105,12,18,31,32,33,17/04/2026,EVENING
12106,11,18,27,33,36,17/04/2026,MIDDAY
12107,2,5,7,21,30,18/04/2026,EVENING
12108,5,14,19,20,30,18/04/2026,MIDDAY
12109,8,9,12,25,31,19/04/2026,EVENING
12110,6,9,19,34,35,19/04/2026,MIDDAY
12111,7,25,26,28,32,20/04/2026,EVENING
12112,6,12,14,17,28,20/04/2026,MIDDAY
12113,7,8,12,19,21,21/04/2026,EVENING
12114,2,16,27,30,35,21/04/2026,MIDDAY
12115,2,6,12,15,30,22/04/2026,EVENING
12116,6,8,10,17,31,22/04/2026,MIDDAY
12117,5,13,21,27,30,23/04/2026,EVENING
12118,7,17,20,21,26,23/04/2026,MIDDAY
12119,1,3,10,14,16,24/04/2026,EVENING
12120,2,3,15,19,25,24/04/2026,MIDDAY
12121,1,10,13,16,18,25/04/2026,EVENING
12122,16,19,25,27,30,25/04/2026,MIDDAY
12123,1,3,15,20,24,26/04/2026,EVENING
12124,20,21,22,27,33,26/04/2026,MIDDAY
12125,8,20,23,31,34,27/04/2026,EVENING
12126,8,12,25,34,35,27/04/2026,MIDDAY
12127,7,13,23,24,29,28/04/2026,EVENING
12128,3,6,8,20,27,28/04/2026,MIDDAY
12129,5,23,29,31,33,29/04/2026,EVENING
12130,7,9,10,14,31,29/04/2026,MIDDAY
12131,4,10,24,25,26,30/04/2026,EVENING
12132,1,12,13,19,29,30/04/2026,MIDDAY
12133,4,6,27,29,30,01/05/2026,EVENING
12134,6,14,23,26,28,01/05/2026,MIDDAY
12135,14,15,26,31,35,02/05/2026,EVENING
12136,14,17,27,31,33,02/05/2026,MIDDAY
12137,6,12,20,21,30,03/05/2026,EVENING
12138,15,31,33,34,36,03/05/2026,MIDDAY
12139,1,14,21,23,36,04/05/2026,EVENING
12140,9,12,13,25,36,04/05/2026,MIDDAY
12141,22,23,24,33,34,05/05/2026,EVENING
12142,9,16,23,30,31,05/05/2026,MIDDAY
12143,6,9,11,17,31,06/05/2026,EVENING
12144,2,8,20,23,34,06/05/2026,MIDDAY
12145,2,5,14,21,32,07/05/2026,EVENING
12146,16,18,20,28,34,07/05/2026,MIDDAY
12147,3,20,24,29,36,08/05/2026,EVENING
12148,8,24,27,32,34,08/05/2026,MIDDAY
12149,1,17,29,31,36,09/05/2026,EVENING
12150,1,8,10,14,21,09/05/2026,MIDDAY
12151,10,13,17,18,23,10/05/2026,EVENING
12152,15,20,22,35,36,10/05/2026,MIDDAY
12153,6,24,25,26,36,11/05/2026,EVENING
12154,6,8,26,33,36,11/05/2026,MIDDAY
12155,10,12,21,22,31,12/05/2026,EVENING
12156,7,15,28,30,35,12/05/2026,MIDDAY
12157,9,11,24,30,31,13/05/2026,EVENING
12158,7,10,11,22,26,13/05/2026,MIDDAY
12159,4,6,7,10,36,14/05/2026,EVENING
12160,8,10,16,23,28,14/05/2026,MIDDAY
12161,2,23,24,28,29,15/05/2026,EVENING
12162,4,5,6,17,23,15/05/2026,MIDDAY
12163,2,3,13,25,27,16/05/2026,EVENING
12164,19,20,24,29,36,16/05/2026,MIDDAY
12165,6,19,22,34,35,17/05/2026,EVENING
12166,8,19,20,22,30,17/05/2026,MIDDAY
12167,15,18,20,22,35,18/05/2026,EVENING
12168,1,3,5,32,35,18/05/2026,MIDDAY
12169,2,11,18,19,32,19/05/2026,EVENING
12170,22,25,27,33,35,19/05/2026,MIDDAY
12171,6,14,19,25,35,20/05/2026,EVENING
12172,3,7,15,23,26,20/05/2026,MIDDAY
12173,2,7,13,23,26,21/05/2026,EVENING
12174,1,8,27,31,34,21/05/2026,MIDDAY
12175,9,15,25,33,34,22/05/2026,EVENING
12176,3,11,21,23,27,22/05/2026,MIDDAY
12177,7,13,26,30,32,23/05/2026,EVENING
12178,12,25,26,28,32,23/05/2026,MIDDAY
12179,3,12,18,33,34,24/05/2026,EVENING
12180,7,11,13,34,36,24/05/2026,MIDDAY
12181,1,7,24,26,31,25/05/2026,EVENING
12182,2,12,17,25,35,25/05/2026,MIDDAY
12183,13,20,27,34,36,26/05/2026,EVENING
12184,1,17,20,33,35,26/05/2026,MIDDAY
12185,5,13,17,27,34,27/05/2026,EVENING
12186,13,14,18,31,34,27/05/2026,MIDDAY
12187,1,12,20,21,23,28/05/2026,EVENING
12188,18,22,25,35,36,28/05/2026,MIDDAY
12189,10,17,19,24,36,29/05/2026,EVENING
12190,1,5,16,30,36,29/05/2026,MIDDAY
12191,3,11,15,21,27,30/05/2026,EVENING
12192,3,5,13,28,30,30/05/2026,MIDDAY
12193,2,7,12,13,33,31/05/2026,EVENING
12194,10,15,21,24,29,31/05/2026,MIDDAY
12195,3,20,26,35,36,01/06/2026,EVENING
12196,1,8,18,23,32,01/06/2026,MIDDAY
12197,12,19,23,31,36,02/06/2026,EVENING
12198,2,12,14,26,36,02/06/2026,MIDDAY
12199,1,5,6,24,34,03/06/2026,EVENING
12200,8,19,21,25,31,03/06/2026,MIDDAY
12201,6,7,9,14,33,04/06/2026,EVENING
12202,8,16,18,29,33,04/06/2026,MIDDAY
12203,19,20,22,26,33,05/06/2026,EVENING
12204,10,20,24,26,33,05/06/2026,MIDDAY
12205,5,11,15,24,35,06/06/2026,EVENING
12206,5,9,11,14,20,06/06/2026,MIDDAY
12207,22,24,33,35,36,07/06/2026,EVENING
12208,8,12,18,21,30,07/06/2026,MIDDAY
12209,6,8,14,17,24,08/06/2026,EVENING
12210,5,6,9,11,33,08/06/2026,MIDDAY
12211,18,28,32,34,36,09/06/2026,EVENING
12212,4,6,21,26,32,09/06/2026,MIDDAY
12213,13,16,26,30,31,10/06/2026,EVENING
12214,10,11,16,29,32,10/06/2026,MIDDAY
12215,1,5,9,16,20,11/06/2026,EVENING
12216,2,4,17,19,29,11/06/2026,MIDDAY
12217,2,21,22,24,25,12/06/2026,EVENING
12218,8,16,18,19,24,12/06/2026,MIDDAY
12219,16,21,23,31,35,13/06/2026,EVENING
12220,4,7,24,26,34,13/06/2026,MIDDAY
12221,4,10,22,26,28,14/06/2026,EVENING
12222,4,8,15,16,24,14/06/2026,MIDDAY
12223,6,17,23,28,34,15/06/2026,EVENING
12224,5,8,12,24,28,15/06/2026,MIDDAY
12225,14,19,24,29,33,16/06/2026,EVENING
12226,5,7,26,27,35,16/06/2026,MIDDAY
12227,4,6,27,29,35,17/06/2026,EVENING
12228,2,4,6,14,18,17/06/2026,MIDDAY
12229,3,8,11,13,35,18/06/2026,EVENING
12230,6,12,22,25,27,18/06/2026,MIDDAY
12231,9,10,16,29,32,19/06/2026,EVENING
12232,4,12,26,28,30,19/06/2026,MIDDAY
12233,1,2,17,23,27,20/06/2026,EVENING
12234,6,8,20,23,28,20/06/2026,MIDDAY
12235,7,9,14,22,30,21/06/2026,EVENING
12236,4,11,16,17,34,21/06/2026,MIDDAY
12237,5,6,9,11,32,22/06/2026,EVENING
12238,9,11,13,18,21,22/06/2026,MIDDAY
12239,2,23,24,26,33,23/06/2026,EVENING
12240,8,19,21,24,36,23/06/2026,MIDDAY
12241,1,4,7,12,32,24/06/2026,EVENING
12242,1,11,14,16,31,24/06/2026,MIDDAY
12243,2,3,9,12,29,25/06/2026,EVENING
12244,6,9,17,27,28,25/06/2026,MIDDAY
12245,17,24,29,34,35,26/06/2026,EVENING
12246,5,11,19,27,31,26/06/2026,MIDDAY
12247,1,2,3,5,10,27/06/2026,EVENING
12248,2,3,9,10,12,27/06/2026,MIDDAY
12249,7,18,29,31,36,28/06/2026,EVENING
12250,7,8,16,29,36,28/06/2026,MIDDAY
12251,6,8,14,31,33,29/06/2026,EVENING
12252,7,10,11,20,27,29/06/2026,MIDDAY
12253,2,3,12,21,24,30/06/2026,EVENING
12254,5,12,15,23,27,30/06/2026,MIDDAY
12255,3,7,15,26,27,01/07/2026,EVENING
12256,5,13,22,27,32,01/07/2026,MIDDAY
12257,1,4,5,10,23,02/07/2026,EVENING
12258,3,17,26,29,31,02/07/2026,MIDDAY
12259,3,14,31,32,33,03/07/2026,EVENING
12260,7,11,13,21,26,03/07/2026,MIDDAY
12261,13,19,22,23,28,04/07/2026,EVENING
12262,12,17,21,24,31,04/07/2026,MIDDAY
12263,19,27,32,34,35,05/07/2026,EVENING
12264,1,8,16,30,31,05/07/2026,MIDDAY
12265,5,8,11,12,22,06/07/2026,EVENING
12266,2,9,20,28,29,06/07/2026,MIDDAY
12267,6,9,12,22,35,07/07/2026,EVENING
12268,11,12,14,30,36,07/07/2026,MIDDAY
12269,7,25,33,35,36,08/07/2026,EVENING
12270,3,5,8,15,21,08/07/2026,MIDDAY
12271,7,8,10,17,21,09/07/2026,EVENING
12272,2,18,27,32,36,09/07/2026,MIDDAY
12273,6,11,15,20,33,10/07/2026,EVENING
12274,11,20,21,24,25,10/07/2026,MIDDAY
12275,8,15,23,29,30,11/07/2026,EVENING
12276,3,15,17,27,36,11/07/2026,MIDDAY
12277,1,6,16,24,27,12/07/2026,EVENING
12278,8,9,26,27,31,12/07/2026,MIDDAY
12279,4,21,31,32,33,13/07/2026,EVENING
12280,8,10,18,28,31,13/07/2026,MIDDAY
12281,1,10,17,23,35,14/07/2026,EVENING
12282,5,10,18,20,25,14/07/2026,MIDDAY
12283,1,13,18,31,33,15/07/2026,EVENING
12284,4,6,8,13,28,15/07/2026,MIDDAY
12285,7,13,16,25,30,16/07/2026,EVENING
12286,1,13,14,23,34,16/07/2026,MIDDAY
12287,10,12,21,24,29,17/07/2026,EVENING
12288,9,11,13,18,26,17/07/2026,MIDDAY
12289,2,12,16,17,28,18/07/2026,EVENING
12290,6,7,10,28,30,18/07/2026,MIDDAY
12291,4,22,31,33,36,19/07/2026,EVENING
12292,18,21,24,32,34,19/07/2026,MIDDAY
12293,11,28,29,33,36,20/07/2026,EVENING
12294,4,14,26,28,31,20/07/2026,MIDDAY
12295,13,21,22,26,27,21/07/2026,EVENING
12296,2,16,19,20,30,21/07/2026,MIDDAY
12297,7,11,13,18,27,22/07/2026,EVENING
12298,1,8,12,28,30,22/07/2026,MIDDAY
12299,12,13,21,29,33,23/07/2026,EVENING
12300,1,9,19,21,27,23/07/2026,MIDDAY
12301,1,10,22,25,35,24/07/2026,EVENING
12302,1,20,22,28,35,24/07/2026,MIDDAY
12303,2,10,16,18,28,25/07/2026,EVENING
12304,4,8,14,15,28,25/07/2026,MIDDAY
12305,1,11,17,27,35,26/07/2026,EVENING
12306,5,10,21,27,35,26/07/2026,MIDDAY
12307,2,13,18,30,34,27/07/2026,EVENING
12308,1,3,17,24,26,27/07/2026,MIDDAY
12309,4,5,19,32,33,28/07/2026,EVENING
12310,1,4,10,21,30,28/07/2026,MIDDAY
12311,16,22,23,25,28,29/07/2026,EVENING
12312,3,6,15,27,29,29/07/2026,MIDDAY
12313,1,5,9,15,28,30/07/2026,EVENING
12314,2,9,21,22,27,30/07/2026,MIDDAY
12315,4,13,19,35,36,31/07/2026,EVENING
12316,3,11,19,20,22,31/07/2026,MIDDAY
12317,3,26,27,34,35,01/08/2026,EVENING
12318,14,18,30,32,34,01/08/2026,MIDDAY
12319,6,9,19,20,22,02/08/2026,EVENING
12320,7,15,20,23,32,02/08/2026,MIDDAY
12321,4,5,6,18,36,03/08/2026,EVENING
12322,9,10,24,25,31,03/08/2026,MIDDAY
12323,3,4,15,19,25,04/08/2026,EVENING
12324,9,11,21,30,35,04/08/2026,MIDDAY
12325,3,8,13,26,33,05/08/2026,EVENING
12326,3,6,24,27,34,05/08/2026,MIDDAY
12327,17,20,24,34,36,06/08/2026,EVENING
12328,1,5,14,16,32,06/08/2026,MIDDAY
12329,7,13,22,24,33,07/08/2026,EVENING
12330,21,23,29,32,34,07/08/2026,MIDDAY
12331,2,10,15,16,32,08/08/2026,EVENING
12332,4,6,10,19,21,08/08/2026,MIDDAY
12333,9,14,24,27,28,09/08/2026,EVENING
12334,4,7,22,24,26,09/08/2026,MIDDAY
12335,7,9,11,17,32,10/08/2026,EVENING
12336,3,5,20,30,34,10/08/2026,MIDDAY
12337,13,21,30,33,35,11/08/2026,EVENING
12338,4,10,19,25,28,11/08/2026,MIDDAY
12339,8,22,24,26,32,12/08/2026,EVENING
12340,3,5,16,34,35,12/08/2026,MIDDAY
12341,7,14,24,29,31,13/08/2026,EVENING
12342,8,26,28,29,35,13/08/2026,MIDDAY
12343,1,3,6,7,15,14/08/2026,EVENING
12344,5,14,16,32,34,14/08/2026,MIDDAY
12345,6,14,19,22,24,15/08/2026,EVENING
12346,12,15,16,28,36,15/08/2026,MIDDAY
12347,17,19,23,26,34,16/08/2026,EVENING
12348,1,3,6,12,27,16/08/2026,MIDDAY
12349,1,7,15,20,31,17/08/2026,EVENING
12350,5,16,21,24,34,17/08/2026,MIDDAY
12351,8,10,11,13,30,18/08/2026,EVENING
12352,1,11,22,24,28,18/08/2026,MIDDAY
12353,3,6,10,20,36,19/08/2026,EVENING
12354,3,17,34,35,36,19/08/2026,MIDDAY
12355,3,4,19,20,28,20/08/2026,EVENING
12356,6,12,14,18,20,20/08/2026,MIDDAY
12357,6,8,17,21,30,21/08/2026,EVENING
12358,3,14,17,27,32,21/08/2026,MIDDAY
12359,1,7,9,17,24,22/08/2026,EVENING
12360,9,18,19,23,26,22/08/2026,MIDDAY
12361,4,5,6,15,28,23/08/2026,EVENING
12362,16,17,24,25,29,23/08/2026,MIDDAY
12363,9,11,20,32,35,24/08/2026,EVENING
12364,3,5,7,13,17,24/08/2026,MIDDAY
12365,10,13,14,20,26,25/08/2026,EVENING
12367,2,3,10,13,20,26/08/2026,MIDDAY
12368,5,7,8,19,21,26/08/2026,EVENING
12369,2,17,21,24,32,27/08/2026,MIDDAY
12370,3,11,18,24,30,27/08/2026,EVENING
12371,8,20,22,23,29,28/08/2026,MIDDAY
12372,14,16,20,22,28,28/08/2026,EVENING
12373,11,19,21,29,35,29/08/2026,MIDDAY
12374,8,10,16,20,32,29/08/2026,EVENING
12375,4,8,18,22,31,30/08/2026,MIDDAY
12376,7,11,23,26,29,30/08/2026,EVENING
12377,3,5,6,18,32,31/08/2026,MIDDAY
12378,3,5,6,18,32,31/08/2026,EVENING
12379,17,20,22,35,36,01/09/2026,MIDDAY
12380,6,20,23,27,30,01/09/2026,EVENING
12381,4,6,13,19,34,02/09/2026,MIDDAY
12382,12,20,23,30,33,02/09/2026,EVENING
12383,4,16,17,25,27,03/09/2026,EVENING
12384,2,14,23,24,30,03/09/2026,MIDDAY
12385,7,17,26,30,31,04/09/2026,MIDDAY
12386,5,9,21,22,30,04/09/2026,EVENING
12387,1,4,6,12,30,05/09/2026,MIDDAY
12388,3,13,15,17,36,05/09/2026,EVENING
